location,target_end_date,obs_value,log_obs_value
02,2024-11-09,14,2.70805020110221
02,2024-11-16,11,2.4849066497880004
02,2024-11-23,10,2.3978952727983707
02,2024-11-30,6,1.9459101490553132
02,2024-12-07,18,2.9444389791664403
02,2024-12-14,10,2.3978952727983707
02,2024-12-21,12,2.5649493574615367
02,2024-12-28,18,2.9444389791664403
02,2025-01-04,8,2.1972245773362196
02,2025-01-11,19,2.995732273553991
02,2025-01-18,8,2.1972245773362196
02,2025-01-25,9,2.302585092994046
02,2025-02-01,10,2.3978952727983707
02,2025-02-08,10,2.3978952727983707
02,2025-02-15,15,2.772588722239781
02,2025-02-22,12,2.5649493574615367
02,2025-03-01,21,3.091042453358316
02,2025-03-08,19,2.995732273553991
02,2025-03-15,20,3.044522437723423
02,2025-03-22,13,2.6390573296152584
02,2025-03-29,12,2.5649493574615367
02,2025-04-05,9,2.302585092994046
02,2025-04-12,4,1.6094379124341003
02,2025-04-19,10,2.3978952727983707
02,2025-04-26,7,2.0794415416798357
02,2025-05-03,10,2.3978952727983707
02,2025-05-10,9,2.302585092994046
02,2025-05-17,7,2.0794415416798357
02,2025-05-24,11,2.4849066497880004
02,2025-05-31,10,2.3978952727983707
02,2025-06-07,12,2.5649493574615367
02,2025-06-14,15,2.772588722239781
02,2025-06-21,13,2.6390573296152584
02,2025-06-28,12,2.5649493574615367
02,2025-07-05,12,2.5649493574615367
02,2025-07-12,5,1.791759469228055
02,2025-07-19,16,2.833213344056216
02,2025-07-26,11,2.4849066497880004
02,2025-08-02,18,2.9444389791664403
02,2025-08-09,9,2.302585092994046
02,2025-08-16,10,2.3978952727983707
02,2025-08-23,14,2.70805020110221
02,2025-08-30,16,2.833213344056216
02,2025-09-06,21,3.091042453358316
02,2025-09-13,20,3.044522437723423
02,2025-09-20,15,2.772588722239781
02,2025-09-27,14,2.70805020110221
02,2025-10-04,5,1.791759469228055
02,2025-10-11,4,1.6094379124341003
02,2025-10-18,5,1.791759469228055
02,2025-10-25,2,1.0986122886681098
02,2025-11-01,10,2.3978952727983707
02,2025-11-08,18,2.9444389791664403
02,2025-11-15,5,1.791759469228055
02,2025-11-22,5,1.791759469228055
02,2025-11-29,2,1.0986122886681098
02,2025-12-06,5,1.791759469228055
02,2025-12-13,9,2.302585092994046
02,2025-12-20,4,1.6094379124341003
02,2025-12-27,8,2.1972245773362196
02,2026-01-03,9,2.302585092994046
01,2024-11-09,115,4.7535901911063645
01,2024-11-16,82,4.418840607796598
01,2024-11-23,71,4.276666119016055
01,2024-11-30,90,4.51085950651685
01,2024-12-07,100,4.61512051684126
01,2024-12-14,111,4.718498871295094
01,2024-12-21,149,5.0106352940962555
01,2024-12-28,215,5.375278407684165
01,2025-01-04,220,5.3981627015177525
01,2025-01-11,215,5.375278407684165
01,2025-01-18,192,5.262690188904886
01,2025-01-25,178,5.187385805840755
01,2025-02-01,212,5.3612921657094255
01,2025-02-08,227,5.429345628954441
01,2025-02-15,224,5.41610040220442
01,2025-02-22,186,5.231108616854587
01,2025-03-01,209,5.3471075307174685
01,2025-03-08,238,5.476463551931511
01,2025-03-15,245,5.5053315359323625
01,2025-03-22,232,5.4510384535657
01,2025-03-29,195,5.278114659230517
01,2025-04-05,139,4.941642422609304
01,2025-04-12,118,4.77912349311153
01,2025-04-19,103,4.6443908991413725
01,2025-04-26,84,4.442651256490317
01,2025-05-03,87,4.477336814478207
01,2025-05-10,65,4.189654742026425
01,2025-05-17,83,4.430816798843313
01,2025-05-24,66,4.204692619390966
01,2025-05-31,58,4.07753744390572
01,2025-06-07,60,4.110873864173311
01,2025-06-14,60,4.110873864173311
01,2025-06-21,49,3.912023005428146
01,2025-06-28,66,4.204692619390966
01,2025-07-05,61,4.127134385045092
01,2025-07-12,58,4.07753744390572
01,2025-07-19,69,4.248495242049359
01,2025-07-26,70,4.2626798770413155
01,2025-08-02,111,4.718498871295094
01,2025-08-09,133,4.897839799950911
01,2025-08-16,142,4.962844630259907
01,2025-08-23,208,5.342334251964811
01,2025-08-30,199,5.298317366548036
01,2025-09-06,241,5.488937726156687
01,2025-09-13,199,5.298317366548036
01,2025-09-20,147,4.997212273764115
01,2025-09-27,117,4.770684624465665
01,2025-10-04,86,4.465908118654584
01,2025-10-11,68,4.23410650459726
01,2025-10-18,71,4.276666119016055
01,2025-10-25,49,3.912023005428146
01,2025-11-01,51,3.9512437185814275
01,2025-11-08,45,3.828641396489095
01,2025-11-15,54,4.007333185232471
01,2025-11-22,60,4.110873864173311
01,2025-11-29,55,4.02535169073515
01,2025-12-06,61,4.127134385045092
01,2025-12-13,74,4.31748811353631
01,2025-12-20,92,4.532599493153256
01,2025-12-27,107,4.68213122712422
01,2026-01-03,145,4.983606621708336
05,2024-11-09,60,4.110873864173311
05,2024-11-16,46,3.8501476017100584
05,2024-11-23,53,3.9889840465642745
05,2024-11-30,64,4.174387269895637
05,2024-12-07,66,4.204692619390966
05,2024-12-14,61,4.127134385045092
05,2024-12-21,83,4.430816798843313
05,2024-12-28,125,4.836281906951478
05,2025-01-04,154,5.043425116919247
05,2025-01-11,105,4.663439094112067
05,2025-01-18,109,4.700480365792417
05,2025-01-25,105,4.663439094112067
05,2025-02-01,112,4.727387818712341
05,2025-02-08,130,4.875197323201151
05,2025-02-15,111,4.718498871295094
05,2025-02-22,97,4.584967478670572
05,2025-03-01,117,4.770684624465665
05,2025-03-08,114,4.74493212836325
05,2025-03-15,105,4.663439094112067
05,2025-03-22,61,4.127134385045092
05,2025-03-29,77,4.356708826689592
05,2025-04-05,54,4.007333185232471
05,2025-04-12,41,3.7376696182833684
05,2025-04-19,33,3.5263605246161616
05,2025-04-26,25,3.258096538021482
05,2025-05-03,28,3.367295829986474
05,2025-05-10,14,2.70805020110221
05,2025-05-17,25,3.258096538021482
05,2025-05-24,22,3.1354942159291497
05,2025-05-31,15,2.772588722239781
05,2025-06-07,20,3.044522437723423
05,2025-06-14,14,2.70805020110221
05,2025-06-21,18,2.9444389791664403
05,2025-06-28,19,2.995732273553991
05,2025-07-05,14,2.70805020110221
05,2025-07-12,14,2.70805020110221
05,2025-07-19,19,2.995732273553991
05,2025-07-26,20,3.044522437723423
05,2025-08-02,14,2.70805020110221
05,2025-08-09,15,2.772588722239781
05,2025-08-16,26,3.295836866004329
05,2025-08-23,33,3.5263605246161616
05,2025-08-30,43,3.784189633918261
05,2025-09-06,47,3.871201010907891
05,2025-09-13,75,4.330733340286331
05,2025-09-20,47,3.871201010907891
05,2025-09-27,34,3.5553480614894135
05,2025-10-04,41,3.7376696182833684
05,2025-10-11,37,3.6375861597263857
05,2025-10-18,39,3.6888794541139363
05,2025-10-25,29,3.4011973816621555
05,2025-11-01,31,3.4657359027997265
05,2025-11-08,26,3.295836866004329
05,2025-11-15,26,3.295836866004329
05,2025-11-22,39,3.6888794541139363
05,2025-11-29,23,3.1780538303479458
05,2025-12-06,32,3.4965075614664802
05,2025-12-13,31,3.4657359027997265
05,2025-12-20,33,3.5263605246161616
05,2025-12-27,78,4.3694478524670215
05,2026-01-03,72,4.290459441148391
04,2024-11-09,532,6.278521424165844
04,2024-11-16,688,6.535241271013659
04,2024-11-23,787,6.669498089857879
04,2024-11-30,757,6.630683385642372
04,2024-12-07,858,6.755768921984255
04,2024-12-14,763,6.638567789166521
04,2024-12-21,771,6.648984550024776
04,2024-12-28,795,6.679599185844383
04,2025-01-04,729,6.593044534142437
04,2025-01-11,491,6.198478716492308
04,2025-01-18,452,6.115892125483034
04,2025-01-25,312,5.746203190540153
04,2025-02-01,411,6.021023349349527
04,2025-02-08,317,5.762051382780177
04,2025-02-15,324,5.783825182329737
04,2025-02-22,271,5.605802066295998
04,2025-03-01,279,5.634789603169249
04,2025-03-08,227,5.429345628954441
04,2025-03-15,179,5.19295685089021
04,2025-03-22,199,5.298317366548036
04,2025-03-29,191,5.2574953720277815
04,2025-04-05,178,5.187385805840755
04,2025-04-12,136,4.919980925828125
04,2025-04-19,145,4.983606621708336
04,2025-04-26,118,4.77912349311153
04,2025-05-03,77,4.356708826689592
04,2025-05-10,77,4.356708826689592
04,2025-05-17,88,4.48863636973214
04,2025-05-24,78,4.3694478524670215
04,2025-05-31,79,4.382026634673881
04,2025-06-07,79,4.382026634673881
04,2025-06-14,67,4.219507705176107
04,2025-06-21,80,4.394449154672439
04,2025-06-28,81,4.406719247264253
04,2025-07-05,78,4.3694478524670215
04,2025-07-12,76,4.343805421853684
04,2025-07-19,80,4.394449154672439
04,2025-07-26,79,4.382026634673881
04,2025-08-02,93,4.543294782270004
04,2025-08-09,114,4.74493212836325
04,2025-08-16,127,4.852030263919617
04,2025-08-23,162,5.093750200806762
04,2025-08-30,192,5.262690188904886
04,2025-09-06,155,5.049856007249537
04,2025-09-13,138,4.9344739331306915
04,2025-09-20,140,4.948759890378168
04,2025-09-27,120,4.795790545596741
04,2025-10-04,106,4.672828834461906
04,2025-10-11,91,4.5217885770490405
04,2025-10-18,88,4.48863636973214
04,2025-10-25,83,4.430816798843313
04,2025-11-01,90,4.51085950651685
04,2025-11-08,76,4.343805421853684
04,2025-11-15,80,4.394449154672439
04,2025-11-22,93,4.543294782270004
04,2025-11-29,82,4.418840607796598
04,2025-12-06,58,4.07753744390572
04,2025-12-13,71,4.276666119016055
04,2025-12-20,82,4.418840607796598
04,2025-12-27,96,4.574710978503383
04,2026-01-03,81,4.406719247264253
06,2024-11-09,643,6.467698726104354
06,2024-11-16,715,6.573680166960646
06,2024-11-23,689,6.536691597591305
06,2024-11-30,703,6.556778356158042
06,2024-12-07,781,6.661854740545311
06,2024-12-14,763,6.638567789166521
06,2024-12-21,863,6.761572768804055
06,2024-12-28,976,6.884486652042782
06,2025-01-04,1067,6.97354301952014
06,2025-01-11,977,6.885509670034818
06,2025-01-18,973,6.881411303642535
06,2025-01-25,952,6.859614903654202
06,2025-02-01,1028,6.9363427358340495
06,2025-02-08,942,6.849066282633458
06,2025-02-15,891,6.79346613258001
06,2025-02-22,737,6.6039438246004725
06,2025-03-01,694,6.543911845564792
06,2025-03-08,636,6.456769655572163
06,2025-03-15,609,6.413458957167357
06,2025-03-22,609,6.413458957167357
06,2025-03-29,598,6.395261598115449
06,2025-04-05,527,6.269096283706261
06,2025-04-12,625,6.439350371100098
06,2025-04-19,543,6.298949246855942
06,2025-04-26,550,6.311734809152915
06,2025-05-03,483,6.182084906716632
06,2025-05-10,512,6.240275845170769
06,2025-05-17,514,6.244166900663736
06,2025-05-24,595,6.39024066706535
06,2025-05-31,625,6.439350371100098
06,2025-06-07,623,6.436150368369428
06,2025-06-14,552,6.315358001522335
06,2025-06-21,580,6.364750756851911
06,2025-06-28,588,6.3784261836515865
06,2025-07-05,631,6.448889394146858
06,2025-07-12,686,6.532334292222349
06,2025-07-19,746,6.616065185132817
06,2025-07-26,757,6.630683385642372
06,2025-08-02,944,6.851184927493743
06,2025-08-09,1063,6.96979066990159
06,2025-08-16,1220,7.107425474110705
06,2025-08-23,1535,7.336936913707618
06,2025-08-30,1637,7.401231264413015
06,2025-09-06,1722,7.45182223652793
06,2025-09-13,1664,7.417580402414544
06,2025-09-20,1369,7.222566018822171
06,2025-09-27,1195,7.086737934510577
06,2025-10-04,1017,6.925595197110468
06,2025-10-11,786,6.668228248417403
06,2025-10-18,607,6.410174881966167
06,2025-10-25,510,6.236369590203704
06,2025-11-01,467,6.148468295917647
06,2025-11-08,381,5.945420608606575
06,2025-11-15,293,5.683579767338681
06,2025-11-22,302,5.713732805509369
06,2025-11-29,241,5.488937726156687
06,2025-12-06,267,5.5909869805108565
06,2025-12-13,292,5.680172609017068
06,2025-12-20,316,5.75890177387728
06,2025-12-27,343,5.840641657373398
06,2026-01-03,335,5.817111159963204
08,2024-11-09,145,4.983606621708336
08,2024-11-16,163,5.099866427824199
08,2024-11-23,153,5.0369526024136295
08,2024-11-30,171,5.147494476813453
08,2024-12-07,183,5.214935757608986
08,2024-12-14,173,5.159055299214529
08,2024-12-21,231,5.44673737166631
08,2024-12-28,290,5.673323267171493
08,2025-01-04,335,5.817111159963204
08,2025-01-11,236,5.4680601411351315
08,2025-01-18,172,5.153291594497779
08,2025-01-25,166,5.117993812416755
08,2025-02-01,153,5.0369526024136295
08,2025-02-08,135,4.912654885736052
08,2025-02-15,131,4.882801922586371
08,2025-02-22,107,4.68213122712422
08,2025-03-01,81,4.406719247264253
08,2025-03-08,96,4.574710978503383
08,2025-03-15,104,4.653960350157523
08,2025-03-22,79,4.382026634673881
08,2025-03-29,72,4.290459441148391
08,2025-04-05,65,4.189654742026425
08,2025-04-12,64,4.174387269895637
08,2025-04-19,56,4.04305126783455
08,2025-04-26,38,3.6635616461296463
08,2025-05-03,42,3.7612001156935624
08,2025-05-10,26,3.295836866004329
08,2025-05-17,51,3.9512437185814275
08,2025-05-24,44,3.8066624897703196
08,2025-05-31,41,3.7376696182833684
08,2025-06-07,43,3.784189633918261
08,2025-06-14,32,3.4965075614664802
08,2025-06-21,44,3.8066624897703196
08,2025-06-28,31,3.4657359027997265
08,2025-07-05,30,3.4339872044851463
08,2025-07-12,32,3.4965075614664802
08,2025-07-19,47,3.871201010907891
08,2025-07-26,39,3.6888794541139363
08,2025-08-02,54,4.007333185232471
08,2025-08-09,71,4.276666119016055
08,2025-08-16,85,4.454347296253507
08,2025-08-23,103,4.6443908991413725
08,2025-08-30,98,4.59511985013459
08,2025-09-06,103,4.6443908991413725
08,2025-09-13,102,4.634728988229636
08,2025-09-20,111,4.718498871295094
08,2025-09-27,89,4.499809670330265
08,2025-10-04,73,4.30406509320417
08,2025-10-11,55,4.02535169073515
08,2025-10-18,51,3.9512437185814275
08,2025-10-25,48,3.8918202981106265
08,2025-11-01,27,3.332204510175204
08,2025-11-08,31,3.4657359027997265
08,2025-11-15,35,3.58351893845611
08,2025-11-22,46,3.8501476017100584
08,2025-11-29,47,3.871201010907891
08,2025-12-06,68,4.23410650459726
08,2025-12-13,66,4.204692619390966
08,2025-12-20,92,4.532599493153256
08,2025-12-27,100,4.61512051684126
08,2026-01-03,127,4.852030263919617
09,2024-11-09,82,4.418840607796598
09,2024-11-16,70,4.2626798770413155
09,2024-11-23,82,4.418840607796598
09,2024-11-30,69,4.248495242049359
09,2024-12-07,96,4.574710978503383
09,2024-12-14,101,4.624972813284271
09,2024-12-21,102,4.634728988229636
09,2024-12-28,160,5.081404364984463
09,2025-01-04,244,5.501258210544727
09,2025-01-11,232,5.4510384535657
09,2025-01-18,197,5.288267030694535
09,2025-01-25,160,5.081404364984463
09,2025-02-01,196,5.2832037287379885
09,2025-02-08,166,5.117993812416755
09,2025-02-15,149,5.0106352940962555
09,2025-02-22,134,4.90527477843843
09,2025-03-01,118,4.77912349311153
09,2025-03-08,84,4.442651256490317
09,2025-03-15,78,4.3694478524670215
09,2025-03-22,79,4.382026634673881
09,2025-03-29,73,4.30406509320417
09,2025-04-05,65,4.189654742026425
09,2025-04-12,64,4.174387269895637
09,2025-04-19,60,4.110873864173311
09,2025-04-26,98,4.59511985013459
09,2025-05-03,60,4.110873864173311
09,2025-05-10,50,3.9318256327243257
09,2025-05-17,42,3.7612001156935624
09,2025-05-24,27,3.332204510175204
09,2025-05-31,30,3.4339872044851463
09,2025-06-07,35,3.58351893845611
09,2025-06-14,26,3.295836866004329
09,2025-06-21,29,3.4011973816621555
09,2025-06-28,35,3.58351893845611
09,2025-07-05,29,3.4011973816621555
09,2025-07-12,32,3.4965075614664802
09,2025-07-19,13,2.6390573296152584
09,2025-07-26,24,3.2188758248682006
09,2025-08-02,34,3.5553480614894135
09,2025-08-09,46,3.8501476017100584
09,2025-08-16,43,3.784189633918261
09,2025-08-23,53,3.9889840465642745
09,2025-08-30,71,4.276666119016055
09,2025-09-06,53,3.9889840465642745
09,2025-09-13,54,4.007333185232471
09,2025-09-20,92,4.532599493153256
09,2025-09-27,90,4.51085950651685
09,2025-10-04,61,4.127134385045092
09,2025-10-11,65,4.189654742026425
09,2025-10-18,50,3.9318256327243257
09,2025-10-25,40,3.713572066704308
09,2025-11-01,38,3.6635616461296463
09,2025-11-08,49,3.912023005428146
09,2025-11-15,34,3.5553480614894135
09,2025-11-22,42,3.7612001156935624
09,2025-11-29,55,4.02535169073515
09,2025-12-06,64,4.174387269895637
09,2025-12-13,90,4.51085950651685
09,2025-12-20,105,4.663439094112067
09,2025-12-27,137,4.927253685157205
09,2026-01-03,154,5.043425116919247
11,2024-11-09,9,2.302585092994046
11,2024-11-16,6,1.9459101490553132
11,2024-11-23,19,2.995732273553991
11,2024-11-30,10,2.3978952727983707
11,2024-12-07,13,2.6390573296152584
11,2024-12-14,16,2.833213344056216
11,2024-12-21,21,3.091042453358316
11,2024-12-28,24,3.2188758248682006
11,2025-01-04,25,3.258096538021482
11,2025-01-11,29,3.4011973816621555
11,2025-01-18,27,3.332204510175204
11,2025-01-25,29,3.4011973816621555
11,2025-02-01,30,3.4339872044851463
11,2025-02-08,26,3.295836866004329
11,2025-02-15,13,2.6390573296152584
11,2025-02-22,26,3.295836866004329
11,2025-03-01,39,3.6888794541139363
11,2025-03-08,17,2.8903717578961645
11,2025-03-15,21,3.091042453358316
11,2025-03-22,19,2.995732273553991
11,2025-03-29,22,3.1354942159291497
11,2025-04-05,18,2.9444389791664403
11,2025-04-12,18,2.9444389791664403
11,2025-04-19,8,2.1972245773362196
11,2025-04-26,7,2.0794415416798357
11,2025-05-03,8,2.1972245773362196
11,2025-05-10,12,2.5649493574615367
11,2025-05-17,4,1.6094379124341003
11,2025-05-24,4,1.6094379124341003
11,2025-05-31,9,2.302585092994046
11,2025-06-07,11,2.4849066497880004
11,2025-06-14,10,2.3978952727983707
11,2025-06-21,6,1.9459101490553132
11,2025-06-28,4,1.6094379124341003
11,2025-07-05,6,1.9459101490553132
11,2025-07-12,6,1.9459101490553132
11,2025-07-19,6,1.9459101490553132
11,2025-07-26,4,1.6094379124341003
11,2025-08-02,13,2.6390573296152584
11,2025-08-09,14,2.70805020110221
11,2025-08-16,27,3.332204510175204
11,2025-08-23,31,3.4657359027997265
11,2025-08-30,37,3.6375861597263857
11,2025-09-06,33,3.5263605246161616
11,2025-09-13,29,3.4011973816621555
11,2025-09-20,29,3.4011973816621555
11,2025-09-27,16,2.833213344056216
11,2025-10-04,12,2.5649493574615367
11,2025-10-11,9,2.302585092994046
11,2025-10-18,8,2.1972245773362196
11,2025-10-25,5,1.791759469228055
11,2025-11-01,7,2.0794415416798357
11,2025-11-08,1,0.6931471805599453
11,2025-11-15,9,2.302585092994046
11,2025-11-22,2,1.0986122886681098
11,2025-11-29,6,1.9459101490553132
11,2025-12-06,6,1.9459101490553132
11,2025-12-13,4,1.6094379124341003
11,2025-12-20,3,1.3862943611198906
11,2025-12-27,12,2.5649493574615367
11,2026-01-03,18,2.9444389791664403
10,2024-11-09,20,3.044522437723423
10,2024-11-16,18,2.9444389791664403
10,2024-11-23,20,3.044522437723423
10,2024-11-30,26,3.295836866004329
10,2024-12-07,24,3.2188758248682006
10,2024-12-14,25,3.258096538021482
10,2024-12-21,42,3.7612001156935624
10,2024-12-28,48,3.8918202981106265
10,2025-01-04,80,4.394449154672439
10,2025-01-11,56,4.04305126783455
10,2025-01-18,56,4.04305126783455
10,2025-01-25,34,3.5553480614894135
10,2025-02-01,44,3.8066624897703196
10,2025-02-08,52,3.970291913552122
10,2025-02-15,42,3.7612001156935624
10,2025-02-22,38,3.6635616461296463
10,2025-03-01,33,3.5263605246161616
10,2025-03-08,43,3.784189633918261
10,2025-03-15,43,3.784189633918261
10,2025-03-22,30,3.4339872044851463
10,2025-03-29,24,3.2188758248682006
10,2025-04-05,23,3.1780538303479458
10,2025-04-12,24,3.2188758248682006
10,2025-04-19,15,2.772588722239781
10,2025-04-26,16,2.833213344056216
10,2025-05-03,10,2.3978952727983707
10,2025-05-10,12,2.5649493574615367
10,2025-05-17,7,2.0794415416798357
10,2025-05-24,7,2.0794415416798357
10,2025-05-31,10,2.3978952727983707
10,2025-06-07,9,2.302585092994046
10,2025-06-14,8,2.1972245773362196
10,2025-06-21,8,2.1972245773362196
10,2025-06-28,9,2.302585092994046
10,2025-07-05,2,1.0986122886681098
10,2025-07-12,5,1.791759469228055
10,2025-07-19,7,2.0794415416798357
10,2025-07-26,8,2.1972245773362196
10,2025-08-02,12,2.5649493574615367
10,2025-08-09,33,3.5263605246161616
10,2025-08-16,20,3.044522437723423
10,2025-08-23,21,3.091042453358316
10,2025-08-30,23,3.1780538303479458
10,2025-09-06,24,3.2188758248682006
10,2025-09-13,25,3.258096538021482
10,2025-09-20,42,3.7612001156935624
10,2025-09-27,27,3.332204510175204
10,2025-10-04,21,3.091042453358316
10,2025-10-11,18,2.9444389791664403
10,2025-10-18,14,2.70805020110221
10,2025-10-25,5,1.791759469228055
10,2025-11-01,19,2.995732273553991
10,2025-11-08,15,2.772588722239781
10,2025-11-15,20,3.044522437723423
10,2025-11-22,15,2.772588722239781
10,2025-11-29,15,2.772588722239781
10,2025-12-06,12,2.5649493574615367
10,2025-12-13,18,2.9444389791664403
10,2025-12-20,28,3.367295829986474
10,2025-12-27,23,3.1780538303479458
10,2026-01-03,25,3.258096538021482
12,2024-11-09,428,6.061456918928017
12,2024-11-16,360,5.8888779583328805
12,2024-11-23,299,5.703782474656201
12,2024-11-30,320,5.771441123130016
12,2024-12-07,305,5.723585101952381
12,2024-12-14,338,5.82600010738045
12,2024-12-21,399,5.991464547107982
12,2024-12-28,442,6.093569770045136
12,2025-01-04,648,6.47543271670409
12,2025-01-11,587,6.376726947898627
12,2025-01-18,553,6.317164686747284
12,2025-01-25,627,6.4425401664681985
12,2025-02-01,635,6.455198563340122
12,2025-02-08,612,6.418364935936212
12,2025-02-15,526,6.267200548541362
12,2025-02-22,491,6.198478716492308
12,2025-03-01,469,6.152732694704104
12,2025-03-08,412,6.023447592961033
12,2025-03-15,463,6.139884552226255
12,2025-03-22,397,5.986452005284438
12,2025-03-29,408,6.013715156042802
12,2025-04-05,372,5.921578419643816
12,2025-04-12,315,5.755742213586912
12,2025-04-19,320,5.771441123130016
12,2025-04-26,332,5.808142489980444
12,2025-05-03,324,5.783825182329737
12,2025-05-10,336,5.820082930352362
12,2025-05-17,321,5.7745515455444085
12,2025-05-24,338,5.82600010738045
12,2025-05-31,384,5.953243334287785
12,2025-06-07,420,6.042632833682381
12,2025-06-14,517,6.249975242259483
12,2025-06-21,636,6.456769655572163
12,2025-06-28,702,6.555356891810665
12,2025-07-05,789,6.672032945461067
12,2025-07-12,880,6.78105762593618
12,2025-07-19,949,6.856461984594587
12,2025-07-26,1114,7.016609683894219
12,2025-08-02,1205,7.095064377287131
12,2025-08-09,1213,7.101675971619444
12,2025-08-16,1332,7.195187320178709
12,2025-08-23,1406,7.249215057114389
12,2025-08-30,1533,7.335633981927201
12,2025-09-06,1430,7.266128779556451
12,2025-09-13,1261,7.140453043101158
12,2025-09-20,1025,6.933423025730715
12,2025-09-27,741,6.60934924316738
12,2025-10-04,554,6.318968113746434
12,2025-10-11,394,5.978885764901122
12,2025-10-18,316,5.75890177387728
12,2025-10-25,271,5.605802066295998
12,2025-11-01,215,5.375278407684165
12,2025-11-08,214,5.3706380281276624
12,2025-11-15,198,5.293304824724492
12,2025-11-22,158,5.0689042022202315
12,2025-11-29,168,5.1298987149230735
12,2025-12-06,163,5.099866427824199
12,2025-12-13,150,5.017279836814924
12,2025-12-20,204,5.3230099791384085
12,2025-12-27,193,5.267858159063328
12,2026-01-03,289,5.66988092298052
13,2024-11-09,89,4.499809670330265
13,2024-11-16,80,4.394449154672439
13,2024-11-23,76,4.343805421853684
13,2024-11-30,84,4.442651256490317
13,2024-12-07,114,4.74493212836325
13,2024-12-14,161,5.087596335232384
13,2024-12-21,173,5.159055299214529
13,2024-12-28,232,5.4510384535657
13,2025-01-04,302,5.713732805509369
13,2025-01-11,251,5.529429087511423
13,2025-01-18,257,5.552959584921617
13,2025-01-25,212,5.3612921657094255
13,2025-02-01,288,5.666426688112432
13,2025-02-08,312,5.746203190540153
13,2025-02-15,262,5.572154032177765
13,2025-02-22,254,5.541263545158426
13,2025-03-01,263,5.575949103146316
13,2025-03-08,279,5.634789603169249
13,2025-03-15,306,5.726847747587197
13,2025-03-22,279,5.634789603169249
13,2025-03-29,233,5.455321115357702
13,2025-04-05,199,5.298317366548036
13,2025-04-12,169,5.135798437050262
13,2025-04-19,151,5.0238805208462765
13,2025-04-26,160,5.081404364984463
13,2025-05-03,106,4.672828834461906
13,2025-05-10,107,4.68213122712422
13,2025-05-17,90,4.51085950651685
13,2025-05-24,82,4.418840607796598
13,2025-05-31,85,4.454347296253507
13,2025-06-07,76,4.343805421853684
13,2025-06-14,62,4.143134726391533
13,2025-06-21,83,4.430816798843313
13,2025-06-28,86,4.465908118654584
13,2025-07-05,85,4.454347296253507
13,2025-07-12,113,4.736198448394496
13,2025-07-19,119,4.787491742782046
13,2025-07-26,159,5.075173815233827
13,2025-08-02,183,5.214935757608986
13,2025-08-09,239,5.480638923341991
13,2025-08-16,301,5.71042701737487
13,2025-08-23,378,5.937536205082426
13,2025-08-30,386,5.958424693029782
13,2025-09-06,373,5.924255797414532
13,2025-09-13,295,5.69035945432406
13,2025-09-20,223,5.4116460518550396
13,2025-09-27,163,5.099866427824199
13,2025-10-04,110,4.709530201312334
13,2025-10-11,91,4.5217885770490405
13,2025-10-18,59,4.0943445622221
13,2025-10-25,61,4.127134385045092
13,2025-11-01,57,4.060443010546419
13,2025-11-08,63,4.1588830833596715
13,2025-11-15,53,3.9889840465642745
13,2025-11-22,53,3.9889840465642745
13,2025-11-29,56,4.04305126783455
13,2025-12-06,74,4.31748811353631
13,2025-12-13,64,4.174387269895637
13,2025-12-20,83,4.430816798843313
13,2025-12-27,117,4.770684624465665
13,2026-01-03,121,4.804021044733257
15,2024-11-09,22,3.1354942159291497
15,2024-11-16,20,3.044522437723423
15,2024-11-23,13,2.6390573296152584
15,2024-11-30,10,2.3978952727983707
15,2024-12-07,15,2.772588722239781
15,2024-12-14,13,2.6390573296152584
15,2024-12-21,13,2.6390573296152584
15,2024-12-28,9,2.302585092994046
15,2025-01-04,23,3.1780538303479458
15,2025-01-11,27,3.332204510175204
15,2025-01-18,18,2.9444389791664403
15,2025-01-25,12,2.5649493574615367
15,2025-02-01,10,2.3978952727983707
15,2025-02-08,13,2.6390573296152584
15,2025-02-15,10,2.3978952727983707
15,2025-02-22,16,2.833213344056216
15,2025-03-01,18,2.9444389791664403
15,2025-03-08,15,2.772588722239781
15,2025-03-15,8,2.1972245773362196
15,2025-03-22,17,2.8903717578961645
15,2025-03-29,13,2.6390573296152584
15,2025-04-05,14,2.70805020110221
15,2025-04-12,12,2.5649493574615367
15,2025-04-19,18,2.9444389791664403
15,2025-04-26,21,3.091042453358316
15,2025-05-03,18,2.9444389791664403
15,2025-05-10,27,3.332204510175204
15,2025-05-17,32,3.4965075614664802
15,2025-05-24,32,3.4965075614664802
15,2025-05-31,24,3.2188758248682006
15,2025-06-07,21,3.091042453358316
15,2025-06-14,21,3.091042453358316
15,2025-06-21,36,3.6109179126442243
15,2025-06-28,23,3.1780538303479458
15,2025-07-05,36,3.6109179126442243
15,2025-07-12,38,3.6635616461296463
15,2025-07-19,59,4.0943445622221
15,2025-07-26,55,4.02535169073515
15,2025-08-02,82,4.418840607796598
15,2025-08-09,75,4.330733340286331
15,2025-08-16,91,4.5217885770490405
15,2025-08-23,74,4.31748811353631
15,2025-08-30,86,4.465908118654584
15,2025-09-06,63,4.1588830833596715
15,2025-09-13,65,4.189654742026425
15,2025-09-20,41,3.7376696182833684
15,2025-09-27,24,3.2188758248682006
15,2025-10-04,26,3.295836866004329
15,2025-10-11,19,2.995732273553991
15,2025-10-18,17,2.8903717578961645
15,2025-10-25,12,2.5649493574615367
15,2025-11-01,9,2.302585092994046
15,2025-11-08,10,2.3978952727983707
15,2025-11-15,7,2.0794415416798357
15,2025-11-22,2,1.0986122886681098
15,2025-11-29,3,1.3862943611198906
15,2025-12-06,6,1.9459101490553132
15,2025-12-13,7,2.0794415416798357
15,2025-12-20,4,1.6094379124341003
15,2025-12-27,2,1.0986122886681098
15,2026-01-03,3,1.3862943611198906
19,2024-11-09,50,3.9318256327243257
19,2024-11-16,43,3.784189633918261
19,2024-11-23,58,4.07753744390572
19,2024-11-30,54,4.007333185232471
19,2024-12-07,89,4.499809670330265
19,2024-12-14,84,4.442651256490317
19,2024-12-21,87,4.477336814478207
19,2024-12-28,127,4.852030263919617
19,2025-01-04,179,5.19295685089021
19,2025-01-11,163,5.099866427824199
19,2025-01-18,150,5.017279836814924
19,2025-01-25,163,5.099866427824199
19,2025-02-01,131,4.882801922586371
19,2025-02-08,121,4.804021044733257
19,2025-02-15,118,4.77912349311153
19,2025-02-22,89,4.499809670330265
19,2025-03-01,74,4.31748811353631
19,2025-03-08,74,4.31748811353631
19,2025-03-15,51,3.9512437185814275
19,2025-03-22,47,3.871201010907891
19,2025-03-29,55,4.02535169073515
19,2025-04-05,42,3.7612001156935624
19,2025-04-12,26,3.295836866004329
19,2025-04-19,34,3.5553480614894135
19,2025-04-26,47,3.871201010907891
19,2025-05-03,38,3.6635616461296463
19,2025-05-10,36,3.6109179126442243
19,2025-05-17,28,3.367295829986474
19,2025-05-24,21,3.091042453358316
19,2025-05-31,13,2.6390573296152584
19,2025-06-07,14,2.70805020110221
19,2025-06-14,11,2.4849066497880004
19,2025-06-21,19,2.995732273553991
19,2025-06-28,9,2.302585092994046
19,2025-07-05,6,1.9459101490553132
19,2025-07-12,10,2.3978952727983707
19,2025-07-19,16,2.833213344056216
19,2025-07-26,8,2.1972245773362196
19,2025-08-02,23,3.1780538303479458
19,2025-08-09,37,3.6375861597263857
19,2025-08-16,32,3.4965075614664802
19,2025-08-23,55,4.02535169073515
19,2025-08-30,54,4.007333185232471
19,2025-09-06,58,4.07753744390572
19,2025-09-13,71,4.276666119016055
19,2025-09-20,78,4.3694478524670215
19,2025-09-27,79,4.382026634673881
19,2025-10-04,58,4.07753744390572
19,2025-10-11,41,3.7376696182833684
19,2025-10-18,39,3.6888794541139363
19,2025-10-25,35,3.58351893845611
19,2025-11-01,27,3.332204510175204
19,2025-11-08,22,3.1354942159291497
19,2025-11-15,25,3.258096538021482
19,2025-11-22,18,2.9444389791664403
19,2025-11-29,23,3.1780538303479458
19,2025-12-06,49,3.912023005428146
19,2025-12-13,44,3.8066624897703196
19,2025-12-20,62,4.143134726391533
19,2025-12-27,95,4.564348191467836
19,2026-01-03,113,4.736198448394496
16,2024-11-09,35,3.58351893845611
16,2024-11-16,26,3.295836866004329
16,2024-11-23,22,3.1354942159291497
16,2024-11-30,27,3.332204510175204
16,2024-12-07,36,3.6109179126442243
16,2024-12-14,46,3.8501476017100584
16,2024-12-21,36,3.6109179126442243
16,2024-12-28,56,4.04305126783455
16,2025-01-04,63,4.1588830833596715
16,2025-01-11,47,3.871201010907891
16,2025-01-18,35,3.58351893845611
16,2025-01-25,31,3.4657359027997265
16,2025-02-01,26,3.295836866004329
16,2025-02-08,32,3.4965075614664802
16,2025-02-15,37,3.6375861597263857
16,2025-02-22,29,3.4011973816621555
16,2025-03-01,30,3.4339872044851463
16,2025-03-08,46,3.8501476017100584
16,2025-03-15,28,3.367295829986474
16,2025-03-22,27,3.332204510175204
16,2025-03-29,26,3.295836866004329
16,2025-04-05,32,3.4965075614664802
16,2025-04-12,20,3.044522437723423
16,2025-04-19,21,3.091042453358316
16,2025-04-26,25,3.258096538021482
16,2025-05-03,20,3.044522437723423
16,2025-05-10,31,3.4657359027997265
16,2025-05-17,30,3.4339872044851463
16,2025-05-24,23,3.1780538303479458
16,2025-05-31,18,2.9444389791664403
16,2025-06-07,11,2.4849066497880004
16,2025-06-14,18,2.9444389791664403
16,2025-06-21,16,2.833213344056216
16,2025-06-28,14,2.70805020110221
16,2025-07-05,16,2.833213344056216
16,2025-07-12,16,2.833213344056216
16,2025-07-19,24,3.2188758248682006
16,2025-07-26,13,2.6390573296152584
16,2025-08-02,24,3.2188758248682006
16,2025-08-09,20,3.044522437723423
16,2025-08-16,31,3.4657359027997265
16,2025-08-23,33,3.5263605246161616
16,2025-08-30,32,3.4965075614664802
16,2025-09-06,38,3.6635616461296463
16,2025-09-13,35,3.58351893845611
16,2025-09-20,46,3.8501476017100584
16,2025-09-27,29,3.4011973816621555
16,2025-10-04,22,3.1354942159291497
16,2025-10-11,23,3.1780538303479458
16,2025-10-18,35,3.58351893845611
16,2025-10-25,28,3.367295829986474
16,2025-11-01,14,2.70805020110221
16,2025-11-08,24,3.2188758248682006
16,2025-11-15,10,2.3978952727983707
16,2025-11-22,7,2.0794415416798357
16,2025-11-29,14,2.70805020110221
16,2025-12-06,21,3.091042453358316
16,2025-12-13,14,2.70805020110221
16,2025-12-20,20,3.044522437723423
16,2025-12-27,35,3.58351893845611
16,2026-01-03,21,3.091042453358316
17,2024-11-09,237,5.472270673671475
17,2024-11-16,228,5.43372200355424
17,2024-11-23,261,5.568344503761097
17,2024-11-30,274,5.616771097666572
17,2024-12-07,338,5.82600010738045
17,2024-12-14,449,6.1092475827643655
17,2024-12-21,562,6.333279628139691
17,2024-12-28,817,6.706862336602747
17,2025-01-04,1136,7.036148493750536
17,2025-01-11,820,6.710523109452428
17,2025-01-18,730,6.594413459749778
17,2025-01-25,631,6.448889394146858
17,2025-02-01,610,6.415096959171596
17,2025-02-08,646,6.472346294500901
17,2025-02-15,554,6.318968113746434
17,2025-02-22,546,6.304448802421981
17,2025-03-01,499,6.214608098422191
17,2025-03-08,468,6.150602768446279
17,2025-03-15,482,6.180016653652572
17,2025-03-22,365,5.902633333401366
17,2025-03-29,327,5.793013608384144
17,2025-04-05,345,5.846438775057725
17,2025-04-12,249,5.521460917862246
17,2025-04-19,210,5.351858133476067
17,2025-04-26,208,5.342334251964811
17,2025-05-03,151,5.0238805208462765
17,2025-05-10,119,4.787491742782046
17,2025-05-17,135,4.912654885736052
17,2025-05-24,109,4.700480365792417
17,2025-05-31,94,4.553876891600541
17,2025-06-07,95,4.564348191467836
17,2025-06-14,96,4.574710978503383
17,2025-06-21,75,4.330733340286331
17,2025-06-28,64,4.174387269895637
17,2025-07-05,63,4.1588830833596715
17,2025-07-12,89,4.499809670330265
17,2025-07-19,82,4.418840607796598
17,2025-07-26,109,4.700480365792417
17,2025-08-02,111,4.718498871295094
17,2025-08-09,142,4.962844630259907
17,2025-08-16,200,5.303304908059076
17,2025-08-23,200,5.303304908059076
17,2025-08-30,274,5.616771097666572
17,2025-09-06,286,5.659482215759621
17,2025-09-13,308,5.733341276897746
17,2025-09-20,293,5.683579767338681
17,2025-09-27,219,5.393627546352362
17,2025-10-04,179,5.19295685089021
17,2025-10-11,135,4.912654885736052
17,2025-10-18,122,4.812184355372417
17,2025-10-25,89,4.499809670330265
17,2025-11-01,95,4.564348191467836
17,2025-11-08,123,4.820281565605037
17,2025-11-15,114,4.74493212836325
17,2025-11-22,151,5.0238805208462765
17,2025-11-29,171,5.147494476813453
17,2025-12-06,247,5.5134287461649825
17,2025-12-13,273,5.6131281063880705
17,2025-12-20,356,5.877735781779639
17,2025-12-27,531,6.2766434893416445
17,2026-01-03,718,6.577861357721047
18,2024-11-09,185,5.225746673713202
18,2024-11-16,145,4.983606621708336
18,2024-11-23,166,5.117993812416755
18,2024-11-30,156,5.056245805348308
18,2024-12-07,257,5.552959584921617
18,2024-12-14,318,5.765191102784844
18,2024-12-21,405,6.0063531596017325
18,2024-12-28,549,6.309918278226516
18,2025-01-04,688,6.535241271013659
18,2025-01-11,543,6.298949246855942
18,2025-01-18,420,6.042632833682381
18,2025-01-25,335,5.817111159963204
18,2025-02-01,361,5.8916442118257715
18,2025-02-08,371,5.918893854273146
18,2025-02-15,368,5.910796644040527
18,2025-02-22,366,5.905361848054571
18,2025-03-01,281,5.641907070938114
18,2025-03-08,241,5.488937726156687
18,2025-03-15,240,5.484796933490655
18,2025-03-22,207,5.337538079701318
18,2025-03-29,171,5.147494476813453
18,2025-04-05,143,4.969813299576001
18,2025-04-12,101,4.624972813284271
18,2025-04-19,84,4.442651256490317
18,2025-04-26,81,4.406719247264253
18,2025-05-03,84,4.442651256490317
18,2025-05-10,52,3.970291913552122
18,2025-05-17,61,4.127134385045092
18,2025-05-24,44,3.8066624897703196
18,2025-05-31,46,3.8501476017100584
18,2025-06-07,38,3.6635616461296463
18,2025-06-14,44,3.8066624897703196
18,2025-06-21,36,3.6109179126442243
18,2025-06-28,32,3.4965075614664802
18,2025-07-05,29,3.4011973816621555
18,2025-07-12,41,3.7376696182833684
18,2025-07-19,39,3.6888794541139363
18,2025-07-26,45,3.828641396489095
18,2025-08-02,81,4.406719247264253
18,2025-08-09,83,4.430816798843313
18,2025-08-16,114,4.74493212836325
18,2025-08-23,127,4.852030263919617
18,2025-08-30,119,4.787491742782046
18,2025-09-06,148,5.003946305945459
18,2025-09-13,145,4.983606621708336
18,2025-09-20,125,4.836281906951478
18,2025-09-27,123,4.820281565605037
18,2025-10-04,93,4.543294782270004
18,2025-10-11,67,4.219507705176107
18,2025-10-18,82,4.418840607796598
18,2025-10-25,63,4.1588830833596715
18,2025-11-01,65,4.189654742026425
18,2025-11-08,89,4.499809670330265
18,2025-11-15,117,4.770684624465665
18,2025-11-22,121,4.804021044733257
18,2025-11-29,142,4.962844630259907
18,2025-12-06,183,5.214935757608986
18,2025-12-13,215,5.375278407684165
18,2025-12-20,292,5.680172609017068
18,2025-12-27,363,5.8971538676367405
18,2026-01-03,457,6.126869184114185
20,2024-11-09,62,4.143134726391533
20,2024-11-16,48,3.8918202981106265
20,2024-11-23,60,4.110873864173311
20,2024-11-30,50,3.9318256327243257
20,2024-12-07,94,4.553876891600541
20,2024-12-14,98,4.59511985013459
20,2024-12-21,136,4.919980925828125
20,2024-12-28,200,5.303304908059076
20,2025-01-04,233,5.455321115357702
20,2025-01-11,160,5.081404364984463
20,2025-01-18,123,4.820281565605037
20,2025-01-25,121,4.804021044733257
20,2025-02-01,99,4.605170185988092
20,2025-02-08,113,4.736198448394496
20,2025-02-15,112,4.727387818712341
20,2025-02-22,104,4.653960350157523
20,2025-03-01,110,4.709530201312334
20,2025-03-08,105,4.663439094112067
20,2025-03-15,77,4.356708826689592
20,2025-03-22,62,4.143134726391533
20,2025-03-29,42,3.7612001156935624
20,2025-04-05,42,3.7612001156935624
20,2025-04-12,37,3.6375861597263857
20,2025-04-19,34,3.5553480614894135
20,2025-04-26,25,3.258096538021482
20,2025-05-03,22,3.1354942159291497
20,2025-05-10,22,3.1354942159291497
20,2025-05-17,14,2.70805020110221
20,2025-05-24,11,2.4849066497880004
20,2025-05-31,14,2.70805020110221
20,2025-06-07,10,2.3978952727983707
20,2025-06-14,6,1.9459101490553132
20,2025-06-21,15,2.772588722239781
20,2025-06-28,20,3.044522437723423
20,2025-07-05,15,2.772588722239781
20,2025-07-12,11,2.4849066497880004
20,2025-07-19,18,2.9444389791664403
20,2025-07-26,11,2.4849066497880004
20,2025-08-02,21,3.091042453358316
20,2025-08-09,28,3.367295829986474
20,2025-08-16,41,3.7376696182833684
20,2025-08-23,56,4.04305126783455
20,2025-08-30,55,4.02535169073515
20,2025-09-06,37,3.6375861597263857
20,2025-09-13,73,4.30406509320417
20,2025-09-20,71,4.276666119016055
20,2025-09-27,41,3.7376696182833684
20,2025-10-04,49,3.912023005428146
20,2025-10-11,43,3.784189633918261
20,2025-10-18,34,3.5553480614894135
20,2025-10-25,17,2.8903717578961645
20,2025-11-01,29,3.4011973816621555
20,2025-11-08,24,3.2188758248682006
20,2025-11-15,35,3.58351893845611
20,2025-11-22,21,3.091042453358316
20,2025-11-29,30,3.4339872044851463
20,2025-12-06,43,3.784189633918261
20,2025-12-13,49,3.912023005428146
20,2025-12-20,86,4.465908118654584
20,2025-12-27,118,4.77912349311153
20,2026-01-03,141,4.955827057601261
21,2024-11-09,131,4.882801922586371
21,2024-11-16,107,4.68213122712422
21,2024-11-23,107,4.68213122712422
21,2024-11-30,96,4.574710978503383
21,2024-12-07,137,4.927253685157205
21,2024-12-14,165,5.111987788356544
21,2024-12-21,228,5.43372200355424
21,2024-12-28,317,5.762051382780177
21,2025-01-04,449,6.1092475827643655
21,2025-01-11,280,5.638354669333745
21,2025-01-18,231,5.44673737166631
21,2025-01-25,206,5.332718793265369
21,2025-02-01,208,5.342334251964811
21,2025-02-08,251,5.529429087511423
21,2025-02-15,232,5.4510384535657
21,2025-02-22,208,5.342334251964811
21,2025-03-01,229,5.438079308923196
21,2025-03-08,198,5.293304824724492
21,2025-03-15,181,5.204006687076795
21,2025-03-22,135,4.912654885736052
21,2025-03-29,125,4.836281906951478
21,2025-04-05,107,4.68213122712422
21,2025-04-12,93,4.543294782270004
21,2025-04-19,68,4.23410650459726
21,2025-04-26,70,4.2626798770413155
21,2025-05-03,49,3.912023005428146
21,2025-05-10,41,3.7376696182833684
21,2025-05-17,45,3.828641396489095
21,2025-05-24,38,3.6635616461296463
21,2025-05-31,33,3.5263605246161616
21,2025-06-07,35,3.58351893845611
21,2025-06-14,21,3.091042453358316
21,2025-06-21,20,3.044522437723423
21,2025-06-28,17,2.8903717578961645
21,2025-07-05,22,3.1354942159291497
21,2025-07-12,34,3.5553480614894135
21,2025-07-19,35,3.58351893845611
21,2025-07-26,39,3.6888794541139363
21,2025-08-02,48,3.8918202981106265
21,2025-08-09,63,4.1588830833596715
21,2025-08-16,77,4.356708826689592
21,2025-08-23,103,4.6443908991413725
21,2025-08-30,113,4.736198448394496
21,2025-09-06,152,5.030437921392435
21,2025-09-13,135,4.912654885736052
21,2025-09-20,127,4.852030263919617
21,2025-09-27,86,4.465908118654584
21,2025-10-04,89,4.499809670330265
21,2025-10-11,69,4.248495242049359
21,2025-10-18,72,4.290459441148391
21,2025-10-25,41,3.7376696182833684
21,2025-11-01,39,3.6888794541139363
21,2025-11-08,54,4.007333185232471
21,2025-11-15,53,3.9889840465642745
21,2025-11-22,72,4.290459441148391
21,2025-11-29,81,4.406719247264253
21,2025-12-06,72,4.290459441148391
21,2025-12-13,69,4.248495242049359
21,2025-12-20,126,4.844187086458591
21,2025-12-27,151,5.0238805208462765
21,2026-01-03,152,5.030437921392435
22,2024-11-09,78,4.3694478524670215
22,2024-11-16,67,4.219507705176107
22,2024-11-23,68,4.23410650459726
22,2024-11-30,65,4.189654742026425
22,2024-12-07,79,4.382026634673881
22,2024-12-14,100,4.61512051684126
22,2024-12-21,112,4.727387818712341
22,2024-12-28,140,4.948759890378168
22,2025-01-04,194,5.272999558563747
22,2025-01-11,161,5.087596335232384
22,2025-01-18,137,4.927253685157205
22,2025-01-25,135,4.912654885736052
22,2025-02-01,164,5.10594547390058
22,2025-02-08,179,5.19295685089021
22,2025-02-15,165,5.111987788356544
22,2025-02-22,139,4.941642422609304
22,2025-03-01,172,5.153291594497779
22,2025-03-08,152,5.030437921392435
22,2025-03-15,184,5.220355825078324
22,2025-03-22,166,5.117993812416755
22,2025-03-29,120,4.795790545596741
22,2025-04-05,118,4.77912349311153
22,2025-04-12,94,4.553876891600541
22,2025-04-19,86,4.465908118654584
22,2025-04-26,79,4.382026634673881
22,2025-05-03,80,4.394449154672439
22,2025-05-10,60,4.110873864173311
22,2025-05-17,77,4.356708826689592
22,2025-05-24,73,4.30406509320417
22,2025-05-31,59,4.0943445622221
22,2025-06-07,67,4.219507705176107
22,2025-06-14,54,4.007333185232471
22,2025-06-21,77,4.356708826689592
22,2025-06-28,54,4.007333185232471
22,2025-07-05,61,4.127134385045092
22,2025-07-12,83,4.430816798843313
22,2025-07-19,91,4.5217885770490405
22,2025-07-26,92,4.532599493153256
22,2025-08-02,128,4.859812404361672
22,2025-08-09,147,4.997212273764115
22,2025-08-16,153,5.0369526024136295
22,2025-08-23,189,5.247024072160486
22,2025-08-30,206,5.332718793265369
22,2025-09-06,230,5.442417710521793
22,2025-09-13,190,5.25227342804663
22,2025-09-20,130,4.875197323201151
22,2025-09-27,75,4.330733340286331
22,2025-10-04,69,4.248495242049359
22,2025-10-11,69,4.248495242049359
22,2025-10-18,54,4.007333185232471
22,2025-10-25,55,4.02535169073515
22,2025-11-01,49,3.912023005428146
22,2025-11-08,40,3.713572066704308
22,2025-11-15,33,3.5263605246161616
22,2025-11-22,62,4.143134726391533
22,2025-11-29,44,3.8066624897703196
22,2025-12-06,39,3.6888794541139363
22,2025-12-13,46,3.8501476017100584
22,2025-12-20,43,3.784189633918261
22,2025-12-27,72,4.290459441148391
22,2026-01-03,75,4.330733340286331
25,2024-11-09,237,5.472270673671475
25,2024-11-16,304,5.720311776607412
25,2024-11-23,384,5.953243334287785
25,2024-11-30,419,6.040254711277414
25,2024-12-07,452,6.115892125483034
25,2024-12-14,508,6.2324480165505225
25,2024-12-21,403,6.0014148779611505
25,2024-12-28,405,6.0063531596017325
25,2025-01-04,618,6.428105272684596
25,2025-01-11,651,6.480044561926653
25,2025-01-18,470,6.154858094016418
25,2025-01-25,424,6.052089168924417
25,2025-02-01,397,5.986452005284438
25,2025-02-08,300,5.707110264748875
25,2025-02-15,324,5.783825182329737
25,2025-02-22,276,5.6240175061873385
25,2025-03-01,283,5.648974238161206
25,2025-03-08,221,5.402677381872279
25,2025-03-15,174,5.1647859739235145
25,2025-03-22,191,5.2574953720277815
25,2025-03-29,172,5.153291594497779
25,2025-04-05,148,5.003946305945459
25,2025-04-12,150,5.017279836814924
25,2025-04-19,159,5.075173815233827
25,2025-04-26,156,5.056245805348308
25,2025-05-03,126,4.844187086458591
25,2025-05-10,107,4.68213122712422
25,2025-05-17,83,4.430816798843313
25,2025-05-24,93,4.543294782270004
25,2025-05-31,134,4.90527477843843
25,2025-06-07,131,4.882801922586371
25,2025-06-14,110,4.709530201312334
25,2025-06-21,81,4.406719247264253
25,2025-06-28,66,4.204692619390966
25,2025-07-05,63,4.1588830833596715
25,2025-07-12,65,4.189654742026425
25,2025-07-19,79,4.382026634673881
25,2025-07-26,88,4.48863636973214
25,2025-08-02,107,4.68213122712422
25,2025-08-09,128,4.859812404361672
25,2025-08-16,138,4.9344739331306915
25,2025-08-23,168,5.1298987149230735
25,2025-08-30,153,5.0369526024136295
25,2025-09-06,184,5.220355825078324
25,2025-09-13,206,5.332718793265369
25,2025-09-20,225,5.420534999272286
25,2025-09-27,191,5.2574953720277815
25,2025-10-04,158,5.0689042022202315
25,2025-10-11,121,4.804021044733257
25,2025-10-18,118,4.77912349311153
25,2025-10-25,75,4.330733340286331
25,2025-11-01,85,4.454347296253507
25,2025-11-08,87,4.477336814478207
25,2025-11-15,82,4.418840607796598
25,2025-11-22,99,4.605170185988092
25,2025-11-29,114,4.74493212836325
25,2025-12-06,127,4.852030263919617
25,2025-12-13,174,5.1647859739235145
25,2025-12-20,191,5.2574953720277815
25,2025-12-27,267,5.5909869805108565
25,2026-01-03,340,5.831882477283517
24,2024-11-09,99,4.605170185988092
24,2024-11-16,69,4.248495242049359
24,2024-11-23,88,4.48863636973214
24,2024-11-30,77,4.356708826689592
24,2024-12-07,86,4.465908118654584
24,2024-12-14,88,4.48863636973214
24,2024-12-21,112,4.727387818712341
24,2024-12-28,144,4.976733742420574
24,2025-01-04,319,5.768320995793772
24,2025-01-11,216,5.37989735354046
24,2025-01-18,199,5.298317366548036
24,2025-01-25,207,5.337538079701318
24,2025-02-01,190,5.25227342804663
24,2025-02-08,197,5.288267030694535
24,2025-02-15,220,5.3981627015177525
24,2025-02-22,187,5.236441962829949
24,2025-03-01,159,5.075173815233827
24,2025-03-08,136,4.919980925828125
24,2025-03-15,139,4.941642422609304
24,2025-03-22,148,5.003946305945459
24,2025-03-29,142,4.962844630259907
24,2025-04-05,117,4.770684624465665
24,2025-04-12,101,4.624972813284271
24,2025-04-19,83,4.430816798843313
24,2025-04-26,73,4.30406509320417
24,2025-05-03,50,3.9318256327243257
24,2025-05-10,43,3.784189633918261
24,2025-05-17,55,4.02535169073515
24,2025-05-24,58,4.07753744390572
24,2025-05-31,59,4.0943445622221
24,2025-06-07,68,4.23410650459726
24,2025-06-14,43,3.784189633918261
24,2025-06-21,39,3.6888794541139363
24,2025-06-28,52,3.970291913552122
24,2025-07-05,51,3.9512437185814275
24,2025-07-12,64,4.174387269895637
24,2025-07-19,54,4.007333185232471
24,2025-07-26,82,4.418840607796598
24,2025-08-02,97,4.584967478670572
24,2025-08-09,128,4.859812404361672
24,2025-08-16,138,4.9344739331306915
24,2025-08-23,121,4.804021044733257
24,2025-08-30,156,5.056245805348308
24,2025-09-06,122,4.812184355372417
24,2025-09-13,95,4.564348191467836
24,2025-09-20,101,4.624972813284271
24,2025-09-27,103,4.6443908991413725
24,2025-10-04,74,4.31748811353631
24,2025-10-11,62,4.143134726391533
24,2025-10-18,42,3.7612001156935624
24,2025-10-25,40,3.713572066704308
24,2025-11-01,27,3.332204510175204
24,2025-11-08,42,3.7612001156935624
24,2025-11-15,24,3.2188758248682006
24,2025-11-22,42,3.7612001156935624
24,2025-11-29,33,3.5263605246161616
24,2025-12-06,41,3.7376696182833684
24,2025-12-13,53,3.9889840465642745
24,2025-12-20,58,4.07753744390572
24,2025-12-27,65,4.189654742026425
24,2026-01-03,119,4.787491742782046
23,2024-11-09,35,3.58351893845611
23,2024-11-16,25,3.258096538021482
23,2024-11-23,21,3.091042453358316
23,2024-11-30,27,3.332204510175204
23,2024-12-07,20,3.044522437723423
23,2024-12-14,33,3.5263605246161616
23,2024-12-21,26,3.295836866004329
23,2024-12-28,50,3.9318256327243257
23,2025-01-04,92,4.532599493153256
23,2025-01-11,97,4.584967478670572
23,2025-01-18,87,4.477336814478207
23,2025-01-25,55,4.02535169073515
23,2025-02-01,46,3.8501476017100584
23,2025-02-08,41,3.7376696182833684
23,2025-02-15,26,3.295836866004329
23,2025-02-22,21,3.091042453358316
23,2025-03-01,9,2.302585092994046
23,2025-03-08,17,2.8903717578961645
23,2025-03-15,17,2.8903717578961645
23,2025-03-22,7,2.0794415416798357
23,2025-03-29,3,1.3862943611198906
23,2025-04-05,4,1.6094379124341003
23,2025-04-12,6,1.9459101490553132
23,2025-04-19,5,1.791759469228055
23,2025-04-26,8,2.1972245773362196
23,2025-05-03,5,1.791759469228055
23,2025-05-10,11,2.4849066497880004
23,2025-05-17,2,1.0986122886681098
23,2025-05-24,10,2.3978952727983707
23,2025-05-31,2,1.0986122886681098
23,2025-06-07,4,1.6094379124341003
23,2025-06-14,5,1.791759469228055
23,2025-06-21,2,1.0986122886681098
23,2025-06-28,0,0
23,2025-07-05,0,0
23,2025-07-12,1,0.6931471805599453
23,2025-07-19,5,1.791759469228055
23,2025-07-26,7,2.0794415416798357
23,2025-08-02,3,1.3862943611198906
23,2025-08-09,8,2.1972245773362196
23,2025-08-16,8,2.1972245773362196
23,2025-08-23,3,1.3862943611198906
23,2025-08-30,13,2.6390573296152584
23,2025-09-06,17,2.8903717578961645
23,2025-09-13,8,2.1972245773362196
23,2025-09-20,14,2.70805020110221
23,2025-09-27,8,2.1972245773362196
23,2025-10-04,14,2.70805020110221
23,2025-10-11,14,2.70805020110221
23,2025-10-18,6,1.9459101490553132
23,2025-10-25,16,2.833213344056216
23,2025-11-01,8,2.1972245773362196
23,2025-11-08,5,1.791759469228055
23,2025-11-15,7,2.0794415416798357
23,2025-11-22,11,2.4849066497880004
23,2025-11-29,8,2.1972245773362196
23,2025-12-06,15,2.772588722239781
23,2025-12-13,14,2.70805020110221
23,2025-12-20,14,2.70805020110221
23,2025-12-27,17,2.8903717578961645
23,2026-01-03,39,3.6888794541139363
26,2024-11-09,611,6.416732282512326
26,2024-11-16,642,6.466144724237619
26,2024-11-23,495,6.206575926724928
26,2024-11-30,596,6.391917113392602
26,2024-12-07,589,6.380122536899765
26,2024-12-14,706,6.561030665896573
26,2024-12-21,550,6.311734809152915
26,2024-12-28,779,6.659293919683638
26,2025-01-04,965,6.873163834212518
26,2025-01-11,1045,6.952728644624869
26,2025-01-18,824,6.715383386334681
26,2025-01-25,982,6.890609120147166
26,2025-02-01,763,6.638567789166521
26,2025-02-08,888,6.790097235513905
26,2025-02-15,825,6.716594773520978
26,2025-02-22,556,6.322565239927284
26,2025-03-01,683,6.52795791762255
26,2025-03-08,592,6.385194398997726
26,2025-03-15,508,6.2324480165505225
26,2025-03-22,609,6.413458957167357
26,2025-03-29,686,6.532334292222349
26,2025-04-05,472,6.159095388491933
26,2025-04-12,460,6.133398042996649
26,2025-04-19,464,6.142037405587356
26,2025-04-26,345,5.846438775057725
26,2025-05-03,279,5.634789603169249
26,2025-05-10,195,5.278114659230517
26,2025-05-17,211,5.356586274672012
26,2025-05-24,169,5.135798437050262
26,2025-05-31,144,4.976733742420574
26,2025-06-07,131,4.882801922586371
26,2025-06-14,72,4.290459441148391
26,2025-06-21,70,4.2626798770413155
26,2025-06-28,75,4.330733340286331
26,2025-07-05,63,4.1588830833596715
26,2025-07-12,54,4.007333185232471
26,2025-07-19,62,4.143134726391533
26,2025-07-26,54,4.007333185232471
26,2025-08-02,52,3.970291913552122
26,2025-08-09,78,4.3694478524670215
26,2025-08-16,89,4.499809670330265
26,2025-08-23,124,4.8283137373023015
26,2025-08-30,107,4.68213122712422
26,2025-09-06,131,4.882801922586371
26,2025-09-13,159,5.075173815233827
26,2025-09-20,187,5.236441962829949
26,2025-09-27,167,5.123963979403259
26,2025-10-04,132,4.890349128221754
26,2025-10-11,139,4.941642422609304
26,2025-10-18,87,4.477336814478207
26,2025-10-25,117,4.770684624465665
26,2025-11-01,87,4.477336814478207
26,2025-11-08,81,4.406719247264253
26,2025-11-15,107,4.68213122712422
26,2025-11-22,118,4.77912349311153
26,2025-11-29,118,4.77912349311153
26,2025-12-06,126,4.844187086458591
26,2025-12-13,184,5.220355825078324
26,2025-12-20,234,5.459585514144159
26,2025-12-27,346,5.849324779946859
26,2026-01-03,540,6.293419278846481
27,2024-11-09,120,4.795790545596741
27,2024-11-16,101,4.624972813284271
27,2024-11-23,141,4.955827057601261
27,2024-11-30,134,4.90527477843843
27,2024-12-07,191,5.2574953720277815
27,2024-12-14,221,5.402677381872279
27,2024-12-21,258,5.556828061699537
27,2024-12-28,354,5.872117789475416
27,2025-01-04,501,6.218600119691729
27,2025-01-11,371,5.918893854273146
27,2025-01-18,324,5.783825182329737
27,2025-01-25,273,5.6131281063880705
27,2025-02-01,216,5.37989735354046
27,2025-02-08,190,5.25227342804663
27,2025-02-15,154,5.043425116919247
27,2025-02-22,135,4.912654885736052
27,2025-03-01,119,4.787491742782046
27,2025-03-08,120,4.795790545596741
27,2025-03-15,121,4.804021044733257
27,2025-03-22,81,4.406719247264253
27,2025-03-29,92,4.532599493153256
27,2025-04-05,89,4.499809670330265
27,2025-04-12,107,4.68213122712422
27,2025-04-19,93,4.543294782270004
27,2025-04-26,69,4.248495242049359
27,2025-05-03,64,4.174387269895637
27,2025-05-10,80,4.394449154672439
27,2025-05-17,59,4.0943445622221
27,2025-05-24,45,3.828641396489095
27,2025-05-31,50,3.9318256327243257
27,2025-06-07,40,3.713572066704308
27,2025-06-14,20,3.044522437723423
27,2025-06-21,29,3.4011973816621555
27,2025-06-28,32,3.4965075614664802
27,2025-07-05,44,3.8066624897703196
27,2025-07-12,22,3.1354942159291497
27,2025-07-19,37,3.6375861597263857
27,2025-07-26,39,3.6888794541139363
27,2025-08-02,41,3.7376696182833684
27,2025-08-09,51,3.9512437185814275
27,2025-08-16,57,4.060443010546419
27,2025-08-23,86,4.465908118654584
27,2025-08-30,82,4.418840607796598
27,2025-09-06,106,4.672828834461906
27,2025-09-13,117,4.770684624465665
27,2025-09-20,112,4.727387818712341
27,2025-09-27,100,4.61512051684126
27,2025-10-04,81,4.406719247264253
27,2025-10-11,56,4.04305126783455
27,2025-10-18,59,4.0943445622221
27,2025-10-25,43,3.784189633918261
27,2025-11-01,42,3.7612001156935624
27,2025-11-08,34,3.5553480614894135
27,2025-11-15,44,3.8066624897703196
27,2025-11-22,43,3.784189633918261
27,2025-11-29,67,4.219507705176107
27,2025-12-06,76,4.343805421853684
27,2025-12-13,98,4.59511985013459
27,2025-12-20,115,4.7535901911063645
27,2025-12-27,166,5.117993812416755
27,2026-01-03,205,5.327876168789581
29,2024-11-09,153,5.0369526024136295
29,2024-11-16,153,5.0369526024136295
29,2024-11-23,179,5.19295685089021
29,2024-11-30,168,5.1298987149230735
29,2024-12-07,195,5.278114659230517
29,2024-12-14,247,5.5134287461649825
29,2024-12-21,262,5.572154032177765
29,2024-12-28,397,5.986452005284438
29,2025-01-04,483,6.182084906716632
29,2025-01-11,388,5.963579343618446
29,2025-01-18,286,5.659482215759621
29,2025-01-25,279,5.634789603169249
29,2025-02-01,278,5.631211781821365
29,2025-02-08,329,5.799092654460526
29,2025-02-15,313,5.749392985908253
29,2025-02-22,279,5.634789603169249
29,2025-03-01,190,5.25227342804663
29,2025-03-08,205,5.327876168789581
29,2025-03-15,189,5.247024072160486
29,2025-03-22,188,5.241747015059643
29,2025-03-29,133,4.897839799950911
29,2025-04-05,117,4.770684624465665
29,2025-04-12,89,4.499809670330265
29,2025-04-19,92,4.532599493153256
29,2025-04-26,67,4.219507705176107
29,2025-05-03,61,4.127134385045092
29,2025-05-10,54,4.007333185232471
29,2025-05-17,44,3.8066624897703196
29,2025-05-24,43,3.784189633918261
29,2025-05-31,45,3.828641396489095
29,2025-06-07,39,3.6888794541139363
29,2025-06-14,43,3.784189633918261
29,2025-06-21,44,3.8066624897703196
29,2025-06-28,39,3.6888794541139363
29,2025-07-05,36,3.6109179126442243
29,2025-07-12,37,3.6375861597263857
29,2025-07-19,38,3.6635616461296463
29,2025-07-26,51,3.9512437185814275
29,2025-08-02,53,3.9889840465642745
29,2025-08-09,75,4.330733340286331
29,2025-08-16,71,4.276666119016055
29,2025-08-23,59,4.0943445622221
29,2025-08-30,93,4.543294782270004
29,2025-09-06,90,4.51085950651685
29,2025-09-13,129,4.867534450455582
29,2025-09-20,101,4.624972813284271
29,2025-09-27,89,4.499809670330265
29,2025-10-04,83,4.430816798843313
29,2025-10-11,77,4.356708826689592
29,2025-10-18,69,4.248495242049359
29,2025-10-25,49,3.912023005428146
29,2025-11-01,61,4.127134385045092
29,2025-11-08,80,4.394449154672439
29,2025-11-15,67,4.219507705176107
29,2025-11-22,59,4.0943445622221
29,2025-11-29,50,3.9318256327243257
29,2025-12-06,81,4.406719247264253
29,2025-12-13,85,4.454347296253507
29,2025-12-20,126,4.844187086458591
29,2025-12-27,200,5.303304908059076
29,2026-01-03,219,5.393627546352362
28,2024-11-09,38,3.6635616461296463
28,2024-11-16,37,3.6375861597263857
28,2024-11-23,50,3.9318256327243257
28,2024-11-30,33,3.5263605246161616
28,2024-12-07,54,4.007333185232471
28,2024-12-14,72,4.290459441148391
28,2024-12-21,51,3.9512437185814275
28,2024-12-28,70,4.2626798770413155
28,2025-01-04,133,4.897839799950911
28,2025-01-11,93,4.543294782270004
28,2025-01-18,105,4.663439094112067
28,2025-01-25,108,4.6913478822291435
28,2025-02-01,121,4.804021044733257
28,2025-02-08,141,4.955827057601261
28,2025-02-15,74,4.31748811353631
28,2025-02-22,83,4.430816798843313
28,2025-03-01,91,4.5217885770490405
28,2025-03-08,102,4.634728988229636
28,2025-03-15,137,4.927253685157205
28,2025-03-22,108,4.6913478822291435
28,2025-03-29,77,4.356708826689592
28,2025-04-05,72,4.290459441148391
28,2025-04-12,48,3.8918202981106265
28,2025-04-19,54,4.007333185232471
28,2025-04-26,34,3.5553480614894135
28,2025-05-03,26,3.295836866004329
28,2025-05-10,35,3.58351893845611
28,2025-05-17,39,3.6888794541139363
28,2025-05-24,28,3.367295829986474
28,2025-05-31,26,3.295836866004329
28,2025-06-07,29,3.4011973816621555
28,2025-06-14,23,3.1780538303479458
28,2025-06-21,31,3.4657359027997265
28,2025-06-28,32,3.4965075614664802
28,2025-07-05,30,3.4339872044851463
28,2025-07-12,22,3.1354942159291497
28,2025-07-19,29,3.4011973816621555
28,2025-07-26,32,3.4965075614664802
28,2025-08-02,37,3.6375861597263857
28,2025-08-09,56,4.04305126783455
28,2025-08-16,78,4.3694478524670215
28,2025-08-23,63,4.1588830833596715
28,2025-08-30,84,4.442651256490317
28,2025-09-06,77,4.356708826689592
28,2025-09-13,73,4.30406509320417
28,2025-09-20,70,4.2626798770413155
28,2025-09-27,51,3.9512437185814275
28,2025-10-04,45,3.828641396489095
28,2025-10-11,38,3.6635616461296463
28,2025-10-18,35,3.58351893845611
28,2025-10-25,38,3.6635616461296463
28,2025-11-01,27,3.332204510175204
28,2025-11-08,26,3.295836866004329
28,2025-11-15,36,3.6109179126442243
28,2025-11-22,29,3.4011973816621555
28,2025-11-29,44,3.8066624897703196
28,2025-12-06,58,4.07753744390572
28,2025-12-13,52,3.970291913552122
28,2025-12-20,62,4.143134726391533
28,2025-12-27,70,4.2626798770413155
28,2026-01-03,62,4.143134726391533
30,2024-11-09,19,2.995732273553991
30,2024-11-16,22,3.1354942159291497
30,2024-11-23,26,3.295836866004329
30,2024-11-30,17,2.8903717578961645
30,2024-12-07,40,3.713572066704308
30,2024-12-14,28,3.367295829986474
30,2024-12-21,20,3.044522437723423
30,2024-12-28,40,3.713572066704308
30,2025-01-04,41,3.7376696182833684
30,2025-01-11,41,3.7376696182833684
30,2025-01-18,37,3.6375861597263857
30,2025-01-25,21,3.091042453358316
30,2025-02-01,11,2.4849066497880004
30,2025-02-08,26,3.295836866004329
30,2025-02-15,21,3.091042453358316
30,2025-02-22,25,3.258096538021482
30,2025-03-01,19,2.995732273553991
30,2025-03-08,23,3.1780538303479458
30,2025-03-15,28,3.367295829986474
30,2025-03-22,20,3.044522437723423
30,2025-03-29,13,2.6390573296152584
30,2025-04-05,16,2.833213344056216
30,2025-04-12,16,2.833213344056216
30,2025-04-19,11,2.4849066497880004
30,2025-04-26,8,2.1972245773362196
30,2025-05-03,9,2.302585092994046
30,2025-05-10,9,2.302585092994046
30,2025-05-17,13,2.6390573296152584
30,2025-05-24,2,1.0986122886681098
30,2025-05-31,11,2.4849066497880004
30,2025-06-07,6,1.9459101490553132
30,2025-06-14,3,1.3862943611198906
30,2025-06-21,11,2.4849066497880004
30,2025-06-28,12,2.5649493574615367
30,2025-07-05,14,2.70805020110221
30,2025-07-12,10,2.3978952727983707
30,2025-07-19,9,2.302585092994046
30,2025-07-26,6,1.9459101490553132
30,2025-08-02,17,2.8903717578961645
30,2025-08-09,8,2.1972245773362196
30,2025-08-16,26,3.295836866004329
30,2025-08-23,12,2.5649493574615367
30,2025-08-30,15,2.772588722239781
30,2025-09-06,18,2.9444389791664403
30,2025-09-13,22,3.1354942159291497
30,2025-09-20,24,3.2188758248682006
30,2025-09-27,27,3.332204510175204
30,2025-10-04,35,3.58351893845611
30,2025-10-11,16,2.833213344056216
30,2025-10-18,14,2.70805020110221
30,2025-10-25,14,2.70805020110221
30,2025-11-01,16,2.833213344056216
30,2025-11-08,15,2.772588722239781
30,2025-11-15,13,2.6390573296152584
30,2025-11-22,17,2.8903717578961645
30,2025-11-29,12,2.5649493574615367
30,2025-12-06,17,2.8903717578961645
30,2025-12-13,35,3.58351893845611
30,2025-12-20,21,3.091042453358316
30,2025-12-27,35,3.58351893845611
30,2026-01-03,45,3.828641396489095
37,2024-11-09,201,5.308267697401205
37,2024-11-16,188,5.241747015059643
37,2024-11-23,163,5.099866427824199
37,2024-11-30,149,5.0106352940962555
37,2024-12-07,181,5.204006687076795
37,2024-12-14,232,5.4510384535657
37,2024-12-21,257,5.552959584921617
37,2024-12-28,364,5.8998973535824915
37,2025-01-04,492,6.20050917404269
37,2025-01-11,407,6.0112671744041615
37,2025-01-18,433,6.073044534100405
37,2025-01-25,433,6.073044534100405
37,2025-02-01,428,6.061456918928017
37,2025-02-08,463,6.139884552226255
37,2025-02-15,387,5.961005339623274
37,2025-02-22,368,5.910796644040527
37,2025-03-01,378,5.937536205082426
37,2025-03-08,392,5.973809611869261
37,2025-03-15,386,5.958424693029782
37,2025-03-22,376,5.932245187448011
37,2025-03-29,291,5.676753802268282
37,2025-04-05,344,5.84354441703136
37,2025-04-12,214,5.3706380281276624
37,2025-04-19,219,5.393627546352362
37,2025-04-26,179,5.19295685089021
37,2025-05-03,158,5.0689042022202315
37,2025-05-10,125,4.836281906951478
37,2025-05-17,123,4.820281565605037
37,2025-05-24,108,4.6913478822291435
37,2025-05-31,95,4.564348191467836
37,2025-06-07,106,4.672828834461906
37,2025-06-14,75,4.330733340286331
37,2025-06-21,95,4.564348191467836
37,2025-06-28,100,4.61512051684126
37,2025-07-05,91,4.5217885770490405
37,2025-07-12,103,4.6443908991413725
37,2025-07-19,127,4.852030263919617
37,2025-07-26,141,4.955827057601261
37,2025-08-02,175,5.170483995038151
37,2025-08-09,219,5.393627546352362
37,2025-08-16,266,5.58724865840025
37,2025-08-23,383,5.950642552587727
37,2025-08-30,463,6.139884552226255
37,2025-09-06,520,6.255750041753367
37,2025-09-13,522,6.259581464064923
37,2025-09-20,450,6.111467339502679
37,2025-09-27,369,5.91350300563827
37,2025-10-04,291,5.676753802268282
37,2025-10-11,206,5.332718793265369
37,2025-10-18,165,5.111987788356544
37,2025-10-25,119,4.787491742782046
37,2025-11-01,116,4.762173934797756
37,2025-11-08,106,4.672828834461906
37,2025-11-15,131,4.882801922586371
37,2025-11-22,109,4.700480365792417
37,2025-11-29,97,4.584967478670572
37,2025-12-06,91,4.5217885770490405
37,2025-12-13,94,4.553876891600541
37,2025-12-20,140,4.948759890378168
37,2025-12-27,191,5.2574953720277815
37,2026-01-03,226,5.424950017481403
38,2024-11-09,15,2.772588722239781
38,2024-11-16,11,2.4849066497880004
38,2024-11-23,20,3.044522437723423
38,2024-11-30,24,3.2188758248682006
38,2024-12-07,17,2.8903717578961645
38,2024-12-14,17,2.8903717578961645
38,2024-12-21,25,3.258096538021482
38,2024-12-28,30,3.4339872044851463
38,2025-01-04,38,3.6635616461296463
38,2025-01-11,40,3.713572066704308
38,2025-01-18,26,3.295836866004329
38,2025-01-25,24,3.2188758248682006
38,2025-02-01,22,3.1354942159291497
38,2025-02-08,39,3.6888794541139363
38,2025-02-15,32,3.4965075614664802
38,2025-02-22,33,3.5263605246161616
38,2025-03-01,27,3.332204510175204
38,2025-03-08,31,3.4657359027997265
38,2025-03-15,31,3.4657359027997265
38,2025-03-22,20,3.044522437723423
38,2025-03-29,13,2.6390573296152584
38,2025-04-05,17,2.8903717578961645
38,2025-04-12,5,1.791759469228055
38,2025-04-19,7,2.0794415416798357
38,2025-04-26,12,2.5649493574615367
38,2025-05-03,7,2.0794415416798357
38,2025-05-10,9,2.302585092994046
38,2025-05-17,9,2.302585092994046
38,2025-05-24,6,1.9459101490553132
38,2025-05-31,9,2.302585092994046
38,2025-06-07,8,2.1972245773362196
38,2025-06-14,4,1.6094379124341003
38,2025-06-21,6,1.9459101490553132
38,2025-06-28,8,2.1972245773362196
38,2025-07-05,7,2.0794415416798357
38,2025-07-12,6,1.9459101490553132
38,2025-07-19,7,2.0794415416798357
38,2025-07-26,8,2.1972245773362196
38,2025-08-02,9,2.302585092994046
38,2025-08-09,8,2.1972245773362196
38,2025-08-16,9,2.302585092994046
38,2025-08-23,12,2.5649493574615367
38,2025-08-30,19,2.995732273553991
38,2025-09-06,23,3.1780538303479458
38,2025-09-13,10,2.3978952727983707
38,2025-09-20,24,3.2188758248682006
38,2025-09-27,19,2.995732273553991
38,2025-10-04,19,2.995732273553991
38,2025-10-11,13,2.6390573296152584
38,2025-10-18,3,1.3862943611198906
38,2025-10-25,10,2.3978952727983707
38,2025-11-01,10,2.3978952727983707
38,2025-11-08,4,1.6094379124341003
38,2025-11-15,4,1.6094379124341003
38,2025-11-22,3,1.3862943611198906
38,2025-11-29,13,2.6390573296152584
38,2025-12-06,13,2.6390573296152584
38,2025-12-13,17,2.8903717578961645
38,2025-12-20,20,3.044522437723423
38,2025-12-27,43,3.784189633918261
38,2026-01-03,64,4.174387269895637
31,2024-11-09,32,3.4965075614664802
31,2024-11-16,39,3.6888794541139363
31,2024-11-23,36,3.6109179126442243
31,2024-11-30,42,3.7612001156935624
31,2024-12-07,84,4.442651256490317
31,2024-12-14,66,4.204692619390966
31,2024-12-21,69,4.248495242049359
31,2024-12-28,98,4.59511985013459
31,2025-01-04,109,4.700480365792417
31,2025-01-11,104,4.653960350157523
31,2025-01-18,78,4.3694478524670215
31,2025-01-25,79,4.382026634673881
31,2025-02-01,75,4.330733340286331
31,2025-02-08,71,4.276666119016055
31,2025-02-15,77,4.356708826689592
31,2025-02-22,60,4.110873864173311
31,2025-03-01,42,3.7612001156935624
31,2025-03-08,53,3.9889840465642745
31,2025-03-15,38,3.6635616461296463
31,2025-03-22,23,3.1780538303479458
31,2025-03-29,36,3.6109179126442243
31,2025-04-05,24,3.2188758248682006
31,2025-04-12,27,3.332204510175204
31,2025-04-19,22,3.1354942159291497
31,2025-04-26,23,3.1780538303479458
31,2025-05-03,11,2.4849066497880004
31,2025-05-10,19,2.995732273553991
31,2025-05-17,25,3.258096538021482
31,2025-05-24,11,2.4849066497880004
31,2025-05-31,6,1.9459101490553132
31,2025-06-07,13,2.6390573296152584
31,2025-06-14,11,2.4849066497880004
31,2025-06-21,4,1.6094379124341003
31,2025-06-28,6,1.9459101490553132
31,2025-07-05,11,2.4849066497880004
31,2025-07-12,7,2.0794415416798357
31,2025-07-19,14,2.70805020110221
31,2025-07-26,19,2.995732273553991
31,2025-08-02,10,2.3978952727983707
31,2025-08-09,27,3.332204510175204
31,2025-08-16,38,3.6635616461296463
31,2025-08-23,36,3.6109179126442243
31,2025-08-30,38,3.6635616461296463
31,2025-09-06,42,3.7612001156935624
31,2025-09-13,42,3.7612001156935624
31,2025-09-20,59,4.0943445622221
31,2025-09-27,38,3.6635616461296463
31,2025-10-04,28,3.367295829986474
31,2025-10-11,18,2.9444389791664403
31,2025-10-18,11,2.4849066497880004
31,2025-10-25,18,2.9444389791664403
31,2025-11-01,18,2.9444389791664403
31,2025-11-08,15,2.772588722239781
31,2025-11-15,17,2.8903717578961645
31,2025-11-22,24,3.2188758248682006
31,2025-11-29,20,3.044522437723423
31,2025-12-06,16,2.833213344056216
31,2025-12-13,27,3.332204510175204
31,2025-12-20,26,3.295836866004329
31,2025-12-27,69,4.248495242049359
31,2026-01-03,83,4.430816798843313
33,2024-11-09,35,3.58351893845611
33,2024-11-16,33,3.5263605246161616
33,2024-11-23,20,3.044522437723423
33,2024-11-30,44,3.8066624897703196
33,2024-12-07,67,4.219507705176107
33,2024-12-14,68,4.23410650459726
33,2024-12-21,56,4.04305126783455
33,2024-12-28,89,4.499809670330265
33,2025-01-04,143,4.969813299576001
33,2025-01-11,86,4.465908118654584
33,2025-01-18,76,4.343805421853684
33,2025-01-25,70,4.2626798770413155
33,2025-02-01,75,4.330733340286331
33,2025-02-08,66,4.204692619390966
33,2025-02-15,43,3.784189633918261
33,2025-02-22,49,3.912023005428146
33,2025-03-01,41,3.7376696182833684
33,2025-03-08,36,3.6109179126442243
33,2025-03-15,26,3.295836866004329
33,2025-03-22,28,3.367295829986474
33,2025-03-29,22,3.1354942159291497
33,2025-04-05,14,2.70805020110221
33,2025-04-12,21,3.091042453358316
33,2025-04-19,19,2.995732273553991
33,2025-04-26,15,2.772588722239781
33,2025-05-03,16,2.833213344056216
33,2025-05-10,8,2.1972245773362196
33,2025-05-17,5,1.791759469228055
33,2025-05-24,8,2.1972245773362196
33,2025-05-31,4,1.6094379124341003
33,2025-06-07,5,1.791759469228055
33,2025-06-14,7,2.0794415416798357
33,2025-06-21,7,2.0794415416798357
33,2025-06-28,9,2.302585092994046
33,2025-07-05,15,2.772588722239781
33,2025-07-12,11,2.4849066497880004
33,2025-07-19,9,2.302585092994046
33,2025-07-26,8,2.1972245773362196
33,2025-08-02,10,2.3978952727983707
33,2025-08-09,19,2.995732273553991
33,2025-08-16,14,2.70805020110221
33,2025-08-23,15,2.772588722239781
33,2025-08-30,24,3.2188758248682006
33,2025-09-06,22,3.1354942159291497
33,2025-09-13,20,3.044522437723423
33,2025-09-20,31,3.4657359027997265
33,2025-09-27,22,3.1354942159291497
33,2025-10-04,24,3.2188758248682006
33,2025-10-11,20,3.044522437723423
33,2025-10-18,16,2.833213344056216
33,2025-10-25,25,3.258096538021482
33,2025-11-01,18,2.9444389791664403
33,2025-11-08,10,2.3978952727983707
33,2025-11-15,24,3.2188758248682006
33,2025-11-22,16,2.833213344056216
33,2025-11-29,26,3.295836866004329
33,2025-12-06,31,3.4657359027997265
33,2025-12-13,29,3.4011973816621555
33,2025-12-20,34,3.5553480614894135
33,2025-12-27,33,3.5263605246161616
33,2026-01-03,44,3.8066624897703196
34,2024-11-09,186,5.231108616854587
34,2024-11-16,193,5.267858159063328
34,2024-11-23,210,5.351858133476067
34,2024-11-30,187,5.236441962829949
34,2024-12-07,188,5.241747015059643
34,2024-12-14,241,5.488937726156687
34,2024-12-21,300,5.707110264748875
34,2024-12-28,425,6.054439346269371
34,2025-01-04,647,6.473890696352274
34,2025-01-11,478,6.171700597410915
34,2025-01-18,509,6.234410725718371
34,2025-01-25,459,6.131226489483141
34,2025-02-01,468,6.150602768446279
34,2025-02-08,450,6.111467339502679
34,2025-02-15,366,5.905361848054571
34,2025-02-22,347,5.8522024797744745
34,2025-03-01,339,5.8289456176102075
34,2025-03-08,324,5.783825182329737
34,2025-03-15,297,5.697093486505405
34,2025-03-22,311,5.7430031878094825
34,2025-03-29,276,5.6240175061873385
34,2025-04-05,269,5.598421958998375
34,2025-04-12,270,5.602118820879701
34,2025-04-19,270,5.602118820879701
34,2025-04-26,220,5.3981627015177525
34,2025-05-03,196,5.2832037287379885
34,2025-05-10,169,5.135798437050262
34,2025-05-17,115,4.7535901911063645
34,2025-05-24,130,4.875197323201151
34,2025-05-31,133,4.897839799950911
34,2025-06-07,127,4.852030263919617
34,2025-06-14,114,4.74493212836325
34,2025-06-21,122,4.812184355372417
34,2025-06-28,93,4.543294782270004
34,2025-07-05,119,4.787491742782046
34,2025-07-12,90,4.51085950651685
34,2025-07-19,106,4.672828834461906
34,2025-07-26,136,4.919980925828125
34,2025-08-02,148,5.003946305945459
34,2025-08-09,162,5.093750200806762
34,2025-08-16,188,5.241747015059643
34,2025-08-23,216,5.37989735354046
34,2025-08-30,262,5.572154032177765
34,2025-09-06,236,5.4680601411351315
34,2025-09-13,269,5.598421958998375
34,2025-09-20,291,5.676753802268282
34,2025-09-27,258,5.556828061699537
34,2025-10-04,226,5.424950017481403
34,2025-10-11,202,5.313205979041787
34,2025-10-18,166,5.117993812416755
34,2025-10-25,116,4.762173934797756
34,2025-11-01,119,4.787491742782046
34,2025-11-08,116,4.762173934797756
34,2025-11-15,105,4.663439094112067
34,2025-11-22,106,4.672828834461906
34,2025-11-29,114,4.74493212836325
34,2025-12-06,146,4.990432586778736
34,2025-12-13,166,5.117993812416755
34,2025-12-20,220,5.3981627015177525
34,2025-12-27,254,5.541263545158426
34,2026-01-03,325,5.786897381366708
35,2024-11-09,91,4.5217885770490405
35,2024-11-16,82,4.418840607796598
35,2024-11-23,121,4.804021044733257
35,2024-11-30,123,4.820281565605037
35,2024-12-07,127,4.852030263919617
35,2024-12-14,144,4.976733742420574
35,2024-12-21,134,4.90527477843843
35,2024-12-28,147,4.997212273764115
35,2025-01-04,165,5.111987788356544
35,2025-01-11,133,4.897839799950911
35,2025-01-18,106,4.672828834461906
35,2025-01-25,75,4.330733340286331
35,2025-02-01,57,4.060443010546419
35,2025-02-08,64,4.174387269895637
35,2025-02-15,38,3.6635616461296463
35,2025-02-22,58,4.07753744390572
35,2025-03-01,36,3.6109179126442243
35,2025-03-08,40,3.713572066704308
35,2025-03-15,22,3.1354942159291497
35,2025-03-22,25,3.258096538021482
35,2025-03-29,39,3.6888794541139363
35,2025-04-05,33,3.5263605246161616
35,2025-04-12,29,3.4011973816621555
35,2025-04-19,22,3.1354942159291497
35,2025-04-26,27,3.332204510175204
35,2025-05-03,26,3.295836866004329
35,2025-05-10,13,2.6390573296152584
35,2025-05-17,17,2.8903717578961645
35,2025-05-24,17,2.8903717578961645
35,2025-05-31,23,3.1780538303479458
35,2025-06-07,31,3.4657359027997265
35,2025-06-14,17,2.8903717578961645
35,2025-06-21,22,3.1354942159291497
35,2025-06-28,21,3.091042453358316
35,2025-07-05,18,2.9444389791664403
35,2025-07-12,22,3.1354942159291497
35,2025-07-19,22,3.1354942159291497
35,2025-07-26,25,3.258096538021482
35,2025-08-02,28,3.367295829986474
35,2025-08-09,51,3.9512437185814275
35,2025-08-16,63,4.1588830833596715
35,2025-08-23,83,4.430816798843313
35,2025-08-30,64,4.174387269895637
35,2025-09-06,63,4.1588830833596715
35,2025-09-13,38,3.6635616461296463
35,2025-09-20,46,3.8501476017100584
35,2025-09-27,36,3.6109179126442243
35,2025-10-04,32,3.4965075614664802
35,2025-10-11,31,3.4657359027997265
35,2025-10-18,25,3.258096538021482
35,2025-10-25,23,3.1780538303479458
35,2025-11-01,29,3.4011973816621555
35,2025-11-08,36,3.6109179126442243
35,2025-11-15,49,3.912023005428146
35,2025-11-22,49,3.912023005428146
35,2025-11-29,67,4.219507705176107
35,2025-12-06,75,4.330733340286331
35,2025-12-13,68,4.23410650459726
35,2025-12-20,79,4.382026634673881
35,2025-12-27,93,4.543294782270004
35,2026-01-03,83,4.430816798843313
32,2024-11-09,53,3.9889840465642745
32,2024-11-16,64,4.174387269895637
32,2024-11-23,35,3.58351893845611
32,2024-11-30,66,4.204692619390966
32,2024-12-07,49,3.912023005428146
32,2024-12-14,52,3.970291913552122
32,2024-12-21,72,4.290459441148391
32,2024-12-28,47,3.871201010907891
32,2025-01-04,66,4.204692619390966
32,2025-01-11,68,4.23410650459726
32,2025-01-18,55,4.02535169073515
32,2025-01-25,48,3.8918202981106265
32,2025-02-01,44,3.8066624897703196
32,2025-02-08,48,3.8918202981106265
32,2025-02-15,34,3.5553480614894135
32,2025-02-22,35,3.58351893845611
32,2025-03-01,43,3.784189633918261
32,2025-03-08,32,3.4965075614664802
32,2025-03-15,34,3.5553480614894135
32,2025-03-22,39,3.6888794541139363
32,2025-03-29,35,3.58351893845611
32,2025-04-05,26,3.295836866004329
32,2025-04-12,27,3.332204510175204
32,2025-04-19,31,3.4657359027997265
32,2025-04-26,39,3.6888794541139363
32,2025-05-03,25,3.258096538021482
32,2025-05-10,46,3.8501476017100584
32,2025-05-17,34,3.5553480614894135
32,2025-05-24,28,3.367295829986474
32,2025-05-31,25,3.258096538021482
32,2025-06-07,25,3.258096538021482
32,2025-06-14,30,3.4339872044851463
32,2025-06-21,20,3.044522437723423
32,2025-06-28,28,3.367295829986474
32,2025-07-05,22,3.1354942159291497
32,2025-07-12,26,3.295836866004329
32,2025-07-19,26,3.295836866004329
32,2025-07-26,24,3.2188758248682006
32,2025-08-02,41,3.7376696182833684
32,2025-08-09,45,3.828641396489095
32,2025-08-16,54,4.007333185232471
32,2025-08-23,55,4.02535169073515
32,2025-08-30,61,4.127134385045092
32,2025-09-06,70,4.2626798770413155
32,2025-09-13,60,4.110873864173311
32,2025-09-20,63,4.1588830833596715
32,2025-09-27,35,3.58351893845611
32,2025-10-04,36,3.6109179126442243
32,2025-10-11,33,3.5263605246161616
32,2025-10-18,38,3.6635616461296463
32,2025-10-25,24,3.2188758248682006
32,2025-11-01,32,3.4965075614664802
32,2025-11-08,23,3.1780538303479458
32,2025-11-15,30,3.4339872044851463
32,2025-11-22,24,3.2188758248682006
32,2025-11-29,10,2.3978952727983707
32,2025-12-06,17,2.8903717578961645
32,2025-12-13,22,3.1354942159291497
32,2025-12-20,25,3.258096538021482
32,2025-12-27,18,2.9444389791664403
32,2026-01-03,28,3.367295829986474
36,2024-11-09,423,6.049733455231958
36,2024-11-16,389,5.966146739123692
36,2024-11-23,409,6.016157159698354
36,2024-11-30,382,5.948034989180646
36,2024-12-07,480,6.175867270105761
36,2024-12-14,506,6.2285110035911835
36,2024-12-21,632,6.450470422144176
36,2024-12-28,721,6.582025138892826
36,2025-01-04,1070,6.976348070447749
36,2025-01-11,934,6.840546529288687
36,2025-01-18,873,6.773080375655535
36,2025-01-25,805,6.692083742506628
36,2025-02-01,835,6.728628613084702
36,2025-02-08,811,6.699500340161678
36,2025-02-15,825,6.716594773520978
36,2025-02-22,712,6.569481420414296
36,2025-03-01,788,6.670766320845874
36,2025-03-08,744,6.61338421837956
36,2025-03-15,727,6.590301048196686
36,2025-03-22,783,6.664409020350408
36,2025-03-29,832,6.725033642166843
36,2025-04-05,727,6.590301048196686
36,2025-04-12,719,6.579251212010101
36,2025-04-19,711,6.568077911411976
36,2025-04-26,692,6.541029999189903
36,2025-05-03,590,6.3818160174060985
36,2025-05-10,424,6.052089168924417
36,2025-05-17,391,5.971261839790462
36,2025-05-24,291,5.676753802268282
36,2025-05-31,319,5.768320995793772
36,2025-06-07,314,5.752572638825633
36,2025-06-14,269,5.598421958998375
36,2025-06-21,276,5.6240175061873385
36,2025-06-28,214,5.3706380281276624
36,2025-07-05,228,5.43372200355424
36,2025-07-12,231,5.44673737166631
36,2025-07-19,275,5.62040086571715
36,2025-07-26,291,5.676753802268282
36,2025-08-02,352,5.8664680569332965
36,2025-08-09,368,5.910796644040527
36,2025-08-16,419,6.040254711277414
36,2025-08-23,430,6.066108090103747
36,2025-08-30,420,6.042632833682381
36,2025-09-06,481,6.1779441140506
36,2025-09-13,461,6.135564891081739
36,2025-09-20,568,6.343880434126331
36,2025-09-27,549,6.309918278226516
36,2025-10-04,462,6.137727054086234
36,2025-10-11,426,6.056784013228625
36,2025-10-18,339,5.8289456176102075
36,2025-10-25,280,5.638354669333745
36,2025-11-01,259,5.560681631015528
36,2025-11-08,243,5.497168225293202
36,2025-11-15,244,5.501258210544727
36,2025-11-22,240,5.484796933490655
36,2025-11-29,276,5.6240175061873385
36,2025-12-06,302,5.713732805509369
36,2025-12-13,338,5.82600010738045
36,2025-12-20,372,5.921578419643816
36,2025-12-27,436,6.07993319509559
36,2026-01-03,511,6.238324625039508
39,2024-11-09,400,5.993961427306569
39,2024-11-16,339,5.8289456176102075
39,2024-11-23,333,5.811140992976701
39,2024-11-30,341,5.834810737062605
39,2024-12-07,396,5.983936280687191
39,2024-12-14,530,6.274762021241939
39,2024-12-21,705,6.559615237493242
39,2024-12-28,887,6.78897174299217
39,2025-01-04,1350,7.208600337960199
39,2025-01-11,902,6.805722553416985
39,2025-01-18,852,6.748759547491679
39,2025-01-25,688,6.535241271013659
39,2025-02-01,686,6.532334292222349
39,2025-02-08,659,6.492239835020471
39,2025-02-15,630,6.447305862541213
39,2025-02-22,541,6.295266001439646
39,2025-03-01,500,6.2166061010848646
39,2025-03-08,458,6.129050210060545
39,2025-03-15,402,5.998936561946683
39,2025-03-22,350,5.860786223465865
39,2025-03-29,286,5.659482215759621
39,2025-04-05,241,5.488937726156687
39,2025-04-12,220,5.3981627015177525
39,2025-04-19,197,5.288267030694535
39,2025-04-26,170,5.14166355650266
39,2025-05-03,183,5.214935757608986
39,2025-05-10,131,4.882801922586371
39,2025-05-17,98,4.59511985013459
39,2025-05-24,80,4.394449154672439
39,2025-05-31,83,4.430816798843313
39,2025-06-07,64,4.174387269895637
39,2025-06-14,71,4.276666119016055
39,2025-06-21,64,4.174387269895637
39,2025-06-28,70,4.2626798770413155
39,2025-07-05,63,4.1588830833596715
39,2025-07-12,73,4.30406509320417
39,2025-07-19,79,4.382026634673881
39,2025-07-26,89,4.499809670330265
39,2025-08-02,109,4.700480365792417
39,2025-08-09,145,4.983606621708336
39,2025-08-16,162,5.093750200806762
39,2025-08-23,202,5.313205979041787
39,2025-08-30,229,5.438079308923196
39,2025-09-06,290,5.673323267171493
39,2025-09-13,325,5.786897381366708
39,2025-09-20,297,5.697093486505405
39,2025-09-27,267,5.5909869805108565
39,2025-10-04,206,5.332718793265369
39,2025-10-11,157,5.062595033026967
39,2025-10-18,126,4.844187086458591
39,2025-10-25,130,4.875197323201151
39,2025-11-01,135,4.912654885736052
39,2025-11-08,154,5.043425116919247
39,2025-11-15,187,5.236441962829949
39,2025-11-22,188,5.241747015059643
39,2025-11-29,207,5.337538079701318
39,2025-12-06,297,5.697093486505405
39,2025-12-13,356,5.877735781779639
39,2025-12-20,447,6.104793232414985
39,2025-12-27,661,6.495265555937008
39,2026-01-03,856,6.75343791859778
40,2024-11-09,64,4.174387269895637
40,2024-11-16,73,4.30406509320417
40,2024-11-23,72,4.290459441148391
40,2024-11-30,105,4.663439094112067
40,2024-12-07,145,4.983606621708336
40,2024-12-14,158,5.0689042022202315
40,2024-12-21,169,5.135798437050262
40,2024-12-28,238,5.476463551931511
40,2025-01-04,270,5.602118820879701
40,2025-01-11,228,5.43372200355424
40,2025-01-18,205,5.327876168789581
40,2025-01-25,192,5.262690188904886
40,2025-02-01,198,5.293304824724492
40,2025-02-08,160,5.081404364984463
40,2025-02-15,161,5.087596335232384
40,2025-02-22,117,4.770684624465665
40,2025-03-01,117,4.770684624465665
40,2025-03-08,87,4.477336814478207
40,2025-03-15,112,4.727387818712341
40,2025-03-22,96,4.574710978503383
40,2025-03-29,106,4.672828834461906
40,2025-04-05,98,4.59511985013459
40,2025-04-12,93,4.543294782270004
40,2025-04-19,83,4.430816798843313
40,2025-04-26,84,4.442651256490317
40,2025-05-03,56,4.04305126783455
40,2025-05-10,52,3.970291913552122
40,2025-05-17,51,3.9512437185814275
40,2025-05-24,50,3.9318256327243257
40,2025-05-31,35,3.58351893845611
40,2025-06-07,32,3.4965075614664802
40,2025-06-14,38,3.6635616461296463
40,2025-06-21,38,3.6635616461296463
40,2025-06-28,40,3.713572066704308
40,2025-07-05,26,3.295836866004329
40,2025-07-12,26,3.295836866004329
40,2025-07-19,27,3.332204510175204
40,2025-07-26,42,3.7612001156935624
40,2025-08-02,31,3.4657359027997265
40,2025-08-09,30,3.4339872044851463
40,2025-08-16,39,3.6888794541139363
40,2025-08-23,34,3.5553480614894135
40,2025-08-30,53,3.9889840465642745
40,2025-09-06,76,4.343805421853684
40,2025-09-13,84,4.442651256490317
40,2025-09-20,78,4.3694478524670215
40,2025-09-27,59,4.0943445622221
40,2025-10-04,53,3.9889840465642745
40,2025-10-11,42,3.7612001156935624
40,2025-10-18,47,3.871201010907891
40,2025-10-25,35,3.58351893845611
40,2025-11-01,38,3.6635616461296463
40,2025-11-08,46,3.8501476017100584
40,2025-11-15,27,3.332204510175204
40,2025-11-22,38,3.6635616461296463
40,2025-11-29,31,3.4657359027997265
40,2025-12-06,37,3.6375861597263857
40,2025-12-13,59,4.0943445622221
40,2025-12-20,85,4.454347296253507
40,2025-12-27,119,4.787491742782046
40,2026-01-03,145,4.983606621708336
41,2024-11-09,79,4.382026634673881
41,2024-11-16,76,4.343805421853684
41,2024-11-23,61,4.127134385045092
41,2024-11-30,54,4.007333185232471
41,2024-12-07,59,4.0943445622221
41,2024-12-14,72,4.290459441148391
41,2024-12-21,74,4.31748811353631
41,2024-12-28,86,4.465908118654584
41,2025-01-04,122,4.812184355372417
41,2025-01-11,79,4.382026634673881
41,2025-01-18,82,4.418840607796598
41,2025-01-25,54,4.007333185232471
41,2025-02-01,65,4.189654742026425
41,2025-02-08,69,4.248495242049359
41,2025-02-15,67,4.219507705176107
41,2025-02-22,69,4.248495242049359
41,2025-03-01,57,4.060443010546419
41,2025-03-08,53,3.9889840465642745
41,2025-03-15,46,3.8501476017100584
41,2025-03-22,38,3.6635616461296463
41,2025-03-29,41,3.7376696182833684
41,2025-04-05,42,3.7612001156935624
41,2025-04-12,46,3.8501476017100584
41,2025-04-19,45,3.828641396489095
41,2025-04-26,42,3.7612001156935624
41,2025-05-03,56,4.04305126783455
41,2025-05-10,32,3.4965075614664802
41,2025-05-17,54,4.007333185232471
41,2025-05-24,43,3.784189633918261
41,2025-05-31,59,4.0943445622221
41,2025-06-07,42,3.7612001156935624
41,2025-06-14,35,3.58351893845611
41,2025-06-21,48,3.8918202981106265
41,2025-06-28,57,4.060443010546419
41,2025-07-05,56,4.04305126783455
41,2025-07-12,64,4.174387269895637
41,2025-07-19,49,3.912023005428146
41,2025-07-26,68,4.23410650459726
41,2025-08-02,81,4.406719247264253
41,2025-08-09,79,4.382026634673881
41,2025-08-16,102,4.634728988229636
41,2025-08-23,110,4.709530201312334
41,2025-08-30,105,4.663439094112067
41,2025-09-06,131,4.882801922586371
41,2025-09-13,146,4.990432586778736
41,2025-09-20,160,5.081404364984463
41,2025-09-27,108,4.6913478822291435
41,2025-10-04,133,4.897839799950911
41,2025-10-11,112,4.727387818712341
41,2025-10-18,98,4.59511985013459
41,2025-10-25,62,4.143134726391533
41,2025-11-01,64,4.174387269895637
41,2025-11-08,39,3.6888794541139363
41,2025-11-15,46,3.8501476017100584
41,2025-11-22,40,3.713572066704308
41,2025-11-29,42,3.7612001156935624
41,2025-12-06,31,3.4657359027997265
41,2025-12-13,23,3.1780538303479458
41,2025-12-20,26,3.295836866004329
41,2025-12-27,24,3.2188758248682006
41,2026-01-03,29,3.4011973816621555
42,2024-11-09,914,6.818924065275521
42,2024-11-16,1021,6.92951677076365
42,2024-11-23,1038,6.946013991099227
42,2024-11-30,658,6.490723534502507
42,2024-12-07,1024,6.932447891572509
42,2024-12-14,1601,7.379008127628304
42,2024-12-21,1071,6.977281341630747
42,2024-12-28,1161,7.057897937411856
42,2025-01-04,1342,7.202661196523238
42,2025-01-11,1489,7.306531398939505
42,2025-01-18,1661,7.415776975415394
42,2025-01-25,1511,7.321188556739478
42,2025-02-01,1514,7.323170717943469
42,2025-02-08,1342,7.202661196523238
42,2025-02-15,1169,7.064759027791802
42,2025-02-22,1104,7.007600613951853
42,2025-03-01,1025,6.933423025730715
42,2025-03-08,852,6.748759547491679
42,2025-03-15,749,6.620073206530356
42,2025-03-22,650,6.478509642208569
42,2025-03-29,632,6.450470422144176
42,2025-04-05,436,6.07993319509559
42,2025-04-12,365,5.902633333401366
42,2025-04-19,354,5.872117789475416
42,2025-04-26,338,5.82600010738045
42,2025-05-03,262,5.572154032177765
42,2025-05-10,222,5.407171771460119
42,2025-05-17,153,5.0369526024136295
42,2025-05-24,149,5.0106352940962555
42,2025-05-31,147,4.997212273764115
42,2025-06-07,136,4.919980925828125
42,2025-06-14,145,4.983606621708336
42,2025-06-21,129,4.867534450455582
42,2025-06-28,120,4.795790545596741
42,2025-07-05,127,4.852030263919617
42,2025-07-12,116,4.762173934797756
42,2025-07-19,124,4.8283137373023015
42,2025-07-26,206,5.332718793265369
42,2025-08-02,230,5.442417710521793
42,2025-08-09,292,5.680172609017068
42,2025-08-16,317,5.762051382780177
42,2025-08-23,373,5.924255797414532
42,2025-08-30,416,6.0330862217988015
42,2025-09-06,483,6.182084906716632
42,2025-09-13,453,6.118097198041348
42,2025-09-20,560,6.329720905522696
42,2025-09-27,482,6.180016653652572
42,2025-10-04,387,5.961005339623274
42,2025-10-11,347,5.8522024797744745
42,2025-10-18,305,5.723585101952381
42,2025-10-25,293,5.683579767338681
42,2025-11-01,241,5.488937726156687
42,2025-11-08,247,5.5134287461649825
42,2025-11-15,260,5.564520407322694
42,2025-11-22,253,5.537334267018537
42,2025-11-29,310,5.739792912179234
42,2025-12-06,369,5.91350300563827
42,2025-12-13,413,6.025865973825314
42,2025-12-20,493,6.202535517187923
42,2025-12-27,675,6.516193076042964
42,2026-01-03,921,6.826545223556594
72,2024-11-09,42,3.7612001156935624
72,2024-11-16,52,3.970291913552122
72,2024-11-23,58,4.07753744390572
72,2024-11-30,94,4.553876891600541
72,2024-12-07,110,4.709530201312334
72,2024-12-14,124,4.8283137373023015
72,2024-12-21,147,4.997212273764115
72,2024-12-28,114,4.74493212836325
72,2025-01-04,138,4.9344739331306915
72,2025-01-11,133,4.897839799950911
72,2025-01-18,87,4.477336814478207
72,2025-01-25,79,4.382026634673881
72,2025-02-01,78,4.3694478524670215
72,2025-02-08,75,4.330733340286331
72,2025-02-15,70,4.2626798770413155
72,2025-02-22,45,3.828641396489095
72,2025-03-01,76,4.343805421853684
72,2025-03-08,112,4.727387818712341
72,2025-03-15,98,4.59511985013459
72,2025-03-22,59,4.0943445622221
72,2025-03-29,47,3.871201010907891
72,2025-04-05,68,4.23410650459726
72,2025-04-12,88,4.48863636973214
72,2025-04-19,71,4.276666119016055
72,2025-04-26,87,4.477336814478207
72,2025-05-03,66,4.204692619390966
72,2025-05-10,79,4.382026634673881
72,2025-05-17,92,4.532599493153256
72,2025-05-24,102,4.634728988229636
72,2025-05-31,140,4.948759890378168
72,2025-06-07,167,5.123963979403259
72,2025-06-14,219,5.393627546352362
72,2025-06-21,208,5.342334251964811
72,2025-06-28,164,5.10594547390058
72,2025-07-05,168,5.1298987149230735
72,2025-07-12,154,5.043425116919247
72,2025-07-19,121,4.804021044733257
72,2025-07-26,171,5.147494476813453
72,2025-08-02,146,4.990432586778736
72,2025-08-09,165,5.111987788356544
72,2025-08-16,85,4.454347296253507
72,2025-08-23,263,5.575949103146316
72,2025-08-30,220,5.3981627015177525
72,2025-09-06,182,5.209486152841421
72,2025-09-13,128,4.859812404361672
72,2025-09-20,145,4.983606621708336
72,2025-09-27,72,4.290459441148391
72,2025-10-04,73,4.30406509320417
72,2025-10-11,62,4.143134726391533
72,2025-10-18,21,3.091042453358316
72,2025-10-25,20,3.044522437723423
72,2025-11-01,28,3.367295829986474
72,2025-11-08,26,3.295836866004329
72,2025-11-15,18,2.9444389791664403
72,2025-11-22,14,2.70805020110221
72,2025-11-29,12,2.5649493574615367
72,2025-12-06,20,3.044522437723423
72,2025-12-13,15,2.772588722239781
72,2025-12-20,17,2.8903717578961645
72,2025-12-27,10,2.3978952727983707
72,2026-01-03,20,3.044522437723423
44,2024-11-09,29,3.4011973816621555
44,2024-11-16,21,3.091042453358316
44,2024-11-23,31,3.4657359027997265
44,2024-11-30,21,3.091042453358316
44,2024-12-07,40,3.713572066704308
44,2024-12-14,50,3.9318256327243257
44,2024-12-21,54,4.007333185232471
44,2024-12-28,88,4.48863636973214
44,2025-01-04,90,4.51085950651685
44,2025-01-11,87,4.477336814478207
44,2025-01-18,68,4.23410650459726
44,2025-01-25,68,4.23410650459726
44,2025-02-01,72,4.290459441148391
44,2025-02-08,57,4.060443010546419
44,2025-02-15,53,3.9889840465642745
44,2025-02-22,37,3.6375861597263857
44,2025-03-01,26,3.295836866004329
44,2025-03-08,39,3.6888794541139363
44,2025-03-15,31,3.4657359027997265
44,2025-03-22,39,3.6888794541139363
44,2025-03-29,32,3.4965075614664802
44,2025-04-05,23,3.1780538303479458
44,2025-04-12,22,3.1354942159291497
44,2025-04-19,24,3.2188758248682006
44,2025-04-26,31,3.4657359027997265
44,2025-05-03,14,2.70805020110221
44,2025-05-10,17,2.8903717578961645
44,2025-05-17,16,2.833213344056216
44,2025-05-24,4,1.6094379124341003
44,2025-05-31,12,2.5649493574615367
44,2025-06-07,25,3.258096538021482
44,2025-06-14,12,2.5649493574615367
44,2025-06-21,13,2.6390573296152584
44,2025-06-28,11,2.4849066497880004
44,2025-07-05,3,1.3862943611198906
44,2025-07-12,5,1.791759469228055
44,2025-07-19,11,2.4849066497880004
44,2025-07-26,15,2.772588722239781
44,2025-08-02,18,2.9444389791664403
44,2025-08-09,20,3.044522437723423
44,2025-08-16,27,3.332204510175204
44,2025-08-23,28,3.367295829986474
44,2025-08-30,31,3.4657359027997265
44,2025-09-06,30,3.4339872044851463
44,2025-09-13,31,3.4657359027997265
44,2025-09-20,41,3.7376696182833684
44,2025-09-27,40,3.713572066704308
44,2025-10-04,31,3.4657359027997265
44,2025-10-11,22,3.1354942159291497
44,2025-10-18,13,2.6390573296152584
44,2025-10-25,8,2.1972245773362196
44,2025-11-01,7,2.0794415416798357
44,2025-11-08,17,2.8903717578961645
44,2025-11-15,10,2.3978952727983707
44,2025-11-22,8,2.1972245773362196
44,2025-11-29,20,3.044522437723423
44,2025-12-06,22,3.1354942159291497
44,2025-12-13,28,3.367295829986474
44,2025-12-20,35,3.58351893845611
44,2025-12-27,62,4.143134726391533
44,2026-01-03,61,4.127134385045092
45,2024-11-09,77,4.356708826689592
45,2024-11-16,70,4.2626798770413155
45,2024-11-23,72,4.290459441148391
45,2024-11-30,67,4.219507705176107
45,2024-12-07,75,4.330733340286331
45,2024-12-14,85,4.454347296253507
45,2024-12-21,132,4.890349128221754
45,2024-12-28,168,5.1298987149230735
45,2025-01-04,232,5.4510384535657
45,2025-01-11,183,5.214935757608986
45,2025-01-18,179,5.19295685089021
45,2025-01-25,156,5.056245805348308
45,2025-02-01,203,5.318119993844216
45,2025-02-08,214,5.3706380281276624
45,2025-02-15,147,4.997212273764115
45,2025-02-22,136,4.919980925828125
45,2025-03-01,179,5.19295685089021
45,2025-03-08,206,5.332718793265369
45,2025-03-15,161,5.087596335232384
45,2025-03-22,156,5.056245805348308
45,2025-03-29,135,4.912654885736052
45,2025-04-05,149,5.0106352940962555
45,2025-04-12,100,4.61512051684126
45,2025-04-19,110,4.709530201312334
45,2025-04-26,90,4.51085950651685
45,2025-05-03,81,4.406719247264253
45,2025-05-10,53,3.9889840465642745
45,2025-05-17,54,4.007333185232471
45,2025-05-24,44,3.8066624897703196
45,2025-05-31,45,3.828641396489095
45,2025-06-07,42,3.7612001156935624
45,2025-06-14,34,3.5553480614894135
45,2025-06-21,44,3.8066624897703196
45,2025-06-28,45,3.828641396489095
45,2025-07-05,45,3.828641396489095
45,2025-07-12,43,3.784189633918261
45,2025-07-19,54,4.007333185232471
45,2025-07-26,54,4.007333185232471
45,2025-08-02,66,4.204692619390966
45,2025-08-09,86,4.465908118654584
45,2025-08-16,145,4.983606621708336
45,2025-08-23,202,5.313205979041787
45,2025-08-30,216,5.37989735354046
45,2025-09-06,256,5.54907608489522
45,2025-09-13,215,5.375278407684165
45,2025-09-20,163,5.099866427824199
45,2025-09-27,139,4.941642422609304
45,2025-10-04,113,4.736198448394496
45,2025-10-11,96,4.574710978503383
45,2025-10-18,70,4.2626798770413155
45,2025-10-25,53,3.9889840465642745
45,2025-11-01,70,4.2626798770413155
45,2025-11-08,52,3.970291913552122
45,2025-11-15,59,4.0943445622221
45,2025-11-22,59,4.0943445622221
45,2025-11-29,33,3.5263605246161616
45,2025-12-06,45,3.828641396489095
45,2025-12-13,48,3.8918202981106265
45,2025-12-20,56,4.04305126783455
45,2025-12-27,92,4.532599493153256
45,2026-01-03,119,4.787491742782046
46,2024-11-09,30,3.4339872044851463
46,2024-11-16,37,3.6375861597263857
46,2024-11-23,31,3.4657359027997265
46,2024-11-30,21,3.091042453358316
46,2024-12-07,24,3.2188758248682006
46,2024-12-14,47,3.871201010907891
46,2024-12-21,26,3.295836866004329
46,2024-12-28,46,3.8501476017100584
46,2025-01-04,55,4.02535169073515
46,2025-01-11,47,3.871201010907891
46,2025-01-18,39,3.6888794541139363
46,2025-01-25,38,3.6635616461296463
46,2025-02-01,56,4.04305126783455
46,2025-02-08,61,4.127134385045092
46,2025-02-15,46,3.8501476017100584
46,2025-02-22,44,3.8066624897703196
46,2025-03-01,20,3.044522437723423
46,2025-03-08,31,3.4657359027997265
46,2025-03-15,10,2.3978952727983707
46,2025-03-22,25,3.258096538021482
46,2025-03-29,17,2.8903717578961645
46,2025-04-05,13,2.6390573296152584
46,2025-04-12,16,2.833213344056216
46,2025-04-19,14,2.70805020110221
46,2025-04-26,9,2.302585092994046
46,2025-05-03,10,2.3978952727983707
46,2025-05-10,6,1.9459101490553132
46,2025-05-17,3,1.3862943611198906
46,2025-05-24,6,1.9459101490553132
46,2025-05-31,5,1.791759469228055
46,2025-06-07,3,1.3862943611198906
46,2025-06-14,3,1.3862943611198906
46,2025-06-21,8,2.1972245773362196
46,2025-06-28,4,1.6094379124341003
46,2025-07-05,0,0
46,2025-07-12,8,2.1972245773362196
46,2025-07-19,7,2.0794415416798357
46,2025-07-26,9,2.302585092994046
46,2025-08-02,5,1.791759469228055
46,2025-08-09,19,2.995732273553991
46,2025-08-16,10,2.3978952727983707
46,2025-08-23,20,3.044522437723423
46,2025-08-30,13,2.6390573296152584
46,2025-09-06,19,2.995732273553991
46,2025-09-13,31,3.4657359027997265
46,2025-09-20,13,2.6390573296152584
46,2025-09-27,18,2.9444389791664403
46,2025-10-04,21,3.091042453358316
46,2025-10-11,23,3.1780538303479458
46,2025-10-18,11,2.4849066497880004
46,2025-10-25,8,2.1972245773362196
46,2025-11-01,15,2.772588722239781
46,2025-11-08,13,2.6390573296152584
46,2025-11-15,12,2.5649493574615367
46,2025-11-22,12,2.5649493574615367
46,2025-11-29,14,2.70805020110221
46,2025-12-06,21,3.091042453358316
46,2025-12-13,14,2.70805020110221
46,2025-12-20,20,3.044522437723423
46,2025-12-27,36,3.6109179126442243
46,2026-01-03,55,4.02535169073515
47,2024-11-09,139,4.941642422609304
47,2024-11-16,161,5.087596335232384
47,2024-11-23,100,4.61512051684126
47,2024-11-30,144,4.976733742420574
47,2024-12-07,143,4.969813299576001
47,2024-12-14,196,5.2832037287379885
47,2024-12-21,176,5.176149732573829
47,2024-12-28,229,5.438079308923196
47,2025-01-04,352,5.8664680569332965
47,2025-01-11,247,5.5134287461649825
47,2025-01-18,264,5.579729825986222
47,2025-01-25,210,5.351858133476067
47,2025-02-01,244,5.501258210544727
47,2025-02-08,260,5.564520407322694
47,2025-02-15,279,5.634789603169249
47,2025-02-22,245,5.5053315359323625
47,2025-03-01,259,5.560681631015528
47,2025-03-08,272,5.60947179518496
47,2025-03-15,265,5.583496308781699
47,2025-03-22,223,5.4116460518550396
47,2025-03-29,182,5.209486152841421
47,2025-04-05,168,5.1298987149230735
47,2025-04-12,121,4.804021044733257
47,2025-04-19,109,4.700480365792417
47,2025-04-26,98,4.59511985013459
47,2025-05-03,60,4.110873864173311
47,2025-05-10,66,4.204692619390966
47,2025-05-17,56,4.04305126783455
47,2025-05-24,35,3.58351893845611
47,2025-05-31,47,3.871201010907891
47,2025-06-07,37,3.6375861597263857
47,2025-06-14,49,3.912023005428146
47,2025-06-21,35,3.58351893845611
47,2025-06-28,35,3.58351893845611
47,2025-07-05,41,3.7376696182833684
47,2025-07-12,57,4.060443010546419
47,2025-07-19,61,4.127134385045092
47,2025-07-26,66,4.204692619390966
47,2025-08-02,73,4.30406509320417
47,2025-08-09,98,4.59511985013459
47,2025-08-16,113,4.736198448394496
47,2025-08-23,146,4.990432586778736
47,2025-08-30,154,5.043425116919247
47,2025-09-06,185,5.225746673713202
47,2025-09-13,163,5.099866427824199
47,2025-09-20,141,4.955827057601261
47,2025-09-27,150,5.017279836814924
47,2025-10-04,99,4.605170185988092
47,2025-10-11,89,4.499809670330265
47,2025-10-18,89,4.499809670330265
47,2025-10-25,68,4.23410650459726
47,2025-11-01,79,4.382026634673881
47,2025-11-08,81,4.406719247264253
47,2025-11-15,78,4.3694478524670215
47,2025-11-22,99,4.605170185988092
47,2025-11-29,72,4.290459441148391
47,2025-12-06,119,4.787491742782046
47,2025-12-13,122,4.812184355372417
47,2025-12-20,151,5.0238805208462765
47,2025-12-27,199,5.298317366548036
47,2026-01-03,221,5.402677381872279
48,2024-11-09,327,5.793013608384144
48,2024-11-16,229,5.438079308923196
48,2024-11-23,268,5.594711379601839
48,2024-11-30,284,5.652489180268651
48,2024-12-07,397,5.986452005284438
48,2024-12-14,370,5.916202062607435
48,2024-12-21,462,6.137727054086234
48,2024-12-28,585,6.373319789577012
48,2025-01-04,711,6.568077911411976
48,2025-01-11,582,6.368187186350492
48,2025-01-18,598,6.395261598115449
48,2025-01-25,672,6.511745329644728
48,2025-02-01,782,6.663132695990803
48,2025-02-08,845,6.740519359606223
48,2025-02-15,657,6.489204931325317
48,2025-02-22,628,6.444131256700441
48,2025-03-01,674,6.51471269087253
48,2025-03-08,667,6.504288173536645
48,2025-03-15,619,6.429719478039138
48,2025-03-22,591,6.3835066348840055
48,2025-03-29,536,6.285998094508865
48,2025-04-05,452,6.115892125483034
48,2025-04-12,431,6.068425588244111
48,2025-04-19,406,6.008813185442595
48,2025-04-26,369,5.91350300563827
48,2025-05-03,318,5.765191102784844
48,2025-05-10,308,5.733341276897746
48,2025-05-17,273,5.6131281063880705
48,2025-05-24,292,5.680172609017068
48,2025-05-31,309,5.736572297479192
48,2025-06-07,275,5.62040086571715
48,2025-06-14,300,5.707110264748875
48,2025-06-21,314,5.752572638825633
48,2025-06-28,288,5.666426688112432
48,2025-07-05,334,5.814130531825066
48,2025-07-12,446,6.102558594613569
48,2025-07-19,478,6.171700597410915
48,2025-07-26,556,6.322565239927284
48,2025-08-02,669,6.507277712385012
48,2025-08-09,800,6.68586094706836
48,2025-08-16,921,6.826545223556594
48,2025-08-23,1040,6.947937068614969
48,2025-08-30,1233,7.1180162044653335
48,2025-09-06,1223,7.1098794630722715
48,2025-09-13,1113,7.01571242048723
48,2025-09-20,834,6.727431724850855
48,2025-09-27,597,6.393590753950631
48,2025-10-04,406,6.008813185442595
48,2025-10-11,322,5.777652323222656
48,2025-10-18,265,5.583496308781699
48,2025-10-25,226,5.424950017481403
48,2025-11-01,209,5.3471075307174685
48,2025-11-08,193,5.267858159063328
48,2025-11-15,168,5.1298987149230735
48,2025-11-22,177,5.181783550292085
48,2025-11-29,171,5.147494476813453
48,2025-12-06,223,5.4116460518550396
48,2025-12-13,198,5.293304824724492
48,2025-12-20,276,5.6240175061873385
48,2025-12-27,306,5.726847747587197
48,2026-01-03,322,5.777652323222656
US,2024-11-09,7958,8.98205864280585
US,2024-11-16,7864,8.970177815492379
US,2024-11-23,8105,9.000359807188254
US,2024-11-30,7896,8.97423821949758
US,2024-12-07,9438,9.152605321324945
US,2024-12-14,11038,9.309189736018352
US,2024-12-21,11463,9.346966969508008
US,2024-12-28,14517,9.583144537844786
US,2025-01-04,18801,9.841718526138497
US,2025-01-11,15639,9.657587014099303
US,2025-01-18,14424,9.5767180913763
US,2025-01-25,13360,9.500095294588894
US,2025-02-01,13650,9.521568058002977
US,2025-02-08,13527,9.512516890578416
US,2025-02-15,12216,9.41058370340406
US,2025-02-22,10892,9.295875660082446
US,2025-03-01,10678,9.276034475171546
US,2025-03-08,9994,9.209840246934501
US,2025-03-15,9390,9.147507062804614
US,2025-03-22,8751,9.077037524661762
US,2025-03-29,8183,9.009936307631463
US,2025-04-05,7098,8.867709208039386
US,2025-04-12,6399,8.764053269347762
US,2025-04-19,6026,8.704004653483045
US,2025-04-26,5641,8.637993891561942
US,2025-05-03,4712,8.45807992692373
US,2025-05-10,4161,8.33375100695358
US,2025-05-17,3957,8.28349412616251
US,2025-05-24,3701,8.216628493133443
US,2025-05-31,3856,8.257644958208228
US,2025-06-07,3767,8.234299635696253
US,2025-06-14,3560,8.177796683277778
US,2025-06-21,3817,8.247482004285693
US,2025-06-28,3694,8.214735833382303
US,2025-07-05,3869,8.261009786023827
US,2025-07-12,4259,8.357024439263416
US,2025-07-19,4614,8.437067146936952
US,2025-07-26,5222,8.560827228436299
US,2025-08-02,6167,8.727129915243166
US,2025-08-09,7134,8.872767529910936
US,2025-08-16,8159,9.006999447958153
US,2025-08-23,9573,9.166806369952454
US,2025-08-30,10505,9.259701801513907
US,2025-09-06,11004,9.306104993960561
US,2025-09-13,10482,9.257510176452573
US,2025-09-20,9578,9.167328481382892
US,2025-09-27,7826,8.965334573804839
US,2025-10-04,6412,8.766082459148864
US,2025-10-11,5227,8.561784074744113
US,2025-10-18,4308,8.368461137615839
US,2025-10-25,3603,8.189799618728228
US,2025-11-01,3401,8.132118772955806
US,2025-11-08,3296,8.10076824307173
US,2025-11-15,3326,8.109826276018477
US,2025-11-22,3407,8.133880887949207
US,2025-11-29,3497,8.159946655578548
US,2025-12-06,4202,8.343553835005117
US,2025-12-13,4609,8.435983135990694
US,2025-12-20,5780,8.662331957082475
US,2025-12-27,7629,8.939843124278502
US,2026-01-03,9506,9.15978364835903
49,2024-11-09,43,3.784189633918261
49,2024-11-16,47,3.871201010907891
49,2024-11-23,64,4.174387269895637
49,2024-11-30,59,4.0943445622221
49,2024-12-07,62,4.143134726391533
49,2024-12-14,59,4.0943445622221
49,2024-12-21,65,4.189654742026425
49,2024-12-28,100,4.61512051684126
49,2025-01-04,96,4.574710978503383
49,2025-01-11,71,4.276666119016055
49,2025-01-18,52,3.970291913552122
49,2025-01-25,50,3.9318256327243257
49,2025-02-01,48,3.8918202981106265
49,2025-02-08,45,3.828641396489095
49,2025-02-15,39,3.6888794541139363
49,2025-02-22,60,4.110873864173311
49,2025-03-01,47,3.871201010907891
49,2025-03-08,60,4.110873864173311
49,2025-03-15,41,3.7376696182833684
49,2025-03-22,31,3.4657359027997265
49,2025-03-29,46,3.8501476017100584
49,2025-04-05,20,3.044522437723423
49,2025-04-12,37,3.6375861597263857
49,2025-04-19,20,3.044522437723423
49,2025-04-26,26,3.295836866004329
49,2025-05-03,25,3.258096538021482
49,2025-05-10,20,3.044522437723423
49,2025-05-17,22,3.1354942159291497
49,2025-05-24,16,2.833213344056216
49,2025-05-31,23,3.1780538303479458
49,2025-06-07,17,2.8903717578961645
49,2025-06-14,13,2.6390573296152584
49,2025-06-21,26,3.295836866004329
49,2025-06-28,20,3.044522437723423
49,2025-07-05,17,2.8903717578961645
49,2025-07-12,28,3.367295829986474
49,2025-07-19,26,3.295836866004329
49,2025-07-26,32,3.4965075614664802
49,2025-08-02,47,3.871201010907891
49,2025-08-09,41,3.7376696182833684
49,2025-08-16,60,4.110873864173311
49,2025-08-23,69,4.248495242049359
49,2025-08-30,64,4.174387269895637
49,2025-09-06,66,4.204692619390966
49,2025-09-13,20,3.044522437723423
49,2025-09-20,14,2.70805020110221
49,2025-09-27,13,2.6390573296152584
49,2025-10-04,12,2.5649493574615367
49,2025-10-11,9,2.302585092994046
49,2025-10-18,7,2.0794415416798357
49,2025-10-25,5,1.791759469228055
49,2025-11-01,5,1.791759469228055
49,2025-11-08,5,1.791759469228055
49,2025-11-15,14,2.70805020110221
49,2025-11-22,13,2.6390573296152584
49,2025-11-29,10,2.3978952727983707
49,2025-12-06,13,2.6390573296152584
49,2025-12-13,16,2.833213344056216
49,2025-12-20,19,2.995732273553991
49,2025-12-27,25,3.258096538021482
49,2026-01-03,32,3.4965075614664802
51,2024-11-09,127,4.852030263919617
51,2024-11-16,104,4.653960350157523
51,2024-11-23,120,4.795790545596741
51,2024-11-30,107,4.68213122712422
51,2024-12-07,134,4.90527477843843
51,2024-12-14,185,5.225746673713202
51,2024-12-21,198,5.293304824724492
51,2024-12-28,301,5.71042701737487
51,2025-01-04,445,6.100318952020064
51,2025-01-11,300,5.707110264748875
51,2025-01-18,280,5.638354669333745
51,2025-01-25,239,5.480638923341991
51,2025-02-01,317,5.762051382780177
51,2025-02-08,316,5.75890177387728
51,2025-02-15,264,5.579729825986222
51,2025-02-22,228,5.43372200355424
51,2025-03-01,270,5.602118820879701
51,2025-03-08,246,5.5093883366279774
51,2025-03-15,217,5.384495062789089
51,2025-03-22,188,5.241747015059643
51,2025-03-29,195,5.278114659230517
51,2025-04-05,172,5.153291594497779
51,2025-04-12,142,4.962844630259907
51,2025-04-19,120,4.795790545596741
51,2025-04-26,113,4.736198448394496
51,2025-05-03,84,4.442651256490317
51,2025-05-10,65,4.189654742026425
51,2025-05-17,60,4.110873864173311
51,2025-05-24,46,3.8501476017100584
51,2025-05-31,67,4.219507705176107
51,2025-06-07,32,3.4965075614664802
51,2025-06-14,51,3.9512437185814275
51,2025-06-21,49,3.912023005428146
51,2025-06-28,42,3.7612001156935624
51,2025-07-05,52,3.970291913552122
51,2025-07-12,79,4.382026634673881
51,2025-07-19,72,4.290459441148391
51,2025-07-26,74,4.31748811353631
51,2025-08-02,99,4.605170185988092
51,2025-08-09,127,4.852030263919617
51,2025-08-16,166,5.117993812416755
51,2025-08-23,139,4.941642422609304
51,2025-08-30,195,5.278114659230517
51,2025-09-06,243,5.497168225293202
51,2025-09-13,218,5.389071729816501
51,2025-09-20,173,5.159055299214529
51,2025-09-27,136,4.919980925828125
51,2025-10-04,121,4.804021044733257
51,2025-10-11,84,4.442651256490317
51,2025-10-18,80,4.394449154672439
51,2025-10-25,60,4.110873864173311
51,2025-11-01,70,4.2626798770413155
51,2025-11-08,49,3.912023005428146
51,2025-11-15,68,4.23410650459726
51,2025-11-22,61,4.127134385045092
51,2025-11-29,60,4.110873864173311
51,2025-12-06,73,4.30406509320417
51,2025-12-13,69,4.248495242049359
51,2025-12-20,89,4.499809670330265
51,2025-12-27,119,4.787491742782046
51,2026-01-03,162,5.093750200806762
50,2024-11-09,23,3.1780538303479458
50,2024-11-16,11,2.4849066497880004
50,2024-11-23,21,3.091042453358316
50,2024-11-30,12,2.5649493574615367
50,2024-12-07,20,3.044522437723423
50,2024-12-14,16,2.833213344056216
50,2024-12-21,10,2.3978952727983707
50,2024-12-28,33,3.5263605246161616
50,2025-01-04,38,3.6635616461296463
50,2025-01-11,35,3.58351893845611
50,2025-01-18,33,3.5263605246161616
50,2025-01-25,33,3.5263605246161616
50,2025-02-01,30,3.4339872044851463
50,2025-02-08,30,3.4339872044851463
50,2025-02-15,22,3.1354942159291497
50,2025-02-22,15,2.772588722239781
50,2025-03-01,11,2.4849066497880004
50,2025-03-08,17,2.8903717578961645
50,2025-03-15,10,2.3978952727983707
50,2025-03-22,14,2.70805020110221
50,2025-03-29,3,1.3862943611198906
50,2025-04-05,6,1.9459101490553132
50,2025-04-12,11,2.4849066497880004
50,2025-04-19,10,2.3978952727983707
50,2025-04-26,6,1.9459101490553132
50,2025-05-03,8,2.1972245773362196
50,2025-05-10,4,1.6094379124341003
50,2025-05-17,7,2.0794415416798357
50,2025-05-24,11,2.4849066497880004
50,2025-05-31,2,1.0986122886681098
50,2025-06-07,4,1.6094379124341003
50,2025-06-14,3,1.3862943611198906
50,2025-06-21,2,1.0986122886681098
50,2025-06-28,1,0.6931471805599453
50,2025-07-05,6,1.9459101490553132
50,2025-07-12,3,1.3862943611198906
50,2025-07-19,3,1.3862943611198906
50,2025-07-26,1,0.6931471805599453
50,2025-08-02,8,2.1972245773362196
50,2025-08-09,7,2.0794415416798357
50,2025-08-16,1,0.6931471805599453
50,2025-08-23,2,1.0986122886681098
50,2025-08-30,6,1.9459101490553132
50,2025-09-06,13,2.6390573296152584
50,2025-09-13,8,2.1972245773362196
50,2025-09-20,9,2.302585092994046
50,2025-09-27,10,2.3978952727983707
50,2025-10-04,11,2.4849066497880004
50,2025-10-11,10,2.3978952727983707
50,2025-10-18,9,2.302585092994046
50,2025-10-25,8,2.1972245773362196
50,2025-11-01,13,2.6390573296152584
50,2025-11-08,4,1.6094379124341003
50,2025-11-15,14,2.70805020110221
50,2025-11-22,15,2.772588722239781
50,2025-11-29,16,2.833213344056216
50,2025-12-06,13,2.6390573296152584
50,2025-12-13,7,2.0794415416798357
50,2025-12-20,14,2.70805020110221
50,2025-12-27,25,3.258096538021482
50,2026-01-03,18,2.9444389791664403
53,2024-11-09,98,4.59511985013459
53,2024-11-16,83,4.430816798843313
53,2024-11-23,90,4.51085950651685
53,2024-11-30,78,4.3694478524670215
53,2024-12-07,56,4.04305126783455
53,2024-12-14,76,4.343805421853684
53,2024-12-21,86,4.465908118654584
53,2024-12-28,117,4.770684624465665
53,2025-01-04,150,5.017279836814924
53,2025-01-11,116,4.762173934797756
53,2025-01-18,89,4.499809670330265
53,2025-01-25,104,4.653960350157523
53,2025-02-01,127,4.852030263919617
53,2025-02-08,139,4.941642422609304
53,2025-02-15,147,4.997212273764115
53,2025-02-22,189,5.247024072160486
53,2025-03-01,123,4.820281565605037
53,2025-03-08,93,4.543294782270004
53,2025-03-15,99,4.605170185988092
53,2025-03-22,85,4.454347296253507
53,2025-03-29,89,4.499809670330265
53,2025-04-05,57,4.060443010546419
53,2025-04-12,72,4.290459441148391
53,2025-04-19,77,4.356708826689592
53,2025-04-26,81,4.406719247264253
53,2025-05-03,53,3.9889840465642745
53,2025-05-10,65,4.189654742026425
53,2025-05-17,64,4.174387269895637
53,2025-05-24,92,4.532599493153256
53,2025-05-31,98,4.59511985013459
53,2025-06-07,88,4.48863636973214
53,2025-06-14,69,4.248495242049359
53,2025-06-21,85,4.454347296253507
53,2025-06-28,92,4.532599493153256
53,2025-07-05,90,4.51085950651685
53,2025-07-12,93,4.543294782270004
53,2025-07-19,96,4.574710978503383
53,2025-07-26,103,4.6443908991413725
53,2025-08-02,131,4.882801922586371
53,2025-08-09,125,4.836281906951478
53,2025-08-16,160,5.081404364984463
53,2025-08-23,158,5.0689042022202315
53,2025-08-30,189,5.247024072160486
53,2025-09-06,179,5.19295685089021
53,2025-09-13,187,5.236441962829949
53,2025-09-20,187,5.236441962829949
53,2025-09-27,181,5.204006687076795
53,2025-10-04,191,5.2574953720277815
53,2025-10-11,155,5.049856007249537
53,2025-10-18,107,4.68213122712422
53,2025-10-25,93,4.543294782270004
53,2025-11-01,66,4.204692619390966
53,2025-11-08,51,3.9512437185814275
53,2025-11-15,63,4.1588830833596715
53,2025-11-22,40,3.713572066704308
53,2025-11-29,47,3.871201010907891
53,2025-12-06,50,3.9318256327243257
53,2025-12-13,33,3.5263605246161616
53,2025-12-20,35,3.58351893845611
53,2025-12-27,50,3.9318256327243257
53,2026-01-03,66,4.204692619390966
55,2024-11-09,158,5.0689042022202315
55,2024-11-16,149,5.0106352940962555
55,2024-11-23,154,5.043425116919247
55,2024-11-30,138,4.9344739331306915
55,2024-12-07,194,5.272999558563747
55,2024-12-14,231,5.44673737166631
55,2024-12-21,295,5.69035945432406
55,2024-12-28,406,6.008813185442595
55,2025-01-04,522,6.259581464064923
55,2025-01-11,403,6.0014148779611505
55,2025-01-18,414,6.028278520230698
55,2025-01-25,364,5.8998973535824915
55,2025-02-01,312,5.746203190540153
55,2025-02-08,339,5.8289456176102075
55,2025-02-15,274,5.616771097666572
55,2025-02-22,229,5.438079308923196
55,2025-03-01,192,5.262690188904886
55,2025-03-08,165,5.111987788356544
55,2025-03-15,146,4.990432586778736
55,2025-03-22,140,4.948759890378168
55,2025-03-29,112,4.727387818712341
55,2025-04-05,113,4.736198448394496
55,2025-04-12,91,4.5217885770490405
55,2025-04-19,92,4.532599493153256
55,2025-04-26,84,4.442651256490317
55,2025-05-03,65,4.189654742026425
55,2025-05-10,61,4.127134385045092
55,2025-05-17,50,3.9318256327243257
55,2025-05-24,34,3.5553480614894135
55,2025-05-31,36,3.6109179126442243
55,2025-06-07,37,3.6375861597263857
55,2025-06-14,19,2.995732273553991
55,2025-06-21,37,3.6375861597263857
55,2025-06-28,27,3.332204510175204
55,2025-07-05,28,3.367295829986474
55,2025-07-12,35,3.58351893845611
55,2025-07-19,48,3.8918202981106265
55,2025-07-26,41,3.7376696182833684
55,2025-08-02,47,3.871201010907891
55,2025-08-09,61,4.127134385045092
55,2025-08-16,75,4.330733340286331
55,2025-08-23,82,4.418840607796598
55,2025-08-30,96,4.574710978503383
55,2025-09-06,131,4.882801922586371
55,2025-09-13,156,5.056245805348308
55,2025-09-20,157,5.062595033026967
55,2025-09-27,136,4.919980925828125
55,2025-10-04,95,4.564348191467836
55,2025-10-11,93,4.543294782270004
55,2025-10-18,63,4.1588830833596715
55,2025-10-25,45,3.828641396489095
55,2025-11-01,41,3.7376696182833684
55,2025-11-08,57,4.060443010546419
55,2025-11-15,66,4.204692619390966
55,2025-11-22,61,4.127134385045092
55,2025-11-29,68,4.23410650459726
55,2025-12-06,82,4.418840607796598
55,2025-12-13,100,4.61512051684126
55,2025-12-20,149,5.0106352940962555
55,2025-12-27,200,5.303304908059076
55,2026-01-03,290,5.673323267171493
54,2024-11-09,62,4.143134726391533
54,2024-11-16,66,4.204692619390966
54,2024-11-23,147,4.997212273764115
54,2024-11-30,147,4.997212273764115
54,2024-12-07,92,4.532599493153256
54,2024-12-14,157,5.062595033026967
54,2024-12-21,102,4.634728988229636
54,2024-12-28,161,5.087596335232384
54,2025-01-04,181,5.204006687076795
54,2025-01-11,141,4.955827057601261
54,2025-01-18,143,4.969813299576001
54,2025-01-25,111,4.718498871295094
54,2025-02-01,109,4.700480365792417
54,2025-02-08,114,4.74493212836325
54,2025-02-15,124,4.8283137373023015
54,2025-02-22,110,4.709530201312334
54,2025-03-01,104,4.653960350157523
54,2025-03-08,91,4.5217885770490405
54,2025-03-15,61,4.127134385045092
54,2025-03-22,63,4.1588830833596715
54,2025-03-29,59,4.0943445622221
54,2025-04-05,49,3.912023005428146
54,2025-04-12,32,3.4965075614664802
54,2025-04-19,27,3.332204510175204
54,2025-04-26,40,3.713572066704308
54,2025-05-03,19,2.995732273553991
54,2025-05-10,19,2.995732273553991
54,2025-05-17,11,2.4849066497880004
54,2025-05-24,17,2.8903717578961645
54,2025-05-31,11,2.4849066497880004
54,2025-06-07,5,1.791759469228055
54,2025-06-14,8,2.1972245773362196
54,2025-06-21,9,2.302585092994046
54,2025-06-28,14,2.70805020110221
54,2025-07-05,12,2.5649493574615367
54,2025-07-12,11,2.4849066497880004
54,2025-07-19,9,2.302585092994046
54,2025-07-26,13,2.6390573296152584
54,2025-08-02,15,2.772588722239781
54,2025-08-09,41,3.7376696182833684
54,2025-08-16,30,3.4339872044851463
54,2025-08-23,33,3.5263605246161616
54,2025-08-30,40,3.713572066704308
54,2025-09-06,49,3.912023005428146
54,2025-09-13,72,4.290459441148391
54,2025-09-20,76,4.343805421853684
54,2025-09-27,60,4.110873864173311
54,2025-10-04,41,3.7376696182833684
54,2025-10-11,39,3.6888794541139363
54,2025-10-18,26,3.295836866004329
54,2025-10-25,23,3.1780538303479458
54,2025-11-01,22,3.1354942159291497
54,2025-11-08,23,3.1780538303479458
54,2025-11-15,47,3.871201010907891
54,2025-11-22,60,4.110873864173311
54,2025-11-29,46,3.8501476017100584
54,2025-12-06,69,4.248495242049359
54,2025-12-13,46,3.8501476017100584
54,2025-12-20,85,4.454347296253507
54,2025-12-27,127,4.852030263919617
54,2026-01-03,178,5.187385805840755
56,2024-11-09,61,4.127134385045092
56,2024-11-16,47,3.871201010907891
56,2024-11-23,33,3.5263605246161616
56,2024-11-30,45,3.828641396489095
56,2024-12-07,40,3.713572066704308
56,2024-12-14,57,4.060443010546419
56,2024-12-21,38,3.6635616461296463
56,2024-12-28,92,4.532599493153256
56,2025-01-04,45,3.828641396489095
56,2025-01-11,45,3.828641396489095
56,2025-01-18,47,3.871201010907891
56,2025-01-25,29,3.4011973816621555
56,2025-02-01,54,4.007333185232471
56,2025-02-08,23,3.1780538303479458
56,2025-02-15,24,3.2188758248682006
56,2025-02-22,20,3.044522437723423
56,2025-03-01,15,2.772588722239781
56,2025-03-08,13,2.6390573296152584
56,2025-03-15,20,3.044522437723423
56,2025-03-22,20,3.044522437723423
56,2025-03-29,17,2.8903717578961645
56,2025-04-05,9,2.302585092994046
56,2025-04-12,13,2.6390573296152584
56,2025-04-19,5,1.791759469228055
56,2025-04-26,13,2.6390573296152584
56,2025-05-03,6,1.9459101490553132
56,2025-05-10,5,1.791759469228055
56,2025-05-17,12,2.5649493574615367
56,2025-05-24,6,1.9459101490553132
56,2025-05-31,4,1.6094379124341003
56,2025-06-07,2,1.0986122886681098
56,2025-06-14,10,2.3978952727983707
56,2025-06-21,3,1.3862943611198906
56,2025-06-28,7,2.0794415416798357
56,2025-07-05,2,1.0986122886681098
56,2025-07-12,11,2.4849066497880004
56,2025-07-19,9,2.302585092994046
56,2025-07-26,7,2.0794415416798357
56,2025-08-02,11,2.4849066497880004
56,2025-08-09,15,2.772588722239781
56,2025-08-16,12,2.5649493574615367
56,2025-08-23,13,2.6390573296152584
56,2025-08-30,10,2.3978952727983707
56,2025-09-06,23,3.1780538303479458
56,2025-09-13,16,2.833213344056216
56,2025-09-20,12,2.5649493574615367
56,2025-09-27,12,2.5649493574615367
56,2025-10-04,5,1.791759469228055
56,2025-10-11,8,2.1972245773362196
56,2025-10-18,13,2.6390573296152584
56,2025-10-25,16,2.833213344056216
56,2025-11-01,5,1.791759469228055
56,2025-11-08,8,2.1972245773362196
56,2025-11-15,3,1.3862943611198906
56,2025-11-22,9,2.302585092994046
56,2025-11-29,11,2.4849066497880004
56,2025-12-06,16,2.833213344056216
56,2025-12-13,20,3.044522437723423
56,2025-12-20,15,2.772588722239781
56,2025-12-27,13,2.6390573296152584
56,2026-01-03,21,3.091042453358316
