target_end_date,location,location_name,value,weekly_rate
2025-09-20,02,Alaska,1,0.135110851698276
2025-09-20,33,New Hampshire,1,0.0709707089689943
2025-09-20,16,Idaho,0,0
2025-09-20,31,Nebraska,3,0.149591241931422
2025-09-20,44,Rhode Island,0,0
2025-09-20,29,Missouri,16,0.256185847461182
2025-09-20,37,North Carolina,19,0.172007592958335
2025-09-20,18,Indiana,10,0.14441945185597
2025-09-20,15,Hawaii,1,0.0691493113420083
2025-09-20,08,Colorado,4,0.0671423365499548
2025-09-20,40,Oklahoma,8,0.19534144830545
2025-09-20,26,Michigan,20,0.197229730922437
2025-09-20,17,Illinois,9,0.0708095052791633
2025-09-20,25,Massachusetts,6,0.0840787027104592
2025-09-20,51,Virginia,12,0.136190380532947
2025-09-20,23,Maine,0,0
2025-09-20,72,Puerto Rico,82,2.55986413989345
2025-09-20,27,Minnesota,3,0.0517852892147986
2025-09-20,55,Wisconsin,4,0.0671031165203679
2025-09-20,39,Ohio,12,0.100982016449297
2025-09-20,19,Iowa,3,0.0925500881076839
2025-09-20,09,Connecticut,8,0.217682987720775
2025-09-20,54,West Virginia,0,0
2025-09-20,41,Oregon,0,0
2025-09-20,56,Wyoming,1,0.170178585407527
2025-09-20,47,Tennessee,39,0.539587008405105
2025-09-20,12,Florida,134,0.573330341176478
2025-09-20,34,New Jersey,11,0.115779102314098
2025-09-20,10,Delaware,2,0.190129069118571
2025-09-20,24,Maryland,6,0.0957973694042362
2025-09-20,36,New York,9,0.0453006878456442
2025-09-20,11,District of Columbia,0,0
2025-09-20,32,Nevada,8,0.244837973880073
2025-09-20,30,Montana,0,0
2025-09-20,28,Mississippi,13,0.44171937568063
2025-09-20,04,Arizona,10,0.131884642086183
2025-09-20,22,Louisiana,22,0.478495956709166
2025-09-20,06,California,69,0.17498805452922
2025-09-20,35,New Mexico,1,0.0469427148661945
2025-09-20,21,Kentucky,6,0.13076533463285
2025-09-20,01,Alabama,14,0.271438872256795
2025-09-20,53,Washington,6,0.0753941227768158
2025-09-20,13,Georgia,17,0.152045304492187
2025-09-20,05,Arkansas,3,0.0971391232999844
2025-09-20,US,US,816,0.239921681095466
2025-09-20,45,South Carolina,4,0.0730082749404024
2025-09-20,38,North Dakota,2,0.25107712084844
2025-09-20,20,Kansas,6,0.201978990145445
2025-09-20,50,Vermont,0,0
2025-09-20,48,Texas,87,0.278036719446665
2025-09-20,42,Pennsylvania,121,0.925164795935025
2025-09-20,46,South Dakota,2,0.21629361425548
2025-09-20,49,Utah,1,0.0285419651085893
2025-09-13,55,Wisconsin,8,0.134206233040736
2025-09-13,31,Nebraska,3,0.149591241931422
2025-09-13,24,Maryland,6,0.0957973694042362
2025-09-13,39,Ohio,14,0.11781235252418
2025-09-13,01,Alabama,31,0.601043217140046
2025-09-13,25,Massachusetts,13,0.182170522539328
2025-09-13,26,Michigan,28,0.276121623291411
2025-09-13,30,Montana,1,0.0879327279458123
2025-09-13,47,Tennessee,35,0.484244751132787
2025-09-13,02,Alaska,12,1.62133022037931
2025-09-13,22,Louisiana,17,0.369746875638901
2025-09-13,27,Minnesota,5,0.0863088153579977
2025-09-13,32,Nevada,7,0.214233227145064
2025-09-13,49,Utah,4,0.114167860434357
2025-09-13,06,California,85,0.215564994709908
2025-09-13,44,Rhode Island,0,0
2025-09-13,21,Kentucky,12,0.2615306692657
2025-09-13,28,Mississippi,15,0.509676202708419
2025-09-13,54,West Virginia,1,0.0564978454546636
2025-09-13,51,Virginia,12,0.136190380532947
2025-09-13,04,Arizona,7,0.092319249460328
2025-09-13,10,Delaware,0,0
2025-09-13,72,Puerto Rico,122,3.80857835447563
2025-09-13,34,New Jersey,10,0.105253729376453
2025-09-13,41,Oregon,3,0.0702186209952272
2025-09-13,17,Illinois,12,0.0944126737055511
2025-09-13,42,Pennsylvania,120,0.917518805885975
2025-09-13,40,Oklahoma,6,0.146506086229087
2025-09-13,36,New York,15,0.0755011464094071
2025-09-13,09,Connecticut,6,0.163262240790581
2025-09-13,35,New Mexico,1,0.0469427148661945
2025-09-13,53,Washington,14,0.17591961981257
2025-09-13,46,South Dakota,2,0.21629361425548
2025-09-13,12,Florida,142,0.607559018261641
2025-09-13,08,Colorado,1,0.0167855841374887
2025-09-13,US,US,958,0.281672757952766
2025-09-13,37,North Carolina,7,0.063371218458334
2025-09-13,38,North Dakota,4,0.50215424169688
2025-09-13,29,Missouri,12,0.192139385595887
2025-09-13,23,Maine,2,0.142347538668709
2025-09-13,19,Iowa,0,0
2025-09-13,20,Kansas,5,0.168315825121204
2025-09-13,16,Idaho,3,0.149878673214033
2025-09-13,50,Vermont,1,0.154203669122103
2025-09-13,15,Hawaii,6,0.41489586805205
2025-09-13,45,South Carolina,15,0.273781031026509
2025-09-13,18,Indiana,10,0.14441945185597
2025-09-13,48,Texas,104,0.332365733591415
2025-09-13,05,Arkansas,1,0.0323797077666615
2025-09-13,13,Georgia,14,0.125213780170037
2025-09-13,11,District of Columbia,0,0
2025-09-13,56,Wyoming,1,0.170178585407527
2025-09-13,33,New Hampshire,0,0
2025-09-06,US,US,921,0.270793956236427
2025-09-06,33,New Hampshire,0,0
2025-09-06,06,California,88,0.223173170993787
2025-09-06,01,Alabama,23,0.445935290136163
2025-09-06,72,Puerto Rico,139,4.33928189567305
2025-09-06,55,Wisconsin,10,0.16775779130092
2025-09-06,42,Pennsylvania,90,0.688139104414481
2025-09-06,31,Nebraska,3,0.149591241931422
2025-09-06,10,Delaware,0,0
2025-09-06,05,Arkansas,2,0.0647594155333229
2025-09-06,49,Utah,2,0.0570839302171787
2025-09-06,21,Kentucky,8,0.174353779510467
2025-09-06,17,Illinois,5,0.0393386140439796
2025-09-06,34,New Jersey,14,0.147355221127034
2025-09-06,45,South Carolina,7,0.127764481145704
2025-09-06,50,Vermont,0,0
2025-09-06,13,Georgia,12,0.107326097288603
2025-09-06,46,South Dakota,1,0.10814680712774
2025-09-06,25,Massachusetts,12,0.168157405420918
2025-09-06,48,Texas,116,0.370715625928886
2025-09-06,22,Louisiana,19,0.413246508067007
2025-09-06,19,Iowa,2,0.0617000587384559
2025-09-06,53,Washington,13,0.163353932683101
2025-09-06,54,West Virginia,0,0
2025-09-06,51,Virginia,12,0.136190380532947
2025-09-06,15,Hawaii,4,0.276597245368033
2025-09-06,37,North Carolina,11,0.0995833432916677
2025-09-06,29,Missouri,7,0.112081308264267
2025-09-06,28,Mississippi,17,0.577633029736209
2025-09-06,38,North Dakota,2,0.25107712084844
2025-09-06,39,Ohio,6,0.0504910082246486
2025-09-06,35,New Mexico,2,0.093885429732389
2025-09-06,40,Oklahoma,9,0.219759129343631
2025-09-06,04,Arizona,5,0.0659423210430915
2025-09-06,09,Connecticut,6,0.163262240790581
2025-09-06,23,Maine,1,0.0711737693343544
2025-09-06,30,Montana,2,0.175865455891625
2025-09-06,12,Florida,169,0.723080803424066
2025-09-06,27,Minnesota,2,0.0345235261431991
2025-09-06,18,Indiana,13,0.187745287412762
2025-09-06,41,Oregon,3,0.0702186209952272
2025-09-06,44,Rhode Island,0,0
2025-09-06,16,Idaho,0,0
2025-09-06,26,Michigan,14,0.138060811645706
2025-09-06,36,New York,19,0.0956347854519156
2025-09-06,11,District of Columbia,0,0
2025-09-06,32,Nevada,5,0.153023733675046
2025-09-06,24,Maryland,3,0.0478986847021181
2025-09-06,20,Kansas,3,0.100989495072723
2025-09-06,56,Wyoming,1,0.170178585407527
2025-09-06,47,Tennessee,28,0.387395800906229
2025-09-06,08,Colorado,3,0.0503567524124661
2025-09-06,02,Alaska,3,0.405332555094828
2025-08-30,32,Nevada,3,0.0918142402050273
2025-08-30,56,Wyoming,1,0.170178585407527
2025-08-30,17,Illinois,7,0.0550740596615715
2025-08-30,37,North Carolina,11,0.0995833432916677
2025-08-30,21,Kentucky,7,0.152559557071659
2025-08-30,31,Nebraska,5,0.249318736552371
2025-08-30,42,Pennsylvania,93,0.71107707456163
2025-08-30,34,New Jersey,10,0.105253729376453
2025-08-30,33,New Hampshire,2,0.141941417937989
2025-08-30,30,Montana,2,0.175865455891625
2025-08-30,38,North Dakota,1,0.12553856042422
2025-08-30,44,Rhode Island,0,0
2025-08-30,27,Minnesota,3,0.0517852892147986
2025-08-30,55,Wisconsin,4,0.0671031165203679
2025-08-30,18,Indiana,10,0.14441945185597
2025-08-30,20,Kansas,1,0.0336631650242408
2025-08-30,36,New York,17,0.0855679659306614
2025-08-30,29,Missouri,6,0.0960696927979433
2025-08-30,50,Vermont,1,0.154203669122103
2025-08-30,48,Texas,90,0.287624192531032
2025-08-30,11,District of Columbia,1,0.142399430402278
2025-08-30,06,California,90,0.228245288516373
2025-08-30,10,Delaware,1,0.0950645345592856
2025-08-30,15,Hawaii,4,0.276597245368033
2025-08-30,04,Arizona,9,0.118696177877565
2025-08-30,35,New Mexico,1,0.0469427148661945
2025-08-30,02,Alaska,2,0.270221703396552
2025-08-30,51,Virginia,9,0.10214278539971
2025-08-30,23,Maine,1,0.0711737693343544
2025-08-30,72,Puerto Rico,81,2.5286462845289
2025-08-30,05,Arkansas,1,0.0323797077666615
2025-08-30,41,Oregon,0,0
2025-08-30,46,South Dakota,2,0.21629361425548
2025-08-30,49,Utah,4,0.114167860434357
2025-08-30,16,Idaho,3,0.149878673214033
2025-08-30,26,Michigan,29,0.285983109837533
2025-08-30,01,Alabama,29,0.562266235389076
2025-08-30,08,Colorado,3,0.0503567524124661
2025-08-30,40,Oklahoma,2,0.0488353620763624
2025-08-30,US,US,844,0.248154287799723
2025-08-30,45,South Carolina,11,0.200772756086107
2025-08-30,53,Washington,4,0.0502627485178772
2025-08-30,12,Florida,173,0.740195141966647
2025-08-30,39,Ohio,10,0.0841516803744144
2025-08-30,47,Tennessee,25,0.345889107951991
2025-08-30,25,Massachusetts,5,0.0700655855920493
2025-08-30,09,Connecticut,6,0.163262240790581
2025-08-30,19,Iowa,1,0.030850029369228
2025-08-30,24,Maryland,6,0.0957973694042362
2025-08-30,28,Mississippi,19,0.645589856763998
2025-08-30,54,West Virginia,0,0
2025-08-30,22,Louisiana,22,0.478495956709166
2025-08-30,13,Georgia,16,0.143101463051471
2025-08-23,11,District of Columbia,0,0
2025-08-23,21,Kentucky,4,0.0871768897552335
2025-08-23,56,Wyoming,0,0
2025-08-23,28,Mississippi,16,0.543654616222314
2025-08-23,47,Tennessee,25,0.345889107951991
2025-08-23,40,Oklahoma,11,0.268594491419993
2025-08-23,30,Montana,0,0
2025-08-23,39,Ohio,10,0.0841516803744144
2025-08-23,05,Arkansas,2,0.0647594155333229
2025-08-23,51,Virginia,8,0.0907935870219647
2025-08-23,55,Wisconsin,4,0.0671031165203679
2025-08-23,72,Puerto Rico,84,2.62229985062256
2025-08-23,26,Michigan,28,0.276121623291411
2025-08-23,18,Indiana,9,0.129977506670373
2025-08-23,45,South Carolina,8,0.146016549880805
2025-08-23,16,Idaho,1,0.0499595577380111
2025-08-23,31,Nebraska,2,0.0997274946209483
2025-08-23,32,Nevada,3,0.0918142402050273
2025-08-23,08,Colorado,0,0
2025-08-23,13,Georgia,17,0.152045304492187
2025-08-23,48,Texas,87,0.278036719446665
2025-08-23,46,South Dakota,3,0.324440421383219
2025-08-23,27,Minnesota,2,0.0345235261431991
2025-08-23,22,Louisiana,20,0.43499632428106
2025-08-23,10,Delaware,0,0
2025-08-23,17,Illinois,11,0.0865449508967552
2025-08-23,23,Maine,1,0.0711737693343544
2025-08-23,38,North Dakota,0,0
2025-08-23,42,Pennsylvania,100,0.764599004904979
2025-08-23,04,Arizona,6,0.0791307852517098
2025-08-23,35,New Mexico,2,0.093885429732389
2025-08-23,44,Rhode Island,1,0.0899031563200121
2025-08-23,37,North Carolina,11,0.0995833432916677
2025-08-23,12,Florida,107,0.457808556014053
2025-08-23,54,West Virginia,0,0
2025-08-23,06,California,71,0.180060172051806
2025-08-23,20,Kansas,1,0.0336631650242408
2025-08-23,41,Oregon,5,0.117031034992045
2025-08-23,15,Hawaii,0,0
2025-08-23,24,Maryland,7,0.111763597638276
2025-08-23,53,Washington,10,0.125656871294693
2025-08-23,19,Iowa,3,0.0925500881076839
2025-08-23,33,New Hampshire,0,0
2025-08-23,02,Alaska,2,0.270221703396552
2025-08-23,34,New Jersey,11,0.115779102314098
2025-08-23,29,Missouri,12,0.192139385595887
2025-08-23,36,New York,20,0.100668195212543
2025-08-23,49,Utah,3,0.085625895325768
2025-08-23,25,Massachusetts,6,0.0840787027104592
2025-08-23,US,US,763,0.224338532690981
2025-08-23,09,Connecticut,4,0.108841493860387
2025-08-23,50,Vermont,0,0
2025-08-23,01,Alabama,24,0.465323781011649
2025-08-16,02,Alaska,4,0.540443406793103
2025-08-16,22,Louisiana,21,0.456746140495113
2025-08-16,21,Kentucky,6,0.13076533463285
2025-08-16,29,Missouri,8,0.128092923730591
2025-08-16,18,Indiana,8,0.115535561484776
2025-08-16,27,Minnesota,0,0
2025-08-16,51,Virginia,9,0.10214278539971
2025-08-16,16,Idaho,1,0.0499595577380111
2025-08-16,47,Tennessee,23,0.318217979315831
2025-08-16,39,Ohio,5,0.0420758401872072
2025-08-16,72,Puerto Rico,44,1.37358563604039
2025-08-16,13,Georgia,19,0.169932987373621
2025-08-16,20,Kansas,0,0
2025-08-16,55,Wisconsin,1,0.016775779130092
2025-08-16,24,Maryland,6,0.0957973694042362
2025-08-16,01,Alabama,27,0.523489253638105
2025-08-16,56,Wyoming,0,0
2025-08-16,33,New Hampshire,5,0.354853544844972
2025-08-16,17,Illinois,16,0.125883564940735
2025-08-16,42,Pennsylvania,105,0.802828955150228
2025-08-16,23,Maine,0,0
2025-08-16,38,North Dakota,3,0.37661568127266
2025-08-16,40,Oklahoma,5,0.122088405190906
2025-08-16,44,Rhode Island,1,0.0899031563200121
2025-08-16,US,US,761,0.223750489354963
2025-08-16,45,South Carolina,2,0.0365041374702012
2025-08-16,11,District of Columbia,1,0.142399430402278
2025-08-16,50,Vermont,0,0
2025-08-16,49,Utah,3,0.085625895325768
2025-08-16,26,Michigan,20,0.197229730922437
2025-08-16,37,North Carolina,11,0.0995833432916677
2025-08-16,53,Washington,10,0.125656871294693
2025-08-16,04,Arizona,18,0.237392355755129
2025-08-16,35,New Mexico,1,0.0469427148661945
2025-08-16,15,Hawaii,4,0.276597245368033
2025-08-16,32,Nevada,7,0.214233227145064
2025-08-16,54,West Virginia,0,0
2025-08-16,12,Florida,137,0.586166095083414
2025-08-16,25,Massachusetts,6,0.0840787027104592
2025-08-16,28,Mississippi,15,0.509676202708419
2025-08-16,34,New Jersey,12,0.126304475251743
2025-08-16,31,Nebraska,1,0.0498637473104741
2025-08-16,48,Texas,90,0.287624192531032
2025-08-16,10,Delaware,0,0
2025-08-16,36,New York,14,0.0704677366487799
2025-08-16,41,Oregon,2,0.0468124139968182
2025-08-16,09,Connecticut,7,0.190472614255678
2025-08-16,30,Montana,1,0.0879327279458123
2025-08-16,19,Iowa,2,0.0617000587384559
2025-08-16,05,Arkansas,4,0.129518831066646
2025-08-16,08,Colorado,3,0.0503567524124661
2025-08-16,06,California,72,0.182596230813099
2025-08-16,46,South Dakota,1,0.10814680712774
2025-08-09,41,Oregon,3,0.0702186209952272
2025-08-09,27,Minnesota,1,0.0172617630715995
2025-08-09,50,Vermont,0,0
2025-08-09,38,North Dakota,4,0.50215424169688
2025-08-09,02,Alaska,2,0.270221703396552
2025-08-09,22,Louisiana,18,0.391496691852954
2025-08-09,39,Ohio,2,0.0168303360748829
2025-08-09,12,Florida,124,0.530544494820025
2025-08-09,11,District of Columbia,2,0.284798860804557
2025-08-09,31,Nebraska,0,0
2025-08-09,33,New Hampshire,3,0.212912126906983
2025-08-09,28,Mississippi,12,0.407740962166735
2025-08-09,53,Washington,7,0.0879598099062851
2025-08-09,48,Texas,79,0.252470124555017
2025-08-09,72,Puerto Rico,91,2.84082483817444
2025-08-09,42,Pennsylvania,92,0.703431084512581
2025-08-09,10,Delaware,0,0
2025-08-09,37,North Carolina,12,0.108636374500001
2025-08-09,34,New Jersey,9,0.0947283564388074
2025-08-09,04,Arizona,11,0.145073106294801
2025-08-09,44,Rhode Island,1,0.0899031563200121
2025-08-09,21,Kentucky,2,0.0435884448776167
2025-08-09,29,Missouri,8,0.128092923730591
2025-08-09,51,Virginia,10,0.113491983777456
2025-08-09,26,Michigan,13,0.128199325099584
2025-08-09,09,Connecticut,9,0.244893361185872
2025-08-09,23,Maine,0,0
2025-08-09,18,Indiana,12,0.173303342227165
2025-08-09,15,Hawaii,6,0.41489586805205
2025-08-09,46,South Dakota,1,0.10814680712774
2025-08-09,16,Idaho,2,0.0999191154760222
2025-08-09,47,Tennessee,32,0.442738058178548
2025-08-09,25,Massachusetts,6,0.0840787027104592
2025-08-09,49,Utah,8,0.228335720868715
2025-08-09,06,California,64,0.162307760722754
2025-08-09,32,Nevada,4,0.122418986940036
2025-08-09,24,Maryland,3,0.0478986847021181
2025-08-09,55,Wisconsin,3,0.0503273373902759
2025-08-09,US,US,733,0.215517882650707
2025-08-09,30,Montana,1,0.0879327279458123
2025-08-09,13,Georgia,10,0.0894384144071691
2025-08-09,45,South Carolina,5,0.091260343675503
2025-08-09,17,Illinois,11,0.0865449508967552
2025-08-09,35,New Mexico,1,0.0469427148661945
2025-08-09,20,Kansas,1,0.0336631650242408
2025-08-09,01,Alabama,17,0.329604344883251
2025-08-09,36,New York,12,0.0604009171275257
2025-08-09,08,Colorado,5,0.0839279206874435
2025-08-09,40,Oklahoma,7,0.170923767267268
2025-08-09,19,Iowa,1,0.030850029369228
2025-08-09,56,Wyoming,0,0
2025-08-09,54,West Virginia,2,0.112995690909327
2025-08-09,05,Arkansas,2,0.0647594155333229
2025-08-02,US,US,784,0.230512987719174
2025-08-02,09,Connecticut,5,0.136051867325484
2025-08-02,38,North Dakota,2,0.25107712084844
2025-08-02,28,Mississippi,5,0.169892067569473
2025-08-02,20,Kansas,3,0.100989495072723
2025-08-02,12,Florida,147,0.628951941439868
2025-08-02,44,Rhode Island,1,0.0899031563200121
2025-08-02,55,Wisconsin,5,0.0838788956504599
2025-08-02,39,Ohio,16,0.134642688599063
2025-08-02,72,Puerto Rico,101,3.15300339181999
2025-08-02,17,Illinois,14,0.110148119323143
2025-08-02,15,Hawaii,4,0.276597245368033
2025-08-02,45,South Carolina,6,0.109512412410604
2025-08-02,26,Michigan,16,0.157783784737949
2025-08-02,56,Wyoming,2,0.340357170815053
2025-08-02,06,California,70,0.177524113290513
2025-08-02,29,Missouri,8,0.128092923730591
2025-08-02,10,Delaware,0,0
2025-08-02,53,Washington,4,0.0502627485178772
2025-08-02,42,Pennsylvania,92,0.703431084512581
2025-08-02,24,Maryland,6,0.0957973694042362
2025-08-02,08,Colorado,3,0.0503567524124661
2025-08-02,05,Arkansas,2,0.0647594155333229
2025-08-02,04,Arizona,5,0.0659423210430915
2025-08-02,51,Virginia,10,0.113491983777456
2025-08-02,33,New Hampshire,3,0.212912126906983
2025-08-02,47,Tennessee,17,0.235204593407354
2025-08-02,13,Georgia,22,0.196764511695772
2025-08-02,18,Indiana,7,0.101093616299179
2025-08-02,40,Oklahoma,5,0.122088405190906
2025-08-02,31,Nebraska,1,0.0498637473104741
2025-08-02,02,Alaska,2,0.270221703396552
2025-08-02,49,Utah,1,0.0285419651085893
2025-08-02,48,Texas,83,0.265253422000841
2025-08-02,22,Louisiana,21,0.456746140495113
2025-08-02,30,Montana,0,0
2025-08-02,36,New York,13,0.0654343268881528
2025-08-02,32,Nevada,14,0.428466454290127
2025-08-02,50,Vermont,0,0
2025-08-02,37,North Carolina,12,0.108636374500001
2025-08-02,19,Iowa,2,0.0617000587384559
2025-08-02,35,New Mexico,1,0.0469427148661945
2025-08-02,54,West Virginia,1,0.0564978454546636
2025-08-02,46,South Dakota,2,0.21629361425548
2025-08-02,11,District of Columbia,0,0
2025-08-02,27,Minnesota,3,0.0517852892147986
2025-08-02,41,Oregon,4,0.0936248279936363
2025-08-02,16,Idaho,1,0.0499595577380111
2025-08-02,21,Kentucky,5,0.108971112194042
2025-08-02,23,Maine,0,0
2025-08-02,01,Alabama,19,0.368381326634222
2025-08-02,25,Massachusetts,8,0.112104936947279
2025-08-02,34,New Jersey,7,0.0736776105635169
2025-07-26,21,Kentucky,15,0.326913336582125
2025-07-26,35,New Mexico,3,0.140828144598583
2025-07-26,47,Tennessee,23,0.318217979315831
2025-07-26,49,Utah,4,0.114167860434357
2025-07-26,46,South Dakota,4,0.432587228510959
2025-07-26,34,New Jersey,10,0.105253729376453
2025-07-26,30,Montana,0,0
2025-07-26,37,North Carolina,14,0.126742436916668
2025-07-26,28,Mississippi,12,0.407740962166735
2025-07-26,02,Alaska,4,0.540443406793103
2025-07-26,05,Arkansas,4,0.129518831066646
2025-07-26,40,Oklahoma,10,0.244176810381812
2025-07-26,17,Illinois,7,0.0550740596615715
2025-07-26,38,North Dakota,0,0
2025-07-26,20,Kansas,3,0.100989495072723
2025-07-26,06,California,66,0.16737987824534
2025-07-26,09,Connecticut,2,0.0544207469301937
2025-07-26,31,Nebraska,2,0.0997274946209483
2025-07-26,54,West Virginia,0,0
2025-07-26,27,Minnesota,4,0.0690470522863982
2025-07-26,53,Washington,6,0.0753941227768158
2025-07-26,01,Alabama,16,0.310215854007766
2025-07-26,12,Florida,162,0.693130710974548
2025-07-26,42,Pennsylvania,119,0.909872815836925
2025-07-26,25,Massachusetts,4,0.0560524684736394
2025-07-26,US,US,869,0.255504829499951
2025-07-26,55,Wisconsin,3,0.0503273373902759
2025-07-26,36,New York,19,0.0956347854519156
2025-07-26,15,Hawaii,6,0.41489586805205
2025-07-26,56,Wyoming,0,0
2025-07-26,23,Maine,1,0.0711737693343544
2025-07-26,72,Puerto Rico,110,3.43396409010097
2025-07-26,51,Virginia,12,0.136190380532947
2025-07-26,16,Idaho,2,0.0999191154760222
2025-07-26,29,Missouri,13,0.208151001062211
2025-07-26,48,Texas,87,0.278036719446665
2025-07-26,45,South Carolina,5,0.091260343675503
2025-07-26,10,Delaware,0,0
2025-07-26,19,Iowa,0,0
2025-07-26,32,Nevada,6,0.183628480410055
2025-07-26,33,New Hampshire,3,0.212912126906983
2025-07-26,50,Vermont,0,0
2025-07-26,22,Louisiana,16,0.347997059424848
2025-07-26,41,Oregon,9,0.210655862985682
2025-07-26,44,Rhode Island,0,0
2025-07-26,08,Colorado,2,0.0335711682749774
2025-07-26,11,District of Columbia,0,0
2025-07-26,04,Arizona,6,0.0791307852517098
2025-07-26,24,Maryland,18,0.287392108212708
2025-07-26,13,Georgia,14,0.125213780170037
2025-07-26,26,Michigan,18,0.177506757830193
2025-07-26,39,Ohio,19,0.159888192711387
2025-07-26,18,Indiana,6,0.0866516711135823
2025-07-19,22,Louisiana,20,0.43499632428106
2025-07-19,18,Indiana,7,0.101093616299179
2025-07-19,56,Wyoming,0,0
2025-07-19,47,Tennessee,34,0.470409186814707
2025-07-19,53,Washington,5,0.0628284356473465
2025-07-19,US,US,841,0.247272222795695
2025-07-19,30,Montana,2,0.175865455891625
2025-07-19,35,New Mexico,3,0.140828144598583
2025-07-19,13,Georgia,21,0.187820670255055
2025-07-19,38,North Dakota,1,0.12553856042422
2025-07-19,08,Colorado,4,0.0671423365499548
2025-07-19,29,Missouri,12,0.192139385595887
2025-07-19,19,Iowa,3,0.0925500881076839
2025-07-19,05,Arkansas,4,0.129518831066646
2025-07-19,54,West Virginia,0,0
2025-07-19,72,Puerto Rico,99,3.09056768109088
2025-07-19,32,Nevada,9,0.275442720615082
2025-07-19,37,North Carolina,12,0.108636374500001
2025-07-19,39,Ohio,15,0.126227520561622
2025-07-19,49,Utah,4,0.114167860434357
2025-07-19,25,Massachusetts,10,0.140131171184099
2025-07-19,06,California,72,0.182596230813099
2025-07-19,24,Maryland,4,0.0638649129361574
2025-07-19,42,Pennsylvania,106,0.810474945199278
2025-07-19,09,Connecticut,4,0.108841493860387
2025-07-19,33,New Hampshire,1,0.0709707089689943
2025-07-19,31,Nebraska,2,0.0997274946209483
2025-07-19,04,Arizona,10,0.131884642086183
2025-07-19,45,South Carolina,3,0.0547562062053018
2025-07-19,17,Illinois,11,0.0865449508967552
2025-07-19,02,Alaska,6,0.810665110189655
2025-07-19,12,Florida,155,0.663180618525031
2025-07-19,34,New Jersey,13,0.136829848189389
2025-07-19,16,Idaho,2,0.0999191154760222
2025-07-19,10,Delaware,1,0.0950645345592856
2025-07-19,50,Vermont,0,0
2025-07-19,01,Alabama,13,0.25205038138131
2025-07-19,15,Hawaii,3,0.207447934026025
2025-07-19,48,Texas,82,0.262057597639385
2025-07-19,20,Kansas,3,0.100989495072723
2025-07-19,46,South Dakota,0,0
2025-07-19,11,District of Columbia,2,0.284798860804557
2025-07-19,51,Virginia,5,0.0567459918887279
2025-07-19,26,Michigan,14,0.138060811645706
2025-07-19,55,Wisconsin,7,0.117430453910644
2025-07-19,23,Maine,1,0.0711737693343544
2025-07-19,28,Mississippi,12,0.407740962166735
2025-07-19,27,Minnesota,4,0.0690470522863982
2025-07-19,41,Oregon,7,0.163843448988864
2025-07-19,21,Kentucky,9,0.196148001949275
2025-07-19,40,Oklahoma,4,0.0976707241527248
2025-07-19,36,New York,19,0.0956347854519156
2025-07-19,44,Rhode Island,0,0
2025-07-12,04,Arizona,15,0.197826963129274
2025-07-12,11,District of Columbia,0,0
2025-07-12,28,Mississippi,15,0.509676202708419
2025-07-12,05,Arkansas,8,0.259037662133292
2025-07-12,32,Nevada,4,0.122418986940036
2025-07-12,35,New Mexico,3,0.140828144598583
2025-07-12,27,Minnesota,7,0.120832341501197
2025-07-12,26,Michigan,17,0.167645271284071
2025-07-12,55,Wisconsin,1,0.016775779130092
2025-07-12,46,South Dakota,0,0
2025-07-12,54,West Virginia,3,0.169493536363991
2025-07-12,44,Rhode Island,1,0.0899031563200121
2025-07-12,22,Louisiana,19,0.413246508067007
2025-07-12,37,North Carolina,12,0.108636374500001
2025-07-12,17,Illinois,30,0.236031684263878
2025-07-12,24,Maryland,4,0.0638649129361574
2025-07-12,39,Ohio,11,0.0925668484118558
2025-07-12,53,Washington,8,0.100525497035754
2025-07-12,US,US,952,0.279908627944711
2025-07-12,41,Oregon,7,0.163843448988864
2025-07-12,48,Texas,87,0.278036719446665
2025-07-12,40,Oklahoma,2,0.0488353620763624
2025-07-12,16,Idaho,4,0.199838230952044
2025-07-12,19,Iowa,0,0
2025-07-12,09,Connecticut,5,0.136051867325484
2025-07-12,30,Montana,3,0.263798183837437
2025-07-12,25,Massachusetts,14,0.196183639657738
2025-07-12,08,Colorado,6,0.100713504824932
2025-07-12,13,Georgia,17,0.152045304492187
2025-07-12,50,Vermont,0,0
2025-07-12,45,South Carolina,4,0.0730082749404024
2025-07-12,12,Florida,173,0.740195141966647
2025-07-12,23,Maine,1,0.0711737693343544
2025-07-12,29,Missouri,12,0.192139385595887
2025-07-12,38,North Dakota,0,0
2025-07-12,72,Puerto Rico,98,3.05934982572632
2025-07-12,42,Pennsylvania,127,0.971040736229323
2025-07-12,31,Nebraska,1,0.0498637473104741
2025-07-12,10,Delaware,1,0.0950645345592856
2025-07-12,47,Tennessee,33,0.456573622496628
2025-07-12,01,Alabama,11,0.213273399630339
2025-07-12,49,Utah,7,0.199793755760125
2025-07-12,06,California,105,0.266286169935769
2025-07-12,15,Hawaii,4,0.276597245368033
2025-07-12,36,New York,24,0.120801834255051
2025-07-12,34,New Jersey,18,0.189456712877615
2025-07-12,56,Wyoming,1,0.170178585407527
2025-07-12,33,New Hampshire,3,0.212912126906983
2025-07-12,18,Indiana,4,0.0577677807423882
2025-07-12,51,Virginia,10,0.113491983777456
2025-07-12,21,Kentucky,8,0.174353779510467
2025-07-12,20,Kansas,2,0.0673263300484817
2025-07-12,02,Alaska,2,0.270221703396552
2025-07-05,44,Rhode Island,0,0
2025-07-05,22,Louisiana,21,0.456746140495113
2025-07-05,31,Nebraska,1,0.0498637473104741
2025-07-05,55,Wisconsin,2,0.0335515582601839
2025-07-05,06,California,84,0.213028935948615
2025-07-05,37,North Carolina,15,0.135795468125001
2025-07-05,39,Ohio,18,0.151473024673946
2025-07-05,46,South Dakota,1,0.10814680712774
2025-07-05,33,New Hampshire,1,0.0709707089689943
2025-07-05,02,Alaska,4,0.540443406793103
2025-07-05,48,Texas,78,0.249274300193562
2025-07-05,20,Kansas,3,0.100989495072723
2025-07-05,36,New York,22,0.110735014733797
2025-07-05,23,Maine,1,0.0711737693343544
2025-07-05,24,Maryland,7,0.111763597638276
2025-07-05,40,Oklahoma,8,0.19534144830545
2025-07-05,19,Iowa,2,0.0617000587384559
2025-07-05,38,North Dakota,4,0.50215424169688
2025-07-05,49,Utah,6,0.171251790651536
2025-07-05,12,Florida,180,0.770145234416165
2025-07-05,US,US,992,0.291669494665077
2025-07-05,18,Indiana,10,0.14441945185597
2025-07-05,15,Hawaii,9,0.622343802078075
2025-07-05,34,New Jersey,23,0.242083577565841
2025-07-05,30,Montana,2,0.175865455891625
2025-07-05,08,Colorado,5,0.0839279206874435
2025-07-05,41,Oregon,13,0.304280690979318
2025-07-05,45,South Carolina,11,0.200772756086107
2025-07-05,05,Arkansas,5,0.161898538833307
2025-07-05,25,Massachusetts,17,0.238222991012968
2025-07-05,04,Arizona,24,0.316523141006839
2025-07-05,16,Idaho,5,0.249797788690055
2025-07-05,35,New Mexico,4,0.187770859464778
2025-07-05,72,Puerto Rico,126,3.93344977593384
2025-07-05,26,Michigan,19,0.187368244376315
2025-07-05,09,Connecticut,2,0.0544207469301937
2025-07-05,47,Tennessee,13,0.179862336135035
2025-07-05,32,Nevada,8,0.244837973880073
2025-07-05,17,Illinois,42,0.330444357969429
2025-07-05,42,Pennsylvania,104,0.795182965101178
2025-07-05,56,Wyoming,1,0.170178585407527
2025-07-05,50,Vermont,0,0
2025-07-05,29,Missouri,11,0.176127770129563
2025-07-05,10,Delaware,3,0.285193603677857
2025-07-05,13,Georgia,9,0.0804945729664522
2025-07-05,11,District of Columbia,0,0
2025-07-05,21,Kentucky,11,0.239736446826892
2025-07-05,01,Alabama,15,0.29082736313228
2025-07-05,51,Virginia,14,0.158888777288438
2025-07-05,54,West Virginia,0,0
2025-07-05,27,Minnesota,4,0.0690470522863982
2025-07-05,53,Washington,14,0.17591961981257
2025-07-05,28,Mississippi,10,0.339784135138946
2025-06-28,04,Arizona,11,0.145073106294801
2025-06-28,30,Montana,1,0.0879327279458123
2025-06-28,47,Tennessee,19,0.262875722043513
2025-06-28,22,Louisiana,25,0.543745405351325
2025-06-28,21,Kentucky,12,0.2615306692657
2025-06-28,28,Mississippi,12,0.407740962166735
2025-06-28,45,South Carolina,16,0.29203309976161
2025-06-28,37,North Carolina,23,0.208219717791669
2025-06-28,39,Ohio,14,0.11781235252418
2025-06-28,20,Kansas,6,0.201978990145445
2025-06-28,25,Massachusetts,17,0.238222991012968
2025-06-28,12,Florida,186,0.795816742230037
2025-06-28,11,District of Columbia,2,0.284798860804557
2025-06-28,24,Maryland,6,0.0957973694042362
2025-06-28,09,Connecticut,1,0.0272103734650968
2025-06-28,29,Missouri,33,0.528383310388688
2025-06-28,19,Iowa,2,0.0617000587384559
2025-06-28,38,North Dakota,1,0.12553856042422
2025-06-28,53,Washington,13,0.163353932683101
2025-06-28,US,US,1127,0.331362419846312
2025-06-28,56,Wyoming,1,0.170178585407527
2025-06-28,31,Nebraska,0,0
2025-06-28,10,Delaware,1,0.0950645345592856
2025-06-28,05,Arkansas,20,0.647594155333229
2025-06-28,46,South Dakota,2,0.21629361425548
2025-06-28,48,Texas,104,0.332365733591415
2025-06-28,17,Illinois,33,0.259634852690266
2025-06-28,13,Georgia,24,0.214652194577206
2025-06-28,33,New Hampshire,0,0
2025-06-28,26,Michigan,32,0.315567569475898
2025-06-28,16,Idaho,1,0.0499595577380111
2025-06-28,06,California,93,0.235853464800253
2025-06-28,44,Rhode Island,0,0
2025-06-28,34,New Jersey,25,0.263134323441132
2025-06-28,54,West Virginia,1,0.0564978454546636
2025-06-28,40,Oklahoma,14,0.341847534534537
2025-06-28,15,Hawaii,8,0.553194490736067
2025-06-28,08,Colorado,4,0.0671423365499548
2025-06-28,42,Pennsylvania,144,1.10102256706317
2025-06-28,02,Alaska,5,0.675554258491379
2025-06-28,55,Wisconsin,2,0.0335515582601839
2025-06-28,27,Minnesota,3,0.0517852892147986
2025-06-28,51,Virginia,12,0.136190380532947
2025-06-28,23,Maine,0,0
2025-06-28,35,New Mexico,3,0.140828144598583
2025-06-28,18,Indiana,15,0.216629177783956
2025-06-28,01,Alabama,27,0.523489253638105
2025-06-28,36,New York,22,0.110735014733797
2025-06-28,49,Utah,3,0.085625895325768
2025-06-28,41,Oregon,12,0.280874483980909
2025-06-28,32,Nevada,10,0.306047467350091
2025-06-28,50,Vermont,0,0
2025-06-28,72,Puerto Rico,105,3.2778748132782
2025-06-21,06,California,116,0.294182816309992
2025-06-21,10,Delaware,2,0.190129069118571
2025-06-21,30,Montana,2,0.175865455891625
2025-06-21,37,North Carolina,22,0.199166686583335
2025-06-21,29,Missouri,39,0.624453003186632
2025-06-21,01,Alabama,22,0.426546799260678
2025-06-21,15,Hawaii,5,0.345746556710042
2025-06-21,46,South Dakota,6,0.648880842766439
2025-06-21,48,Texas,119,0.380303099013254
2025-06-21,41,Oregon,11,0.2574682769825
2025-06-21,56,Wyoming,2,0.340357170815053
2025-06-21,25,Massachusetts,8,0.112104936947279
2025-06-21,19,Iowa,3,0.0925500881076839
2025-06-21,31,Nebraska,0,0
2025-06-21,23,Maine,2,0.142347538668709
2025-06-21,24,Maryland,6,0.0957973694042362
2025-06-21,28,Mississippi,18,0.611611443250103
2025-06-21,36,New York,27,0.135902063536933
2025-06-21,26,Michigan,27,0.266260136745289
2025-06-21,17,Illinois,23,0.180957624602306
2025-06-21,18,Indiana,11,0.158861397041568
2025-06-21,35,New Mexico,8,0.375541718929556
2025-06-21,20,Kansas,5,0.168315825121204
2025-06-21,22,Louisiana,36,0.782993383705908
2025-06-21,33,New Hampshire,2,0.141941417937989
2025-06-21,32,Nevada,12,0.367256960820109
2025-06-21,39,Ohio,16,0.134642688599063
2025-06-21,05,Arkansas,14,0.45331590873326
2025-06-21,47,Tennessee,33,0.456573622496628
2025-06-21,13,Georgia,18,0.160989145932904
2025-06-21,04,Arizona,18,0.237392355755129
2025-06-21,27,Minnesota,7,0.120832341501197
2025-06-21,44,Rhode Island,0,0
2025-06-21,11,District of Columbia,1,0.142399430402278
2025-06-21,16,Idaho,7,0.349716904166078
2025-06-21,21,Kentucky,13,0.283324891704509
2025-06-21,55,Wisconsin,6,0.100654674780552
2025-06-21,38,North Dakota,3,0.37661568127266
2025-06-21,53,Washington,14,0.17591961981257
2025-06-21,40,Oklahoma,11,0.268594491419993
2025-06-21,08,Colorado,4,0.0671423365499548
2025-06-21,45,South Carolina,10,0.182520687351006
2025-06-21,72,Puerto Rico,209,6.52453177119185
2025-06-21,49,Utah,1,0.0285419651085893
2025-06-21,54,West Virginia,2,0.112995690909327
2025-06-21,09,Connecticut,4,0.108841493860387
2025-06-21,US,US,1338,0.393400991796243
2025-06-21,51,Virginia,11,0.124841182155201
2025-06-21,50,Vermont,0,0
2025-06-21,42,Pennsylvania,151,1.15454449740652
2025-06-21,02,Alaska,17,2.29688447887069
2025-06-21,12,Florida,214,0.915617112028107
2025-06-21,34,New Jersey,20,0.210507458752905
2025-06-14,22,Louisiana,33,0.717743935063749
2025-06-14,30,Montana,1,0.0879327279458123
2025-06-14,38,North Dakota,4,0.50215424169688
2025-06-14,18,Indiana,5,0.0722097259279852
2025-06-14,53,Washington,23,0.289010803977794
2025-06-14,05,Arkansas,12,0.388556493199938
2025-06-14,12,Florida,221,0.945567204477624
2025-06-14,20,Kansas,1,0.0336631650242408
2025-06-14,41,Oregon,17,0.397905518972954
2025-06-14,13,Georgia,31,0.277259084662224
2025-06-14,54,West Virginia,0,0
2025-06-14,39,Ohio,15,0.126227520561622
2025-06-14,25,Massachusetts,23,0.322301693723427
2025-06-14,72,Puerto Rico,187,5.83773895317166
2025-06-14,08,Colorado,17,0.285354930337308
2025-06-14,44,Rhode Island,0,0
2025-06-14,55,Wisconsin,4,0.0671031165203679
2025-06-14,28,Mississippi,17,0.577633029736209
2025-06-14,47,Tennessee,45,0.622600394313583
2025-06-14,35,New Mexico,6,0.281656289197167
2025-06-14,US,US,1480,0.435152068653542
2025-06-14,21,Kentucky,19,0.414090226337359
2025-06-14,37,North Carolina,18,0.162954561750002
2025-06-14,49,Utah,9,0.256877685977304
2025-06-14,27,Minnesota,10,0.172617630715995
2025-06-14,42,Pennsylvania,155,1.18512845760272
2025-06-14,32,Nevada,16,0.489675947760146
2025-06-14,33,New Hampshire,2,0.141941417937989
2025-06-14,01,Alabama,18,0.348992835758737
2025-06-14,19,Iowa,1,0.030850029369228
2025-06-14,04,Arizona,26,0.342900069424076
2025-06-14,26,Michigan,30,0.295844596383655
2025-06-14,56,Wyoming,1,0.170178585407527
2025-06-14,31,Nebraska,0,0
2025-06-14,40,Oklahoma,12,0.293012172458174
2025-06-14,09,Connecticut,4,0.108841493860387
2025-06-14,16,Idaho,9,0.4496360196421
2025-06-14,29,Missouri,41,0.65647623411928
2025-06-14,45,South Carolina,8,0.146016549880805
2025-06-14,24,Maryland,13,0.207560967042512
2025-06-14,06,California,152,0.385480931716542
2025-06-14,10,Delaware,5,0.475322672796428
2025-06-14,46,South Dakota,7,0.757027649894178
2025-06-14,48,Texas,133,0.425044640073637
2025-06-14,51,Virginia,19,0.215634769177166
2025-06-14,11,District of Columbia,2,0.284798860804557
2025-06-14,50,Vermont,0,0
2025-06-14,23,Maine,2,0.142347538668709
2025-06-14,02,Alaska,11,1.48621936868103
2025-06-14,36,New York,29,0.145968883058187
2025-06-14,34,New Jersey,24,0.252608950503486
2025-06-14,17,Illinois,24,0.188825347411102
2025-06-14,15,Hawaii,14,0.968090358788117
2025-06-07,06,California,144,0.365192461626197
2025-06-07,01,Alabama,14,0.271438872256795
2025-06-07,02,Alaska,11,1.48621936868103
2025-06-07,31,Nebraska,4,0.199454989241897
2025-06-07,53,Washington,31,0.389536301013548
2025-06-07,51,Virginia,20,0.226983967554912
2025-06-07,27,Minnesota,6,0.103570578429597
2025-06-07,16,Idaho,7,0.349716904166078
2025-06-07,39,Ohio,20,0.168303360748829
2025-06-07,36,New York,27,0.135902063536933
2025-06-07,44,Rhode Island,3,0.269709468960036
2025-06-07,21,Kentucky,20,0.435884448776167
2025-06-07,08,Colorado,20,0.335711682749774
2025-06-07,12,Florida,210,0.898502773485525
2025-06-07,72,Puerto Rico,178,5.55677825489067
2025-06-07,37,North Carolina,25,0.226325780208336
2025-06-07,50,Vermont,0,0
2025-06-07,10,Delaware,0,0
2025-06-07,19,Iowa,6,0.185100176215368
2025-06-07,40,Oklahoma,12,0.293012172458174
2025-06-07,54,West Virginia,7,0.395484918182645
2025-06-07,22,Louisiana,32,0.695994118849696
2025-06-07,26,Michigan,30,0.295844596383655
2025-06-07,28,Mississippi,17,0.577633029736209
2025-06-07,34,New Jersey,26,0.273659696378777
2025-06-07,05,Arkansas,14,0.45331590873326
2025-06-07,20,Kansas,2,0.0673263300484817
2025-06-07,09,Connecticut,8,0.217682987720775
2025-06-07,30,Montana,2,0.175865455891625
2025-06-07,47,Tennessee,34,0.470409186814707
2025-06-07,48,Texas,144,0.460198708049652
2025-06-07,04,Arizona,32,0.422030854675785
2025-06-07,11,District of Columbia,4,0.569597721609114
2025-06-07,33,New Hampshire,1,0.0709707089689943
2025-06-07,32,Nevada,12,0.367256960820109
2025-06-07,13,Georgia,28,0.250427560340073
2025-06-07,49,Utah,7,0.199793755760125
2025-06-07,25,Massachusetts,19,0.266249225249787
2025-06-07,US,US,1506,0.44279663202178
2025-06-07,23,Maine,0,0
2025-06-07,56,Wyoming,2,0.340357170815053
2025-06-07,42,Pennsylvania,160,1.22335840784797
2025-06-07,15,Hawaii,10,0.691493113420083
2025-06-07,38,North Dakota,5,0.6276928021211
2025-06-07,35,New Mexico,10,0.469427148661945
2025-06-07,45,South Carolina,9,0.164268618615905
2025-06-07,41,Oregon,16,0.374499311974545
2025-06-07,55,Wisconsin,2,0.0335515582601839
2025-06-07,17,Illinois,28,0.220296238646286
2025-06-07,29,Missouri,33,0.528383310388688
2025-06-07,24,Maryland,34,0.542851759957338
2025-06-07,18,Indiana,15,0.216629177783956
2025-06-07,46,South Dakota,3,0.324440421383219
2025-05-31,16,Idaho,5,0.249797788690055
2025-05-31,50,Vermont,1,0.154203669122103
2025-05-31,13,Georgia,26,0.23253987745864
2025-05-31,46,South Dakota,5,0.540734035638699
2025-05-31,15,Hawaii,19,1.31383691549816
2025-05-31,23,Maine,1,0.0711737693343544
2025-05-31,35,New Mexico,7,0.328599004063361
2025-05-31,72,Puerto Rico,255,7.96055311796135
2025-05-31,27,Minnesota,12,0.207141156859195
2025-05-31,55,Wisconsin,4,0.0671031165203679
2025-05-31,54,West Virginia,1,0.0564978454546636
2025-05-31,20,Kansas,9,0.302968485218168
2025-05-31,04,Arizona,54,0.712177067265388
2025-05-31,11,District of Columbia,5,0.711997152011392
2025-05-31,26,Michigan,51,0.502935813852213
2025-05-31,38,North Dakota,1,0.12553856042422
2025-05-31,19,Iowa,3,0.0925500881076839
2025-05-31,48,Texas,161,0.514527722194403
2025-05-31,45,South Carolina,18,0.328537237231811
2025-05-31,47,Tennessee,35,0.484244751132787
2025-05-31,22,Louisiana,33,0.717743935063749
2025-05-31,21,Kentucky,21,0.457678671214976
2025-05-31,36,New York,41,0.206369800185713
2025-05-31,02,Alaska,8,1.08088681358621
2025-05-31,34,New Jersey,30,0.315761188129358
2025-05-31,10,Delaware,0,0
2025-05-31,39,Ohio,19,0.159888192711387
2025-05-31,56,Wyoming,3,0.51053575622258
2025-05-31,24,Maryland,38,0.606716672893496
2025-05-31,12,Florida,226,0.966960127655851
2025-05-31,41,Oregon,14,0.327686897977727
2025-05-31,51,Virginia,27,0.306428356199131
2025-05-31,33,New Hampshire,3,0.212912126906983
2025-05-31,06,California,180,0.456490577032747
2025-05-31,28,Mississippi,18,0.611611443250103
2025-05-31,05,Arkansas,14,0.45331590873326
2025-05-31,US,US,1816,0.533943349104616
2025-05-31,17,Illinois,56,0.440592477292572
2025-05-31,30,Montana,4,0.351730911783249
2025-05-31,18,Indiana,20,0.288838903711941
2025-05-31,08,Colorado,19,0.318926098612285
2025-05-31,25,Massachusetts,26,0.364341045078656
2025-05-31,49,Utah,13,0.371045546411661
2025-05-31,42,Pennsylvania,187,1.42980013917231
2025-05-31,31,Nebraska,2,0.0997274946209483
2025-05-31,44,Rhode Island,2,0.179806312640024
2025-05-31,09,Connecticut,16,0.43536597544155
2025-05-31,53,Washington,26,0.326707865366202
2025-05-31,40,Oklahoma,8,0.19534144830545
2025-05-31,32,Nevada,15,0.459071201025137
2025-05-31,37,North Carolina,18,0.162954561750002
2025-05-31,29,Missouri,44,0.704511080518251
2025-05-31,01,Alabama,11,0.213273399630339
2025-05-24,27,Minnesota,9,0.155355867644396
2025-05-24,44,Rhode Island,2,0.179806312640024
2025-05-24,10,Delaware,0,0
2025-05-24,35,New Mexico,14,0.657198008126723
2025-05-24,34,New Jersey,25,0.263134323441132
2025-05-24,31,Nebraska,2,0.0997274946209483
2025-05-24,12,Florida,213,0.911338527392462
2025-05-24,48,Texas,141,0.450611234965284
2025-05-24,51,Virginia,33,0.374523546465604
2025-05-24,41,Oregon,19,0.444717932969773
2025-05-24,09,Connecticut,14,0.380945228511356
2025-05-24,55,Wisconsin,10,0.16775779130092
2025-05-24,18,Indiana,18,0.259955013340747
2025-05-24,39,Ohio,20,0.168303360748829
2025-05-24,30,Montana,2,0.175865455891625
2025-05-24,50,Vermont,1,0.154203669122103
2025-05-24,28,Mississippi,13,0.44171937568063
2025-05-24,19,Iowa,5,0.15425014684614
2025-05-24,US,US,1700,0.499836835615555
2025-05-24,15,Hawaii,18,1.24468760415615
2025-05-24,25,Massachusetts,29,0.406380396433886
2025-05-24,54,West Virginia,1,0.0564978454546636
2025-05-24,33,New Hampshire,1,0.0709707089689943
2025-05-24,24,Maryland,26,0.415121934085023
2025-05-24,04,Arizona,35,0.46159624730164
2025-05-24,17,Illinois,74,0.582211487850898
2025-05-24,20,Kansas,11,0.370294815266649
2025-05-24,13,Georgia,21,0.187820670255055
2025-05-24,37,North Carolina,19,0.172007592958335
2025-05-24,38,North Dakota,3,0.37661568127266
2025-05-24,16,Idaho,11,0.549555135118122
2025-05-24,06,California,177,0.448882400748868
2025-05-24,56,Wyoming,3,0.51053575622258
2025-05-24,23,Maine,2,0.142347538668709
2025-05-24,01,Alabama,28,0.54287774451359
2025-05-24,26,Michigan,51,0.502935813852213
2025-05-24,42,Pennsylvania,171,1.30746429838751
2025-05-24,05,Arkansas,14,0.45331590873326
2025-05-24,02,Alaska,10,1.35110851698276
2025-05-24,36,New York,50,0.251670488031357
2025-05-24,22,Louisiana,29,0.630744670207537
2025-05-24,29,Missouri,42,0.672487849585603
2025-05-24,53,Washington,29,0.36440492675461
2025-05-24,08,Colorado,15,0.251783762062331
2025-05-24,72,Puerto Rico,165,5.15094613515146
2025-05-24,46,South Dakota,7,0.757027649894178
2025-05-24,32,Nevada,26,0.795723415110237
2025-05-24,47,Tennessee,35,0.484244751132787
2025-05-24,40,Oklahoma,13,0.317429853496356
2025-05-24,45,South Carolina,17,0.31028516849671
2025-05-24,11,District of Columbia,2,0.284798860804557
2025-05-24,21,Kentucky,10,0.217942224388084
2025-05-24,49,Utah,14,0.399587511520251
2025-05-17,55,Wisconsin,15,0.25163668695138
2025-05-17,23,Maine,2,0.142347538668709
2025-05-17,24,Maryland,10,0.159662282340394
2025-05-17,28,Mississippi,16,0.543654616222314
2025-05-17,26,Michigan,62,0.611412165859553
2025-05-17,56,Wyoming,3,0.51053575622258
2025-05-17,53,Washington,16,0.201050994071509
2025-05-17,21,Kentucky,15,0.326913336582125
2025-05-17,31,Nebraska,5,0.249318736552371
2025-05-17,09,Connecticut,17,0.462576348906646
2025-05-17,30,Montana,0,0
2025-05-17,35,New Mexico,11,0.516369863528139
2025-05-17,01,Alabama,37,0.717374162392959
2025-05-17,36,New York,63,0.31710481491951
2025-05-17,48,Texas,202,0.645556521014095
2025-05-17,12,Florida,208,0.889945604214235
2025-05-17,51,Virginia,16,0.181587174043929
2025-05-17,17,Illinois,52,0.409121586057388
2025-05-17,18,Indiana,25,0.361048629639926
2025-05-17,49,Utah,12,0.342503581303072
2025-05-17,US,US,1856,0.545704215824982
2025-05-17,22,Louisiana,40,0.86999264856212
2025-05-17,11,District of Columbia,2,0.284798860804557
2025-05-17,16,Idaho,11,0.549555135118122
2025-05-17,32,Nevada,16,0.489675947760146
2025-05-17,40,Oklahoma,19,0.463935939725443
2025-05-17,27,Minnesota,7,0.120832341501197
2025-05-17,37,North Carolina,18,0.162954561750002
2025-05-17,50,Vermont,2,0.308407338244206
2025-05-17,19,Iowa,1,0.030850029369228
2025-05-17,13,Georgia,34,0.304090608984375
2025-05-17,41,Oregon,19,0.444717932969773
2025-05-17,33,New Hampshire,3,0.212912126906983
2025-05-17,02,Alaska,6,0.810665110189655
2025-05-17,08,Colorado,19,0.318926098612285
2025-05-17,34,New Jersey,43,0.452591036318747
2025-05-17,29,Missouri,53,0.848615619715166
2025-05-17,42,Pennsylvania,171,1.30746429838751
2025-05-17,72,Puerto Rico,192,5.99382822999443
2025-05-17,10,Delaware,0,0
2025-05-17,38,North Dakota,7,0.878769922969539
2025-05-17,54,West Virginia,5,0.282489227273318
2025-05-17,47,Tennessee,50,0.691778215903981
2025-05-17,15,Hawaii,25,1.72873278355021
2025-05-17,20,Kansas,8,0.269305320193927
2025-05-17,25,Massachusetts,30,0.420393513552296
2025-05-17,46,South Dakota,5,0.540734035638699
2025-05-17,44,Rhode Island,2,0.179806312640024
2025-05-17,04,Arizona,63,0.830873245142952
2025-05-17,45,South Carolina,15,0.273781031026509
2025-05-17,06,California,163,0.413377578090765
2025-05-17,39,Ohio,25,0.210379200936036
2025-05-17,05,Arkansas,13,0.420936200966599
2025-05-10,45,South Carolina,13,0.237276893556308
2025-05-10,04,Arizona,53,0.69898860305677
2025-05-10,26,Michigan,91,0.897395275697086
2025-05-10,31,Nebraska,10,0.498637473104741
2025-05-10,23,Maine,3,0.213521308003063
2025-05-10,06,California,164,0.415913636852058
2025-05-10,30,Montana,0,0
2025-05-10,35,New Mexico,25,1.17356787165486
2025-05-10,53,Washington,24,0.301576491107263
2025-05-10,44,Rhode Island,3,0.269709468960036
2025-05-10,34,New Jersey,40,0.421014917505811
2025-05-10,21,Kentucky,14,0.305119114143317
2025-05-10,25,Massachusetts,39,0.546511567617984
2025-05-10,46,South Dakota,1,0.10814680712774
2025-05-10,10,Delaware,3,0.285193603677857
2025-05-10,37,North Carolina,28,0.253484873833336
2025-05-10,24,Maryland,21,0.335290792914827
2025-05-10,47,Tennessee,32,0.442738058178548
2025-05-10,13,Georgia,44,0.393529023391544
2025-05-10,22,Louisiana,31,0.674244302635643
2025-05-10,09,Connecticut,9,0.244893361185872
2025-05-10,18,Indiana,27,0.38993252001112
2025-05-10,42,Pennsylvania,260,1.98795741275295
2025-05-10,55,Wisconsin,27,0.452946036512483
2025-05-10,19,Iowa,4,0.123400117476912
2025-05-10,56,Wyoming,4,0.680714341630107
2025-05-10,02,Alaska,5,0.675554258491379
2025-05-10,49,Utah,14,0.399587511520251
2025-05-10,51,Virginia,35,0.397221943221095
2025-05-10,28,Mississippi,18,0.611611443250103
2025-05-10,48,Texas,170,0.543290141447506
2025-05-10,08,Colorado,36,0.604281028949593
2025-05-10,US,US,2132,0.626854196195508
2025-05-10,41,Oregon,27,0.631967588957045
2025-05-10,33,New Hampshire,8,0.567765671751955
2025-05-10,12,Florida,231,0.988353050834078
2025-05-10,54,West Virginia,6,0.338987072727982
2025-05-10,17,Illinois,57,0.448460200101368
2025-05-10,27,Minnesota,22,0.37975878757519
2025-05-10,16,Idaho,11,0.549555135118122
2025-05-10,32,Nevada,20,0.612094934700182
2025-05-10,01,Alabama,33,0.639820198891017
2025-05-10,11,District of Columbia,6,0.85439658241367
2025-05-10,50,Vermont,1,0.154203669122103
2025-05-10,29,Missouri,49,0.784569157849871
2025-05-10,36,New York,105,0.52850802486585
2025-05-10,40,Oklahoma,13,0.317429853496356
2025-05-10,05,Arkansas,13,0.420936200966599
2025-05-10,20,Kansas,4,0.134652660096963
2025-05-10,72,Puerto Rico,210,6.5557496265564
2025-05-10,39,Ohio,32,0.269285377198126
2025-05-10,38,North Dakota,5,0.6276928021211
2025-05-10,15,Hawaii,30,2.07447934026025
2025-05-03,24,Maryland,41,0.654615357595614
2025-05-03,28,Mississippi,14,0.475697789194525
2025-05-03,19,Iowa,4,0.123400117476912
2025-05-03,36,New York,157,0.790245332418461
2025-05-03,31,Nebraska,3,0.149591241931422
2025-05-03,33,New Hampshire,6,0.425824253813966
2025-05-03,02,Alaska,9,1.21599766528448
2025-05-03,40,Oklahoma,16,0.390682896610899
2025-05-03,49,Utah,17,0.485213406846019
2025-05-03,20,Kansas,6,0.201978990145445
2025-05-03,16,Idaho,13,0.649474250594144
2025-05-03,48,Texas,190,0.607206628676624
2025-05-03,06,California,234,0.593437750142571
2025-05-03,37,North Carolina,39,0.353068217125004
2025-05-03,72,Puerto Rico,138,4.3080640403085
2025-05-03,09,Connecticut,25,0.680259336627421
2025-05-03,05,Arkansas,21,0.679973863099891
2025-05-03,45,South Carolina,16,0.29203309976161
2025-05-03,10,Delaware,6,0.570387207355713
2025-05-03,30,Montana,4,0.351730911783249
2025-05-03,53,Washington,20,0.251313742589386
2025-05-03,17,Illinois,81,0.63728554751247
2025-05-03,29,Missouri,59,0.94468531251311
2025-05-03,38,North Dakota,9,1.12984704381798
2025-05-03,25,Massachusetts,49,0.686642738802083
2025-05-03,32,Nevada,19,0.581490187965173
2025-05-03,01,Alabama,27,0.523489253638105
2025-05-03,18,Indiana,34,0.4910261363103
2025-05-03,23,Maine,10,0.711737693343544
2025-05-03,US,US,2460,0.723293303302509
2025-05-03,11,District of Columbia,4,0.569597721609114
2025-05-03,22,Louisiana,41,0.891742464776173
2025-05-03,27,Minnesota,28,0.483329366004787
2025-05-03,04,Arizona,71,0.936380958811899
2025-05-03,21,Kentucky,20,0.435884448776167
2025-05-03,55,Wisconsin,30,0.503273373902759
2025-05-03,51,Virginia,40,0.453967935109823
2025-05-03,41,Oregon,35,0.819217244944318
2025-05-03,47,Tennessee,46,0.636435958631663
2025-05-03,54,West Virginia,10,0.564978454546636
2025-05-03,12,Florida,224,0.95840295838456
2025-05-03,15,Hawaii,34,2.35107658562828
2025-05-03,46,South Dakota,4,0.432587228510959
2025-05-03,42,Pennsylvania,256,1.95737345255675
2025-05-03,34,New Jersey,70,0.736776105635169
2025-05-03,56,Wyoming,1,0.170178585407527
2025-05-03,50,Vermont,3,0.462611007366309
2025-05-03,35,New Mexico,32,1.50216687571822
2025-05-03,08,Colorado,30,0.503567524124661
2025-05-03,13,Georgia,44,0.393529023391544
2025-05-03,44,Rhode Island,8,0.719225250560097
2025-05-03,26,Michigan,117,1.15379392589625
2025-05-03,39,Ohio,45,0.378682561684865
2025-04-26,51,Virginia,54,0.612856712398262
2025-04-26,32,Nevada,29,0.887537655315264
2025-04-26,33,New Hampshire,9,0.638736380720949
2025-04-26,17,Illinois,124,0.975597628290695
2025-04-26,47,Tennessee,65,0.899311680675176
2025-04-26,02,Alaska,9,1.21599766528448
2025-04-26,34,New Jersey,72,0.75782685151046
2025-04-26,27,Minnesota,25,0.431544076789989
2025-04-26,25,Massachusetts,83,1.16308872082802
2025-04-26,21,Kentucky,38,0.828180452674718
2025-04-26,28,Mississippi,21,0.713546683791787
2025-04-26,42,Pennsylvania,472,3.6089073031515
2025-04-26,08,Colorado,42,0.704994533774526
2025-04-26,12,Florida,257,1.09959625136086
2025-04-26,31,Nebraska,12,0.59836496772569
2025-04-26,16,Idaho,20,0.999191154760222
2025-04-26,10,Delaware,3,0.285193603677857
2025-04-26,05,Arkansas,24,0.777112986399875
2025-04-26,US,US,3252,0.956158464365756
2025-04-26,44,Rhode Island,4,0.359612625280048
2025-04-26,22,Louisiana,60,1.30498897284318
2025-04-26,37,North Carolina,50,0.452651560416671
2025-04-26,29,Missouri,66,1.05676662077738
2025-04-26,49,Utah,19,0.542297337063197
2025-04-26,48,Texas,229,0.731843778773405
2025-04-26,04,Arizona,74,0.975946351437754
2025-04-26,50,Vermont,13,2.00464769858734
2025-04-26,54,West Virginia,18,1.01696121818394
2025-04-26,46,South Dakota,8,0.865174457021918
2025-04-26,45,South Carolina,33,0.60231826825832
2025-04-26,20,Kansas,9,0.302968485218168
2025-04-26,09,Connecticut,53,1.44214979365013
2025-04-26,38,North Dakota,11,1.38092416466642
2025-04-26,01,Alabama,35,0.678597180641988
2025-04-26,13,Georgia,44,0.393529023391544
2025-04-26,26,Michigan,115,1.13407095280401
2025-04-26,55,Wisconsin,33,0.553600711293035
2025-04-26,23,Maine,16,1.13878030934967
2025-04-26,53,Washington,39,0.490061798049303
2025-04-26,15,Hawaii,24,1.6595834722082
2025-04-26,24,Maryland,47,0.75041272699985
2025-04-26,18,Indiana,43,0.621003642980673
2025-04-26,40,Oklahoma,17,0.41510057764908
2025-04-26,06,California,246,0.623870455278087
2025-04-26,56,Wyoming,6,1.02107151244516
2025-04-26,30,Montana,8,0.703461823566499
2025-04-26,11,District of Columbia,7,0.996796012815949
2025-04-26,19,Iowa,14,0.431900411169191
2025-04-26,39,Ohio,87,0.732119619257405
2025-04-26,35,New Mexico,42,1.97159402438017
2025-04-26,72,Puerto Rico,181,5.65043182098433
2025-04-26,36,New York,209,1.05198263997107
2025-04-26,41,Oregon,32,0.74899862394909
2025-04-19,US,US,3880,1.1408040718755
2025-04-19,11,District of Columbia,7,0.996796012815949
2025-04-19,16,Idaho,13,0.649474250594144
2025-04-19,21,Kentucky,49,1.06791689950161
2025-04-19,37,North Carolina,60,0.543181872500005
2025-04-19,47,Tennessee,59,0.816298294766698
2025-04-19,53,Washington,42,0.527758859437711
2025-04-19,08,Colorado,40,0.671423365499548
2025-04-19,46,South Dakota,10,1.0814680712774
2025-04-19,56,Wyoming,3,0.51053575622258
2025-04-19,23,Maine,23,1.63699669469015
2025-04-19,44,Rhode Island,17,1.52835365744021
2025-04-19,17,Illinois,156,1.22736475817216
2025-04-19,18,Indiana,52,0.750981149651046
2025-04-19,39,Ohio,107,0.900422980006234
2025-04-19,05,Arkansas,29,0.939011525233182
2025-04-19,12,Florida,335,1.4333258529412
2025-04-19,25,Massachusetts,86,1.20512807218325
2025-04-19,06,California,339,0.85972392007834
2025-04-19,02,Alaska,12,1.62133022037931
2025-04-19,27,Minnesota,38,0.655946996720783
2025-04-19,31,Nebraska,13,0.648228715036164
2025-04-19,36,New York,281,1.41438814273623
2025-04-19,20,Kansas,20,0.673263300484817
2025-04-19,54,West Virginia,26,1.46894398182125
2025-04-19,42,Pennsylvania,408,3.11956394001231
2025-04-19,48,Texas,257,0.821326860894171
2025-04-19,49,Utah,27,0.770633057931912
2025-04-19,10,Delaware,9,0.85558081103357
2025-04-19,40,Oklahoma,21,0.512771301801805
2025-04-19,15,Hawaii,24,1.6595834722082
2025-04-19,09,Connecticut,34,0.925152697813293
2025-04-19,29,Missouri,100,1.60116154663239
2025-04-19,24,Maryland,62,0.98990615051044
2025-04-19,30,Montana,21,1.84658728686206
2025-04-19,38,North Dakota,14,1.75753984593908
2025-04-19,41,Oregon,42,0.983060693933181
2025-04-19,32,Nevada,41,1.25479461613537
2025-04-19,28,Mississippi,28,0.951395578389049
2025-04-19,45,South Carolina,34,0.620570336993421
2025-04-19,22,Louisiana,66,1.4354878701275
2025-04-19,33,New Hampshire,22,1.56135559731787
2025-04-19,19,Iowa,11,0.339350323061508
2025-04-19,04,Arizona,83,1.09464252931532
2025-04-19,26,Michigan,179,1.76520609175581
2025-04-19,50,Vermont,12,1.85044402946524
2025-04-19,51,Virginia,56,0.635555109153753
2025-04-19,55,Wisconsin,40,0.671031165203679
2025-04-19,13,Georgia,64,0.572405852205882
2025-04-19,34,New Jersey,137,1.4419760924574
2025-04-19,01,Alabama,50,0.969424543774268
2025-04-19,35,New Mexico,31,1.45522416085203
2025-04-19,72,Puerto Rico,187,5.83773895317166
2025-04-12,51,Virginia,93,1.05547544913034
2025-04-12,31,Nebraska,16,0.797819956967586
2025-04-12,33,New Hampshire,22,1.56135559731787
2025-04-12,55,Wisconsin,66,1.10720142258607
2025-04-12,18,Indiana,87,1.25644923114694
2025-04-12,47,Tennessee,100,1.38355643180796
2025-04-12,46,South Dakota,7,0.757027649894178
2025-04-12,40,Oklahoma,20,0.488353620763624
2025-04-12,10,Delaware,12,1.14077441471143
2025-04-12,42,Pennsylvania,475,3.63184527329865
2025-04-12,21,Kentucky,88,1.91789157461514
2025-04-12,36,New York,395,1.98819685544772
2025-04-12,29,Missouri,99,1.58514993116607
2025-04-12,US,US,4955,1.45687736498534
2025-04-12,05,Arkansas,32,1.03615064853317
2025-04-12,02,Alaska,16,2.16177362717241
2025-04-12,26,Michigan,224,2.20897298633129
2025-04-12,41,Oregon,50,1.17031034992045
2025-04-12,50,Vermont,8,1.23362935297682
2025-04-12,11,District of Columbia,8,1.13919544321823
2025-04-12,22,Louisiana,76,1.65298603226803
2025-04-12,27,Minnesota,53,0.914873442794776
2025-04-12,06,California,410,1.03978409213015
2025-04-12,28,Mississippi,43,1.46107178109747
2025-04-12,15,Hawaii,24,1.6595834722082
2025-04-12,48,Texas,283,0.904418294292024
2025-04-12,08,Colorado,62,1.0407062165243
2025-04-12,32,Nevada,48,1.46902784328044
2025-04-12,37,North Carolina,98,0.887197058416676
2025-04-12,17,Illinois,156,1.22736475817216
2025-04-12,54,West Virginia,47,2.65539873636919
2025-04-12,34,New Jersey,161,1.69458504296089
2025-04-12,44,Rhode Island,22,1.97786943904027
2025-04-12,09,Connecticut,39,1.06120456513878
2025-04-12,19,Iowa,20,0.617000587384559
2025-04-12,20,Kansas,29,0.976231785702985
2025-04-12,24,Maryland,94,1.5008254539997
2025-04-12,12,Florida,389,1.66436942326604
2025-04-12,04,Arizona,89,1.17377331456703
2025-04-12,39,Ohio,166,1.39691789421528
2025-04-12,53,Washington,74,0.929860847580728
2025-04-12,72,Puerto Rico,273,8.52247451452333
2025-04-12,49,Utah,33,0.941884848583448
2025-04-12,23,Maine,40,2.84695077337418
2025-04-12,01,Alabama,54,1.04697850727621
2025-04-12,25,Massachusetts,114,1.59749535149872
2025-04-12,16,Idaho,27,1.3489080589263
2025-04-12,56,Wyoming,4,0.680714341630107
2025-04-12,38,North Dakota,12,1.50646272509064
2025-04-12,13,Georgia,84,0.75128268102022
2025-04-12,45,South Carolina,43,0.784838955609326
2025-04-12,30,Montana,32,2.81384729426599
2025-04-12,35,New Mexico,37,1.7368804500492
2025-04-05,41,Oregon,85,1.98952759486477
2025-04-05,45,South Carolina,80,1.46016549880805
2025-04-05,56,Wyoming,12,2.04214302489032
2025-04-05,24,Maryland,129,2.05964344219108
2025-04-05,02,Alaska,17,2.29688447887069
2025-04-05,20,Kansas,40,1.34652660096963
2025-04-05,08,Colorado,86,1.44356023582403
2025-04-05,34,New Jersey,248,2.61029248853603
2025-04-05,21,Kentucky,175,3.81398892679146
2025-04-05,23,Maine,55,3.91455731338949
2025-04-05,28,Mississippi,48,1.63096384866694
2025-04-05,19,Iowa,43,1.3265512628768
2025-04-05,39,Ohio,269,2.26368020207175
2025-04-05,49,Utah,54,1.54126611586382
2025-04-05,27,Minnesota,59,1.01844402122437
2025-04-05,50,Vermont,28,4.31770273541889
2025-04-05,11,District of Columbia,28,3.9871840512638
2025-04-05,06,California,446,1.13108220753669
2025-04-05,37,North Carolina,188,1.70196986716668
2025-04-05,01,Alabama,85,1.64802172441626
2025-04-05,25,Massachusetts,135,1.89177081098533
2025-04-05,29,Missouri,130,2.08151001062211
2025-04-05,US,US,6824,2.00640386249444
2025-04-05,44,Rhode Island,25,2.2475789080003
2025-04-05,17,Illinois,297,2.33671367421239
2025-04-05,35,New Mexico,58,2.72267746223928
2025-04-05,05,Arkansas,71,2.29895925143296
2025-04-05,15,Hawaii,39,2.69682314233833
2025-04-05,55,Wisconsin,77,1.29173499301708
2025-04-05,09,Connecticut,53,1.44214979365013
2025-04-05,32,Nevada,41,1.25479461613537
2025-04-05,16,Idaho,27,1.3489080589263
2025-04-05,10,Delaware,15,1.42596801838928
2025-04-05,42,Pennsylvania,621,4.74815982045992
2025-04-05,40,Oklahoma,40,0.976707241527248
2025-04-05,04,Arizona,100,1.31884642086183
2025-04-05,26,Michigan,278,2.74149325982187
2025-04-05,30,Montana,31,2.72591456632018
2025-04-05,47,Tennessee,150,2.07533464771194
2025-04-05,38,North Dakota,14,1.75753984593908
2025-04-05,53,Washington,101,1.2691344000764
2025-04-05,12,Florida,583,2.49441484258124
2025-04-05,36,New York,503,2.53180510959545
2025-04-05,51,Virginia,153,1.73642735179507
2025-04-05,72,Puerto Rico,189,5.90017466390076
2025-04-05,48,Texas,369,1.17925918937723
2025-04-05,13,Georgia,162,1.44890231339614
2025-04-05,18,Indiana,126,1.81968509338523
2025-04-05,33,New Hampshire,17,1.2065020524729
2025-04-05,31,Nebraska,14,0.698092462346638
2025-04-05,54,West Virginia,102,5.76278023637569
2025-04-05,22,Louisiana,121,2.63172776190041
2025-04-05,46,South Dakota,7,0.757027649894178
2025-03-29,US,US,9724,2.85906669972097
2025-03-29,51,Virginia,213,2.41737925445981
2025-03-29,16,Idaho,50,2.49797788690055
2025-03-29,50,Vermont,26,4.00929539717468
2025-03-29,35,New Mexico,90,4.2248443379575
2025-03-29,15,Hawaii,31,2.14362865160226
2025-03-29,44,Rhode Island,26,2.33748206432031
2025-03-29,17,Illinois,349,2.74583526026978
2025-03-29,53,Washington,113,1.41992264563003
2025-03-29,19,Iowa,52,1.60420152719985
2025-03-29,36,New York,610,3.07037995398255
2025-03-29,10,Delaware,17,1.61609708750785
2025-03-29,23,Maine,59,4.19925239072691
2025-03-29,29,Missouri,189,3.02619532313521
2025-03-29,47,Tennessee,219,3.02998858565944
2025-03-29,20,Kansas,68,2.28909522164838
2025-03-29,34,New Jersey,282,2.96815516841597
2025-03-29,11,District of Columbia,69,9.82556069775721
2025-03-29,26,Michigan,550,5.423817600367
2025-03-29,37,North Carolina,301,2.72496239370836
2025-03-29,05,Arkansas,111,3.59414756209942
2025-03-29,27,Minnesota,81,1.39820280879956
2025-03-29,33,New Hampshire,34,2.41300410494581
2025-03-29,31,Nebraska,37,1.84495865048754
2025-03-29,72,Puerto Rico,212,6.61818533728551
2025-03-29,46,South Dakota,11,1.18961487840514
2025-03-29,42,Pennsylvania,933,7.13370871576346
2025-03-29,12,Florida,708,3.02923792203691
2025-03-29,32,Nevada,70,2.14233227145064
2025-03-29,28,Mississippi,51,1.73289908920863
2025-03-29,39,Ohio,451,3.79524078488609
2025-03-29,13,Georgia,190,1.69932987373621
2025-03-29,21,Kentucky,267,5.81905739116183
2025-03-29,49,Utah,54,1.54126611586382
2025-03-29,22,Louisiana,178,3.87146728610143
2025-03-29,38,North Dakota,25,3.1384640106055
2025-03-29,02,Alaska,32,4.32354725434483
2025-03-29,40,Oklahoma,76,1.85574375890177
2025-03-29,25,Massachusetts,213,2.9847939462213
2025-03-29,45,South Carolina,135,2.46402927923858
2025-03-29,41,Oregon,95,2.22358966484886
2025-03-29,48,Texas,538,1.71935350646328
2025-03-29,24,Maryland,135,2.15544081159531
2025-03-29,30,Montana,52,4.57250185318224
2025-03-29,18,Indiana,237,3.4227410089865
2025-03-29,08,Colorado,121,2.03105568063613
2025-03-29,04,Arizona,222,2.92783905431326
2025-03-29,09,Connecticut,77,2.09519875681246
2025-03-29,55,Wisconsin,136,2.28150596169251
2025-03-29,01,Alabama,169,3.27665495795703
2025-03-29,54,West Virginia,168,9.49163803638348
2025-03-29,56,Wyoming,23,3.91410746437311
2025-03-29,06,California,561,1.42272896508539
2025-03-22,04,Arizona,307,4.04885851204582
2025-03-22,51,Virginia,339,3.84737825005575
2025-03-22,29,Missouri,369,5.90828610707352
2025-03-22,72,Puerto Rico,238,7.42984957676393
2025-03-22,40,Oklahoma,87,2.12433825032176
2025-03-22,06,California,690,1.7498805452922
2025-03-22,28,Mississippi,102,3.46579817841725
2025-03-22,53,Washington,165,2.07333837636243
2025-03-22,05,Arkansas,164,5.31027207373248
2025-03-22,44,Rhode Island,43,3.86583572176052
2025-03-22,16,Idaho,83,4.14664329225492
2025-03-22,23,Maine,83,5.90742285475142
2025-03-22,01,Alabama,193,3.74197873896868
2025-03-22,26,Michigan,793,7.82015883107461
2025-03-22,33,New Hampshire,53,3.7614475753567
2025-03-22,20,Kansas,120,4.0395798029089
2025-03-22,54,West Virginia,275,15.5369075000325
2025-03-22,41,Oregon,125,2.92577587480113
2025-03-22,09,Connecticut,118,3.21082406888143
2025-03-22,24,Maryland,210,3.35290792914827
2025-03-22,35,New Mexico,110,5.16369863528139
2025-03-22,48,Texas,605,1.93347373868083
2025-03-22,56,Wyoming,30,5.1053575622258
2025-03-22,37,North Carolina,434,3.92901554441671
2025-03-22,36,New York,895,4.50490173576129
2025-03-22,US,US,13646,4.01221968165286
2025-03-22,22,Louisiana,230,5.00245772923219
2025-03-22,21,Kentucky,372,8.10745074723671
2025-03-22,39,Ohio,788,6.63115241350385
2025-03-22,42,Pennsylvania,1258,9.61865548170464
2025-03-22,12,Florida,920,3.93629786479373
2025-03-22,08,Colorado,162,2.71926463027317
2025-03-22,13,Georgia,235,2.10180273856847
2025-03-22,46,South Dakota,16,1.73034891404384
2025-03-22,25,Massachusetts,299,4.18992201840455
2025-03-22,11,District of Columbia,64,9.11356354574582
2025-03-22,27,Minnesota,182,3.14164087903112
2025-03-22,55,Wisconsin,186,3.12029491819711
2025-03-22,17,Illinois,507,3.98893546405953
2025-03-22,10,Delaware,33,3.13712964045642
2025-03-22,30,Montana,87,7.65014733128567
2025-03-22,19,Iowa,99,3.05415290755357
2025-03-22,15,Hawaii,42,2.90427107636435
2025-03-22,31,Nebraska,58,2.8920973440075
2025-03-22,47,Tennessee,308,4.26135380996852
2025-03-22,34,New Jersey,345,3.63125366348762
2025-03-22,49,Utah,76,2.16918934825279
2025-03-22,45,South Carolina,188,3.43138892219891
2025-03-22,50,Vermont,34,5.2429247501515
2025-03-22,18,Indiana,392,5.66124251275404
2025-03-22,32,Nevada,81,2.47898448553574
2025-03-22,38,North Dakota,24,3.01292545018128
2025-03-22,02,Alaska,26,3.51288214415517
2025-03-15,23,Maine,115,8.18498347345076
2025-03-15,01,Alabama,273,5.2930580090075
2025-03-15,49,Utah,102,2.91128044107611
2025-03-15,28,Mississippi,190,6.45589856763998
2025-03-15,53,Washington,191,2.40004624172864
2025-03-15,40,Oklahoma,143,3.49172838845991
2025-03-15,13,Georgia,365,3.26450212586167
2025-03-15,47,Tennessee,461,6.37819515063471
2025-03-15,36,New York,1109,5.5820514245355
2025-03-15,54,West Virginia,347,19.6047523727683
2025-03-15,20,Kansas,164,5.5207590639755
2025-03-15,44,Rhode Island,68,6.11341462976082
2025-03-15,51,Virginia,514,5.83348796616123
2025-03-15,41,Oregon,184,4.30674208770727
2025-03-15,06,California,963,2.4422245871252
2025-03-15,02,Alaska,31,4.18843640264655
2025-03-15,37,North Carolina,665,6.02026575354173
2025-03-15,10,Delaware,45,4.27790405516785
2025-03-15,29,Missouri,440,7.04511080518251
2025-03-15,24,Maryland,291,4.64617241610545
2025-03-15,25,Massachusetts,416,5.8294567212585
2025-03-15,72,Puerto Rico,346,10.8013779561358
2025-03-15,35,New Mexico,146,6.8536363704644
2025-03-15,08,Colorado,215,3.60890058956007
2025-03-15,26,Michigan,746,7.35666896340688
2025-03-15,05,Arkansas,229,7.41495307856548
2025-03-15,27,Minnesota,158,2.72735856531273
2025-03-15,31,Nebraska,80,3.98909978483793
2025-03-15,09,Connecticut,147,3.99992489936924
2025-03-15,19,Iowa,187,5.76895549204563
2025-03-15,48,Texas,905,2.8922210471176
2025-03-15,30,Montana,118,10.3760618976059
2025-03-15,04,Arizona,359,4.73465865089397
2025-03-15,38,North Dakota,36,4.51938817527192
2025-03-15,15,Hawaii,56,3.8723614351524702
2025-03-15,US,US,18427,5.41793727640461
2025-03-15,50,Vermont,32,4.9345174119073
2025-03-15,11,District of Columbia,81,11.5343538625845
2025-03-15,34,New Jersey,465,4.89429841600505
2025-03-15,33,New Hampshire,79,5.60668600855055
2025-03-15,21,Kentucky,494,10.7663458847713
2025-03-15,39,Ohio,1321,11.1164369774601
2025-03-15,16,Idaho,99,4.9459962160631
2025-03-15,55,Wisconsin,326,5.46890399640998
2025-03-15,17,Illinois,695,5.46806735211317
2025-03-15,42,Pennsylvania,1618,12.3712118993626
2025-03-15,22,Louisiana,327,7.11218990199533
2025-03-15,45,South Carolina,269,4.90980648974206
2025-03-15,56,Wyoming,44,7.48785775793117
2025-03-15,32,Nevada,88,2.6932177126808
2025-03-15,18,Indiana,580,8.37632820764629
2025-03-15,46,South Dakota,26,2.81181698532123
2025-03-15,12,Florida,1072,4.58664272941183
2025-03-08,11,District of Columbia,103,14.6671413314347
2025-03-08,26,Michigan,1015,10.0094088443137
2025-03-08,09,Connecticut,187,5.08833983797311
2025-03-08,37,North Carolina,821,7.43253862204174
2025-03-08,19,Iowa,271,8.36035795906078
2025-03-08,05,Arkansas,325,10.523405024165
2025-03-08,20,Kansas,251,8.44945442108445
2025-03-08,06,California,1041,2.64003717050605
2025-03-08,23,Maine,200,14.2347538668709
2025-03-08,10,Delaware,55,5.22854940076071
2025-03-08,54,West Virginia,456,25.7630175273266
2025-03-08,31,Nebraska,153,7.62915333850254
2025-03-08,16,Idaho,90,4.496360196421
2025-03-08,17,Illinois,956,7.5215430052089
2025-03-08,35,New Mexico,178,8.35580324618262
2025-03-08,27,Minnesota,195,3.36604379896191
2025-03-08,50,Vermont,43,6.63075777225043
2025-03-08,04,Arizona,468,6.17220124963336
2025-03-08,72,Puerto Rico,283,8.83465306816887
2025-03-08,40,Oklahoma,221,5.39630750943804
2025-03-08,22,Louisiana,398,8.65642685319309
2025-03-08,21,Kentucky,633,13.7957428037657
2025-03-08,13,Georgia,396,3.5417612105239
2025-03-08,44,Rhode Island,65,5.84370516080079
2025-03-08,47,Tennessee,477,6.59956417972398
2025-03-08,02,Alaska,62,8.3768728052931
2025-03-08,15,Hawaii,63,4.35640661454653
2025-03-08,US,US,24026,7.06416459558784
2025-03-08,34,New Jersey,630,6.63098495071652
2025-03-08,55,Wisconsin,501,8.40466534417608
2025-03-08,12,Florida,1243,5.31828070210718
2025-03-08,25,Massachusetts,744,10.4257591360969
2025-03-08,41,Oregon,207,4.84508484867068
2025-03-08,45,South Carolina,408,7.44684404392105
2025-03-08,32,Nevada,79,2.41777499206572
2025-03-08,56,Wyoming,39,6.63696483089354
2025-03-08,18,Indiana,871,12.578934256655
2025-03-08,46,South Dakota,53,5.73178077777021
2025-03-08,01,Alabama,315,6.10737462577789
2025-03-08,53,Washington,241,3.0283305982021
2025-03-08,08,Colorado,311,5.22031666675899
2025-03-08,29,Missouri,692,11.0800379026961
2025-03-08,24,Maryland,379,6.05120050070092
2025-03-08,28,Mississippi,172,5.84428712438987
2025-03-08,39,Ohio,1882,15.8373462464648
2025-03-08,49,Utah,121,3.45357777813931
2025-03-08,51,Virginia,556,6.31015429802654
2025-03-08,38,North Dakota,31,3.89169537315082
2025-03-08,36,New York,1282,6.45283131312399
2025-03-08,42,Pennsylvania,2356,18.0139525555613
2025-03-08,33,New Hampshire,145,10.2907528005042
2025-03-08,30,Montana,151,13.2778419198177
2025-03-08,48,Texas,1208,3.86055582863875
2025-03-01,11,District of Columbia,113,16.0911356354575
2025-03-01,45,South Carolina,442,8.06741438091447
2025-03-01,26,Michigan,1393,13.7370507587477
2025-03-01,16,Idaho,124,6.19498515951337
2025-03-01,01,Alabama,330,6.39820198891017
2025-03-01,42,Pennsylvania,3019,23.0832439580813
2025-03-01,13,Georgia,437,3.90845870959329
2025-03-01,04,Arizona,621,8.19003627355196
2025-03-01,06,California,1413,3.58345102970706
2025-03-01,54,West Virginia,511,28.8703990273331
2025-03-01,40,Oklahoma,334,8.15550546675252
2025-03-01,08,Colorado,381,6.3953075563832
2025-03-01,56,Wyoming,46,7.82821492874623
2025-03-01,29,Missouri,861,13.7860009165049
2025-03-01,35,New Mexico,184,8.63745953537978
2025-03-01,36,New York,1617,8.13902358293408
2025-03-01,41,Oregon,321,7.51339244648931
2025-03-01,22,Louisiana,359,7.80818402084502
2025-03-01,46,South Dakota,89,9.62506583436884
2025-03-01,25,Massachusetts,1068,14.9660090824617
2025-03-01,30,Montana,186,16.3554873979211
2025-03-01,US,US,30820,9.061747808042
2025-03-01,33,New Hampshire,190,13.4844347041089
2025-03-01,31,Nebraska,197,9.8231582201634
2025-03-01,32,Nevada,97,2.96866043329588
2025-03-01,05,Arkansas,350,11.3328977183315
2025-03-01,37,North Carolina,917,8.30162961804175
2025-03-01,48,Texas,1528,4.88321962430464
2025-03-01,27,Minnesota,279,4.81603189697627
2025-03-01,21,Kentucky,774,16.8687281676377
2025-03-01,10,Delaware,88,8.36567904121713
2025-03-01,17,Illinois,1301,10.2359073742435
2025-03-01,34,New Jersey,938,9.87279981551126
2025-03-01,51,Virginia,714,8.10332764171035
2025-03-01,39,Ohio,2540,21.3745268151013
2025-03-01,49,Utah,123,3.51066170835649
2025-03-01,44,Rhode Island,107,9.61963772624129
2025-03-01,09,Connecticut,278,7.56448382329692
2025-03-01,53,Washington,422,5.30271996863604
2025-03-01,72,Puerto Rico,311,9.70875301837639
2025-03-01,19,Iowa,352,10.8592103379682
2025-03-01,18,Indiana,1156,16.6948886345502
2025-03-01,28,Mississippi,158,5.36858933519535
2025-03-01,23,Maine,205,14.5906227135427
2025-03-01,47,Tennessee,526,7.27750683130988
2025-03-01,38,North Dakota,47,5.90031233993834
2025-03-01,20,Kansas,305,10.2672653323935
2025-03-01,02,Alaska,57,7.70131854680172
2025-03-01,12,Florida,1548,6.62324901597902
2025-03-01,24,Maryland,548,8.74949307225357
2025-03-01,50,Vermont,65,10.0232384929367
2025-03-01,15,Hawaii,67,4.63300385991456
2025-03-01,55,Wisconsin,781,13.1018835006018
2025-02-22,04,Arizona,620,8.17684780934334
2025-02-22,09,Connecticut,364,9.90457594129525
2025-02-22,32,Nevada,117,3.58075536799607
2025-02-22,01,Alabama,283,5.48694291776236
2025-02-22,37,North Carolina,1169,10.5829934825418
2025-02-22,72,Puerto Rico,240,7.49228528749303
2025-02-22,46,South Dakota,110,11.8961487840514
2025-02-22,US,US,37878,11.1369527408506
2025-02-22,11,District of Columbia,72,10.252758988964
2025-02-22,16,Idaho,150,7.49393366070166
2025-02-22,08,Colorado,481,8.07386597013207
2025-02-22,26,Michigan,1638,16.1531149625476
2025-02-22,10,Delaware,100,9.50645345592856
2025-02-22,19,Iowa,401,12.3708617770604
2025-02-22,40,Oklahoma,493,12.0379167518233
2025-02-22,05,Arkansas,354,11.4624165493982
2025-02-22,51,Virginia,896,10.16888174646
2025-02-22,45,South Carolina,474,8.65148058043769
2025-02-22,21,Kentucky,883,19.2442984134678
2025-02-22,50,Vermont,104,16.0371815886987
2025-02-22,17,Illinois,1673,13.1627002591156
2025-02-22,53,Washington,663,8.33105056683815
2025-02-22,25,Massachusetts,1292,18.1049473169855
2025-02-22,34,New Jersey,1205,12.6830743898626
2025-02-22,31,Nebraska,294,14.6599417092794
2025-02-22,06,California,1954,4.9554588195666
2025-02-22,47,Tennessee,531,7.34668465290028
2025-02-22,35,New Mexico,237,11.1254234232881
2025-02-22,27,Minnesota,369,6.36959057342023
2025-02-22,44,Rhode Island,131,11.7773134779216
2025-02-22,36,New York,2025,10.19265476527
2025-02-22,23,Maine,262,18.6475275656009
2025-02-22,28,Mississippi,207,7.03353159737619
2025-02-22,18,Indiana,1536,22.1828278050771
2025-02-22,54,West Virginia,628,35.4806469455287
2025-02-22,33,New Hampshire,212,15.0457903014268
2025-02-22,29,Missouri,1347,21.5676460331383
2025-02-22,39,Ohio,3065,25.792490034758
2025-02-22,38,North Dakota,63,7.90892930672585
2025-02-22,24,Maryland,761,12.150299686104
2025-02-22,13,Georgia,450,4.02472864832261
2025-02-22,22,Louisiana,330,7.17743935063749
2025-02-22,15,Hawaii,86,5.94684077541272
2025-02-22,41,Oregon,484,11.32860418723
2025-02-22,55,Wisconsin,882,14.7962371927411
2025-02-22,56,Wyoming,98,16.6775013699376
2025-02-22,30,Montana,195,17.1468819494334
2025-02-22,20,Kansas,401,13.4989291747206
2025-02-22,48,Texas,1751,5.59588845690931
2025-02-22,02,Alaska,52,7.02576428831034
2025-02-22,49,Utah,183,5.22317961487185
2025-02-22,12,Florida,1982,8.4801547478491
2025-02-22,42,Pennsylvania,3579,27.3649983855492
2025-02-15,11,District of Columbia,83,11.8191527233891
2025-02-15,45,South Carolina,690,12.5939274272194
2025-02-15,38,North Dakota,85,10.6707776360587
2025-02-15,47,Tennessee,699,9.67105945833766
2025-02-15,54,West Virginia,617,34.8591706455274
2025-02-15,25,Massachusetts,1448,20.2909935874575
2025-02-15,08,Colorado,583,9.78599555215592
2025-02-15,46,South Dakota,183,19.7908657043764
2025-02-15,26,Michigan,1563,15.4135034715884
2025-02-15,01,Alabama,415,8.04622371332643
2025-02-15,18,Indiana,1670,24.1180484599471
2025-02-15,19,Iowa,498,15.3633146258755
2025-02-15,48,Texas,2485,7.94162353821795
2025-02-15,51,Virginia,1190,13.5055460695172
2025-02-15,16,Idaho,152,7.59385277617768
2025-02-15,10,Delaware,160,15.2103255294857
2025-02-15,37,North Carolina,1690,15.2996227420835
2025-02-15,40,Oklahoma,786,19.1922972960104
2025-02-15,42,Pennsylvania,4318,33.015385031797
2025-02-15,32,Nevada,147,4.49889777004634
2025-02-15,21,Kentucky,1203,26.2184495938865
2025-02-15,72,Puerto Rico,355,11.0823386544168
2025-02-15,US,US,46386,13.6384890922724
2025-02-15,30,Montana,149,13.101976463926
2025-02-15,24,Maryland,1081,17.2594927209965
2025-02-15,28,Mississippi,265,9.00427958118208
2025-02-15,41,Oregon,500,11.7031034992045
2025-02-15,44,Rhode Island,180,16.1825681376022
2025-02-15,22,Louisiana,387,8.41717887483851
2025-02-15,20,Kansas,519,17.471182647581
2025-02-15,17,Illinois,2058,16.191773540502
2025-02-15,06,California,2648,6.71548359990396
2025-02-15,04,Arizona,679,8.95496719765182
2025-02-15,34,New Jersey,1517,15.9669907464079
2025-02-15,53,Washington,659,8.28078781832027
2025-02-15,15,Hawaii,79,5.46279559601866
2025-02-15,09,Connecticut,499,13.5779763590833
2025-02-15,05,Arkansas,514,16.643169792064
2025-02-15,13,Georgia,734,6.56477961748621
2025-02-15,36,New York,2499,12.5784909918072
2025-02-15,55,Wisconsin,1059,17.7655500987674
2025-02-15,31,Nebraska,311,15.5076254135575
2025-02-15,50,Vermont,115,17.7334219490419
2025-02-15,12,Florida,2436,10.4226321724321
2025-02-15,27,Minnesota,486,8.38921685279738
2025-02-15,56,Wyoming,72,12.2528581493419
2025-02-15,33,New Hampshire,205,14.5489953386438
2025-02-15,23,Maine,267,19.0033964122726
2025-02-15,35,New Mexico,248,11.6417932868162
2025-02-15,49,Utah,201,5.73693498682646
2025-02-15,02,Alaska,53,7.16087514000862
2025-02-15,29,Missouri,1412,22.6084010384493
2025-02-15,39,Ohio,3529,29.6971280041308
2025-02-08,11,District of Columbia,259,36.8814524741901
2025-02-08,33,New Hampshire,203,14.4070539207058
2025-02-08,18,Indiana,1711,24.7101682125565
2025-02-08,15,Hawaii,83,5.73939284138669
2025-02-08,49,Utah,213,6.07943856812953
2025-02-08,38,North Dakota,127,15.9433971738759
2025-02-08,36,New York,2945,14.8233917450469
2025-02-08,56,Wyoming,99,16.8476799553451
2025-02-08,32,Nevada,222,6.79425377517202
2025-02-08,31,Nebraska,319,15.9065353920412
2025-02-08,10,Delaware,157,14.9251319258078
2025-02-08,41,Oregon,565,13.2245069541011
2025-02-08,28,Mississippi,467,15.8679191109888
2025-02-08,20,Kansas,479,16.1246560466114
2025-02-08,45,South Carolina,1232,22.486548681644
2025-02-08,04,Arizona,785,10.3529444037654
2025-02-08,30,Montana,148,13.0140437359802
2025-02-08,17,Illinois,2306,18.1429687970834
2025-02-08,37,North Carolina,2280,20.6409111550002
2025-02-08,19,Iowa,596,18.3866175040599
2025-02-08,26,Michigan,1265,12.4747804808441
2025-02-08,50,Vermont,134,20.6632916623618
2025-02-08,35,New Mexico,215,10.0926836962318
2025-02-08,53,Washington,747,9.38656828571357
2025-02-08,21,Kentucky,1196,26.0658900368148
2025-02-08,01,Alabama,663,12.8545694504468
2025-02-08,US,US,54275,15.9580260311966
2025-02-08,27,Minnesota,689,11.8933547563321
2025-02-08,09,Connecticut,538,14.6391809242221
2025-02-08,46,South Dakota,207,22.3863890754421
2025-02-08,72,Puerto Rico,251,7.83568169650313
2025-02-08,54,West Virginia,458,25.8760132182359
2025-02-08,51,Virginia,1315,14.9241958667354
2025-02-08,16,Idaho,175,8.74292260415194
2025-02-08,12,Florida,3327,14.2348510827921
2025-02-08,40,Oklahoma,1052,25.6874004521666
2025-02-08,13,Georgia,1301,11.6359377143727
2025-02-08,34,New Jersey,1888,19.8719041062743
2025-02-08,24,Maryland,1086,17.3393238621667
2025-02-08,42,Pennsylvania,4263,32.5948555790993
2025-02-08,23,Maine,205,14.5906227135427
2025-02-08,08,Colorado,622,10.440633333518
2025-02-08,02,Alaska,26,3.51288214415517
2025-02-08,06,California,3511,8.90410231089986
2025-02-08,55,Wisconsin,1149,19.2753702204757
2025-02-08,22,Louisiana,494,10.7444092097422
2025-02-08,05,Arkansas,745,24.1228822861628
2025-02-08,48,Texas,4198,13.4160706693919
2025-02-08,39,Ohio,3195,26.8864618796254
2025-02-08,47,Tennessee,1067,14.762547127391
2025-02-08,44,Rhode Island,202,18.1604375766424
2025-02-08,29,Missouri,1315,21.0552743382159
2025-02-08,25,Massachusetts,1580,22.1407250470876
2025-02-01,44,Rhode Island,173,15.5532460433621
2025-02-01,23,Maine,151,10.7472391694875
2025-02-01,48,Texas,4692,14.9948079039512
2025-02-01,US,US,51214,15.0580257054206
2025-02-01,33,New Hampshire,174,12.348903360605
2025-02-01,10,Delaware,140,13.3090348383
2025-02-01,24,Maryland,810,12.9326448695719
2025-02-01,19,Iowa,457,14.0984634217372
2025-02-01,22,Louisiana,620,13.4848860527129
2025-02-01,55,Wisconsin,1054,17.6816712031169
2025-02-01,21,Kentucky,741,16.149518827157
2025-02-01,34,New Jersey,1794,18.8825190501356
2025-02-01,26,Michigan,1093,10.7786047949112
2025-02-01,32,Nevada,178,5.44764491883162
2025-02-01,28,Mississippi,537,18.2464080569614
2025-02-01,36,New York,3081,15.5079354724922
2025-02-01,16,Idaho,159,7.94356968034376
2025-02-01,50,Vermont,84,12.9531082062567
2025-02-01,40,Oklahoma,1116,27.2501320386102
2025-02-01,31,Nebraska,308,15.358034171626
2025-02-01,12,Florida,3627,15.5184264734857
2025-02-01,49,Utah,195,5.56568319617492
2025-02-01,35,New Mexico,214,10.0457409813656
2025-02-01,38,North Dakota,104,13.0560102841189
2025-02-01,45,South Carolina,1259,22.9793545374917
2025-02-01,09,Connecticut,478,13.0065585163163
2025-02-01,47,Tennessee,944,13.0607727162672
2025-02-01,54,West Virginia,267,15.0849247363952
2025-02-01,06,California,4367,11.0749686105667
2025-02-01,25,Massachusetts,1290,18.0769210827487
2025-02-01,53,Washington,578,7.26296716083326
2025-02-01,46,South Dakota,139,15.0324061907558
2025-02-01,04,Arizona,807,10.643090616355
2025-02-01,27,Minnesota,882,15.2248750291508
2025-02-01,51,Virginia,1083,12.2911818430985
2025-02-01,37,North Carolina,1994,18.0517442294168
2025-02-01,13,Georgia,1373,12.279894298104301
2025-02-01,20,Kansas,388,13.0613080294054
2025-02-01,02,Alaska,30,4.05332555094828
2025-02-01,41,Oregon,497,11.6328848782093
2025-02-01,30,Montana,103,9.05707097841867
2025-02-01,29,Missouri,1039,16.6360684695105
2025-02-01,01,Alabama,742,14.3862602296101
2025-02-01,42,Pennsylvania,3778,28.8865504053101
2025-02-01,56,Wyoming,102,17.3582157115677
2025-02-01,39,Ohio,2467,20.760219548368
2025-02-01,08,Colorado,543,9.11457218665637
2025-02-01,17,Illinois,2137,16.8133236423969
2025-02-01,18,Indiana,1295,18.7023190153482
2025-02-01,72,Puerto Rico,348,10.8638136668649
2025-02-01,15,Hawaii,70,4.84045179394058
2025-02-01,11,District of Columbia,197,28.0526877892488
2025-02-01,05,Arkansas,513,16.6107900842973
2025-01-25,41,Oregon,275,6.4367069245625
2025-01-25,10,Delaware,88,8.36567904121713
2025-01-25,39,Ohio,1699,14.297370495613
2025-01-25,25,Massachusetts,991,13.8869990643442
2025-01-25,11,District of Columbia,207,29.4766820932716
2025-01-25,34,New Jersey,1591,16.7458683437936
2025-01-25,72,Puerto Rico,464,14.4850848891532
2025-01-25,05,Arkansas,388,12.5633266134646
2025-01-25,44,Rhode Island,113,10.1590566641614
2025-01-25,04,Arizona,960,12.6609256402736
2025-01-25,18,Indiana,788,11.3802528062505
2025-01-25,40,Oklahoma,698,17.0435413646505
2025-01-25,13,Georgia,1186,10.6073959486903
2025-01-25,US,US,40615,11.9416900461916
2025-01-25,02,Alaska,29,3.91821469925
2025-01-25,46,South Dakota,88,9.5169190272411
2025-01-25,26,Michigan,863,8.51046288930314
2025-01-25,16,Idaho,99,4.9459962160631
2025-01-25,20,Kansas,216,7.27124364523602
2025-01-25,06,California,3871,9.81708346496535
2025-01-25,24,Maryland,611,9.75536545099805
2025-01-25,01,Alabama,632,12.2535262333068
2025-01-25,28,Mississippi,323,10.975027564988
2025-01-25,48,Texas,3302,10.5526120415274
2025-01-25,56,Wyoming,89,15.1458941012699
2025-01-25,22,Louisiana,521,11.3316542475216
2025-01-25,37,North Carolina,1582,14.3218953715835
2025-01-25,47,Tennessee,646,8.93777454947944
2025-01-25,19,Iowa,304,9.3784089282453
2025-01-25,49,Utah,185,5.28026354508903
2025-01-25,55,Wisconsin,857,14.3768427144888
2025-01-25,15,Hawaii,88,6.08513939809673
2025-01-25,27,Minnesota,928,16.0189161304444
2025-01-25,35,New Mexico,196,9.20077211377412
2025-01-25,53,Washington,417,5.2398915329887
2025-01-25,42,Pennsylvania,3065,23.4349595003376
2025-01-25,36,New York,2929,14.7428571888769
2025-01-25,45,South Carolina,823,15.0214525689878
2025-01-25,51,Virginia,685,7.77420088875572
2025-01-25,09,Connecticut,378,10.2855211698066
2025-01-25,33,New Hampshire,144,10.2197820915352
2025-01-25,21,Kentucky,434,9.45869253844283
2025-01-25,23,Maine,109,7.75794085744463
2025-01-25,50,Vermont,58,8.94381280908198
2025-01-25,12,Florida,3158,13.511770279368
2025-01-25,29,Missouri,655,10.4876081304421
2025-01-25,17,Illinois,1727,13.5875572907906
2025-01-25,38,North Dakota,89,11.1729318777556
2025-01-25,08,Colorado,456,7.65422636669485
2025-01-25,32,Nevada,196,5.99853036006178
2025-01-25,31,Nebraska,182,9.07520201050629
2025-01-25,30,Montana,67,5.89149277236943
2025-01-25,54,West Virginia,160,9.03965527274617
2025-01-18,06,California,3472,8.80519601920943
2025-01-18,33,New Hampshire,86,6.10348097133351
2025-01-18,16,Idaho,123,6.14502560177536
2025-01-18,56,Wyoming,84,14.2950011742322
2025-01-18,01,Alabama,490,9.50036052898783
2025-01-18,04,Arizona,1038,13.6896258485458
2025-01-18,54,West Virginia,133,7.51421344547026
2025-01-18,17,Illinois,1341,10.5506162865953
2025-01-18,53,Washington,360,4.52364736660895
2025-01-18,09,Connecticut,245,6.66654149894873
2025-01-18,47,Tennessee,568,7.85860053266923
2025-01-18,46,South Dakota,55,5.94807439202569
2025-01-18,15,Hawaii,91,6.29258733212276
2025-01-18,11,District of Columbia,58,8.25916696333215
2025-01-18,28,Mississippi,226,7.67912145414018
2025-01-18,13,Georgia,992,8.87229070919117
2025-01-18,49,Utah,199,5.67985105660928
2025-01-18,25,Massachusetts,735,10.2996410820312
2025-01-18,50,Vermont,41,6.32235043400623
2025-01-18,38,North Dakota,61,7.65785218587741
2025-01-18,72,Puerto Rico,554,17.2946918719631
2025-01-18,34,New Jersey,1259,13.2514445284954
2025-01-18,32,Nevada,189,5.78429713291672
2025-01-18,20,Kansas,200,6.73263300484817
2025-01-18,44,Rhode Island,107,9.61963772624129
2025-01-18,48,Texas,2423,7.74348242780769
2025-01-18,51,Virginia,493,5.59515480022857
2025-01-18,08,Colorado,441,7.40244260463252
2025-01-18,31,Nebraska,128,6.38255965574069
2025-01-18,39,Ohio,1146,9.64378257090789
2025-01-18,US,US,32992,9.70036287095788
2025-01-18,23,Maine,86,6.12094416275448
2025-01-18,37,North Carolina,1104,9.9945464540001
2025-01-18,35,New Mexico,251,11.7826214314148
2025-01-18,05,Arkansas,223,7.22067483196551
2025-01-18,22,Louisiana,477,10.3746623341033
2025-01-18,45,South Carolina,638,11.6448198529942
2025-01-18,21,Kentucky,397,8.65230630820692
2025-01-18,10,Delaware,66,6.27425928091285
2025-01-18,30,Montana,78,6.85875277977336
2025-01-18,18,Indiana,542,7.8275342905936
2025-01-18,42,Pennsylvania,2476,18.9314713614473
2025-01-18,27,Minnesota,927,16.0016543673728
2025-01-18,29,Missouri,559,8.95049304567505
2025-01-18,19,Iowa,237,7.31145696050703
2025-01-18,40,Oklahoma,439,10.7193619757615
2025-01-18,55,Wisconsin,593,9.94803702414454
2025-01-18,24,Maryland,459,7.32849875942407
2025-01-18,36,New York,2617,13.1724333435612
2025-01-18,12,Florida,2663,11.3938708847236
2025-01-18,41,Oregon,289,6.76439382254022
2025-01-18,26,Michigan,496,4.89129732687643
2025-01-18,02,Alaska,33,4.4586581060431
2025-01-11,17,Illinois,1399,11.0069442095055
2025-01-11,42,Pennsylvania,1594,12.1877081381854
2025-01-11,02,Alaska,45,6.07998832642241
2025-01-11,31,Nebraska,171,8.52670079009108
2025-01-11,38,North Dakota,38,4.77046529612036
2025-01-11,40,Oklahoma,285,6.95903909588164
2025-01-11,05,Arkansas,158,5.11599382713251
2025-01-11,26,Michigan,625,6.16342909132614
2025-01-11,US,US,30761,9.04440052962946
2025-01-11,51,Virginia,464,5.26602804727395
2025-01-11,11,District of Columbia,44,6.26557493770025
2025-01-11,55,Wisconsin,388,6.50900230247569
2025-01-11,50,Vermont,35,5.39712841927361
2025-01-11,30,Montana,60,5.27596367674874
2025-01-11,54,West Virginia,144,8.13568974547156
2025-01-11,44,Rhode Island,69,6.20331778608083
2025-01-11,16,Idaho,136,6.79449985236951
2025-01-11,32,Nevada,260,7.95723415110237
2025-01-11,24,Maryland,372,5.93943690306264
2025-01-11,28,Mississippi,216,7.33933731900124
2025-01-11,19,Iowa,264,8.14440775347618
2025-01-11,25,Massachusetts,585,8.19767351426977
2025-01-11,13,Georgia,823,7.36078150571002
2025-01-11,04,Arizona,1419,18.7144307120294
2025-01-11,41,Oregon,320,7.4899862394909
2025-01-11,35,New Mexico,249,11.6887360016824
2025-01-11,45,South Carolina,430,7.84838955609326
2025-01-11,10,Delaware,87,8.27061450665784
2025-01-11,39,Ohio,1043,8.77702026305142
2025-01-11,56,Wyoming,62,10.5510722952667
2025-01-11,08,Colorado,499,8.37600648460686
2025-01-11,27,Minnesota,896,15.4665397121532
2025-01-11,47,Tennessee,684,9.46352599356646
2025-01-11,23,Maine,92,6.54798677876061
2025-01-11,53,Washington,389,4.88805229336356
2025-01-11,48,Texas,2005,6.40762784471911
2025-01-11,22,Louisiana,446,9.70041803146763
2025-01-11,72,Puerto Rico,1249,38.9911013503283
2025-01-11,46,South Dakota,50,5.40734035638699
2025-01-11,20,Kansas,236,7.94450694572084
2025-01-11,06,California,3068,7.78062827964704
2025-01-11,33,New Hampshire,90,6.38736380720949
2025-01-11,18,Indiana,511,7.37983398984009
2025-01-11,36,New York,2240,11.2748378638048
2025-01-11,21,Kentucky,463,10.0907249891683
2025-01-11,09,Connecticut,247,6.72096224587892
2025-01-11,37,North Carolina,832,7.53212196533341
2025-01-11,12,Florida,2411,10.315667556541
2025-01-11,15,Hawaii,113,7.81387218164694
2025-01-11,49,Utah,256,7.30674306779887
2025-01-11,34,New Jersey,1074,11.304250535031
2025-01-11,29,Missouri,647,10.3595152067116
2025-01-11,01,Alabama,477,9.24831014760652
2025-01-04,51,Virginia,669,7.5926137147118
2025-01-04,50,Vermont,33,5.0887210810294
2025-01-04,38,North Dakota,56,7.03015938375631
2025-01-04,25,Massachusetts,520,7.28682090157313
2025-01-04,02,Alaska,64,8.64709450868965
2025-01-04,22,Louisiana,713,15.5076189606198
2025-01-04,24,Maryland,457,7.29656630295599
2025-01-04,17,Illinois,1562,12.2893830273392
2025-01-04,15,Hawaii,125,8.64366391775104
2025-01-04,54,West Virginia,198,11.1865734000234
2025-01-04,11,District of Columbia,96,13.6703453186187
2025-01-04,21,Kentucky,678,14.7764828135121
2025-01-04,05,Arkansas,212,6.86449804653223
2025-01-04,48,Texas,2514,8.03430244470017
2025-01-04,29,Missouri,826,13.2255943751835
2025-01-04,01,Alabama,690,13.3780587040849
2025-01-04,13,Georgia,1144,10.2317546081801
2025-01-04,12,Florida,2862,12.245309227217
2025-01-04,08,Colorado,760,12.7570439444914
2025-01-04,US,US,38693,11.376580400278
2025-01-04,30,Montana,62,5.45182913264036
2025-01-04,49,Utah,388,11.0742824621327
2025-01-04,09,Connecticut,294,7.99984979873847
2025-01-04,37,North Carolina,942,8.52795539825009
2025-01-04,06,California,3821,9.6902805269007
2025-01-04,39,Ohio,1302,10.9565487847488
2025-01-04,26,Michigan,555,5.47312503309761
2025-01-04,31,Nebraska,211,10.52125068251
2025-01-04,56,Wyoming,115,19.5705373218656
2025-01-04,46,South Dakota,47,5.08289993500377
2025-01-04,40,Oklahoma,405,9.88916082046338
2025-01-04,45,South Carolina,520,9.49107574225232
2025-01-04,04,Arizona,2742,36.1627688600314
2025-01-04,33,New Hampshire,108,7.66483656865139
2025-01-04,32,Nevada,387,11.8440369864485
2025-01-04,34,New Jersey,1326,13.9566445153176
2025-01-04,55,Wisconsin,389,6.52577808160578
2025-01-04,16,Idaho,242,12.0902129725987
2025-01-04,28,Mississippi,272,9.24212847577934
2025-01-04,53,Washington,530,6.65981417861873
2025-01-04,41,Oregon,536,12.5457269511473
2025-01-04,10,Delaware,185,17.5869388934678
2025-01-04,23,Maine,88,6.26329170142319
2025-01-04,42,Pennsylvania,1674,12.7993873421094
2025-01-04,20,Kansas,353,11.883097253557
2025-01-04,18,Indiana,814,11.755743381076
2025-01-04,35,New Mexico,320,15.0216687571822
2025-01-04,47,Tennessee,1063,14.7072048701186
2025-01-04,19,Iowa,171,5.27535502213798
2025-01-04,72,Puerto Rico,1010,31.5300339181999
2025-01-04,44,Rhode Island,93,8.36099353776112
2025-01-04,27,Minnesota,952,16.4331984441628
2025-01-04,36,New York,2594,13.0566649190668
2024-12-28,27,Minnesota,545,9.4076608740217509
2024-12-28,41,Oregon,558,13.0606635051123
2024-12-28,04,Arizona,2241,29.5553482915136
2024-12-28,26,Michigan,429,4.23057772828626
2024-12-28,56,Wyoming,84,14.2950011742322
2024-12-28,50,Vermont,19,2.92986971331996
2024-12-28,17,Illinois,1143,8.99280717045374
2024-12-28,18,Indiana,590,8.52074765950226
2024-12-28,19,Iowa,118,3.6403034655689
2024-12-28,47,Tennessee,747,10.3351665456055
2024-12-28,15,Hawaii,57,3.94151074649448
2024-12-28,20,Kansas,225,7.57421213045419
2024-12-28,72,Puerto Rico,655,20.4476952637831
2024-12-28,51,Virginia,371,4.21055259814361
2024-12-28,06,California,3478,8.82041237177719
2024-12-28,54,West Virginia,102,5.76278023637569
2024-12-28,45,South Carolina,327,5.9684264763779
2024-12-28,32,Nevada,255,7.80421041742732
2024-12-28,48,Texas,2046,6.5386566435388
2024-12-28,02,Alaska,35,4.72887980943965
2024-12-28,21,Kentucky,515,11.2240245559863
2024-12-28,33,New Hampshire,53,3.7614475753567
2024-12-28,55,Wisconsin,253,4.24427211991327
2024-12-28,42,Pennsylvania,1005,7.68421999929504
2024-12-28,34,New Jersey,723,7.60984463391753
2024-12-28,36,New York,1528,7.69105011423827
2024-12-28,10,Delaware,96,9.12619531769142
2024-12-28,53,Washington,541,6.79803673704289
2024-12-28,49,Utah,287,8.19154398616514
2024-12-28,38,North Dakota,22,2.76184832933284
2024-12-28,US,US,27691,8.14175400884137
2024-12-28,44,Rhode Island,45,4.04564203440054
2024-12-28,37,North Carolina,611,5.53140206829172
2024-12-28,01,Alabama,667,12.9321234139487
2024-12-28,39,Ohio,691,5.81488111387203
2024-12-28,25,Massachusetts,256,3.58735798231292
2024-12-28,23,Maine,30,2.13521308003063
2024-12-28,35,New Mexico,234,10.9845952786895
2024-12-28,22,Louisiana,585,12.723642485221
2024-12-28,16,Idaho,333,16.6365327267577
2024-12-28,28,Mississippi,212,7.20342366494566
2024-12-28,12,Florida,2081,8.90373462677799
2024-12-28,08,Colorado,475,7.97315246530713
2024-12-28,11,District of Columbia,38,5.41117835528658
2024-12-28,09,Connecticut,148,4.02713527283433
2024-12-28,46,South Dakota,33,3.56884463521541
2024-12-28,40,Oklahoma,284,6.93462141484346
2024-12-28,05,Arkansas,127,4.11222288636601
2024-12-28,24,Maryland,195,3.11341450563768
2024-12-28,29,Missouri,611,9.7830970499239
2024-12-28,13,Georgia,800,7.15507315257353
2024-12-28,31,Nebraska,131,6.53215089767211
2024-12-28,30,Montana,52,4.57250185318224
2024-12-21,28,Mississippi,95,3.22794928381999
2024-12-21,19,Iowa,42,1.29570123350757
2024-12-21,53,Washington,416,5.22732584585923
2024-12-21,48,Texas,1169,3.73591867854197
2024-12-21,04,Arizona,1492,19.6771885992585
2024-12-21,35,New Mexico,207,9.71714197730226
2024-12-21,08,Colorado,179,3.00461956061048
2024-12-21,45,South Carolina,160,2.9203309976161
2024-12-21,11,District of Columbia,16,2.27839088643645
2024-12-21,18,Indiana,284,4.10151243270956
2024-12-21,15,Hawaii,42,2.90427107636435
2024-12-21,42,Pennsylvania,492,3.7618271041325
2024-12-21,13,Georgia,388,3.47021047899816
2024-12-21,16,Idaho,188,9.39239685474608
2024-12-21,37,North Carolina,292,2.64348511283336
2024-12-21,49,Utah,163,4.65234031270006
2024-12-21,02,Alaska,22,2.97243873736207
2024-12-21,56,Wyoming,14,2.38250019570537
2024-12-21,21,Kentucky,200,4.35884448776167
2024-12-21,12,Florida,1251,5.35250937919234
2024-12-21,44,Rhode Island,23,2.06777259536028
2024-12-21,23,Maine,10,0.711737693343544
2024-12-21,47,Tennessee,372,5.14682992632562
2024-12-21,30,Montana,23,2.02245274275368
2024-12-21,46,South Dakota,14,1.51405529978836
2024-12-21,27,Minnesota,227,3.9184202172531
2024-12-21,09,Connecticut,41,1.11562531206897
2024-12-21,29,Missouri,249,3.98689225111465
2024-12-21,72,Puerto Rico,351,10.9574672329586
2024-12-21,US,US,15439,4.53940053239327
2024-12-21,34,New Jersey,335,3.52599993411117
2024-12-21,22,Louisiana,413,8.98267409640389
2024-12-21,32,Nevada,208,6.3657873208819
2024-12-21,31,Nebraska,78,3.88937229021698
2024-12-21,10,Delaware,43,4.08777498604928
2024-12-21,24,Maryland,131,2.09157589865916
2024-12-21,01,Alabama,437,8.47277051258711
2024-12-21,05,Arkansas,59,1.91040275823303
2024-12-21,54,West Virginia,37,2.09042028182255
2024-12-21,41,Oregon,392,9.17523314337636
2024-12-21,39,Ohio,297,2.49930490712011
2024-12-21,20,Kansas,120,4.0395798029089
2024-12-21,33,New Hampshire,24,1.70329701525586
2024-12-21,40,Oklahoma,106,2.58827419004721
2024-12-21,51,Virginia,192,2.17904608852715
2024-12-21,17,Illinois,488,3.83944873069241
2024-12-21,26,Michigan,213,2.10049663432395
2024-12-21,55,Wisconsin,120,2.01309349561104
2024-12-21,06,California,2438,6.18291126003243
2024-12-21,50,Vermont,8,1.23362935297682
2024-12-21,38,North Dakota,8,1.00430848339376
2024-12-21,36,New York,733,3.68948935453969
2024-12-21,25,Massachusetts,137,1.91979704522215
2024-12-14,27,Minnesota,92,1.58808220258716
2024-12-14,56,Wyoming,31,5.27553614763333
2024-12-14,29,Missouri,88,1.4090221610365
2024-12-14,28,Mississippi,61,2.07268322434757
2024-12-14,18,Indiana,140,2.02187232598359
2024-12-14,49,Utah,87,2.48315096444727
2024-12-14,48,Texas,701,2.2402728773806
2024-12-14,US,US,9179,2.69882489065599
2024-12-14,21,Kentucky,79,1.72174357266586
2024-12-14,40,Oklahoma,57,1.39180781917633
2024-12-14,33,New Hampshire,22,1.56135559731787
2024-12-14,01,Alabama,193,3.74197873896868
2024-12-14,15,Hawaii,34,2.35107658562828
2024-12-14,22,Louisiana,249,5.4157042372992
2024-12-14,41,Oregon,242,5.664302093615
2024-12-14,34,New Jersey,174,1.8314148911502801
2024-12-14,26,Michigan,172,1.69617568593295
2024-12-14,30,Montana,6,0.527596367674874
2024-12-14,06,California,1395,3.53780197200379
2024-12-14,32,Nevada,113,3.45833638105603
2024-12-14,53,Washington,188,2.36234918034023
2024-12-14,54,West Virginia,21,1.18645475454794
2024-12-14,04,Arizona,960,12.6609256402736
2024-12-14,45,South Carolina,79,1.44191343007295
2024-12-14,39,Ohio,151,1.27069037365366
2024-12-14,51,Virginia,140,1.58888777288438
2024-12-14,37,North Carolina,173,1.56617439904168
2024-12-14,11,District of Columbia,4,0.569597721609114
2024-12-14,08,Colorado,129,2.16534035373604
2024-12-14,20,Kansas,90,3.02968485218168
2024-12-14,31,Nebraska,19,0.947411198899008
2024-12-14,24,Maryland,73,1.16553466108487
2024-12-14,10,Delaware,15,1.42596801838928
2024-12-14,38,North Dakota,5,0.6276928021211
2024-12-14,72,Puerto Rico,378,11.8003493278015
2024-12-14,36,New York,432,2.17443301659092
2024-12-14,55,Wisconsin,66,1.10720142258607
2024-12-14,09,Connecticut,24,0.653048963162324
2024-12-14,05,Arkansas,42,1.35994772619978
2024-12-14,16,Idaho,107,5.34567267796719
2024-12-14,25,Massachusetts,126,1.76565275691964
2024-12-14,17,Illinois,240,1.88825347411102
2024-12-14,19,Iowa,23,0.709550675492243
2024-12-14,42,Pennsylvania,268,2.04912533314534
2024-12-14,13,Georgia,214,1.91398206831342
2024-12-14,44,Rhode Island,28,2.51728837696034
2024-12-14,35,New Mexico,108,5.069813205549
2024-12-14,47,Tennessee,217,3.00231745702328
2024-12-14,23,Maine,2,0.142347538668709
2024-12-14,12,Florida,872,3.73092580228275
2024-12-14,50,Vermont,8,1.23362935297682
2024-12-14,46,South Dakota,8,0.865174457021918
2024-12-14,02,Alaska,27,3.64799299585345
2024-12-07,21,Kentucky,53,1.15509378925684
2024-12-07,04,Arizona,829,10.9332368289446
2024-12-07,13,Georgia,88,0.787058046783088
2024-12-07,49,Utah,64,1.82668576694972
2024-12-07,23,Maine,2,0.142347538668709
2024-12-07,35,New Mexico,103,4.83509963121803
2024-12-07,51,Virginia,68,0.7717454896867
2024-12-07,22,Louisiana,153,3.32772188075011
2024-12-07,16,Idaho,77,3.84688594582685
2024-12-07,26,Michigan,91,0.897395275697086
2024-12-07,53,Washington,78,0.980123596098605
2024-12-07,72,Puerto Rico,440,13.7358563604039
2024-12-07,12,Florida,700,2.99500924495175
2024-12-07,48,Texas,526,1.68100361412581
2024-12-07,25,Massachusetts,83,1.16308872082802
2024-12-07,33,New Hampshire,16,1.13553134350391
2024-12-07,31,Nebraska,10,0.498637473104741
2024-12-07,56,Wyoming,5,0.850892927037633
2024-12-07,37,North Carolina,65,0.588447028541673
2024-12-07,11,District of Columbia,2,0.284798860804557
2024-12-07,29,Missouri,54,0.86462723518149
2024-12-07,15,Hawaii,20,1.38298622684017
2024-12-07,45,South Carolina,40,0.730082749404024
2024-12-07,10,Delaware,15,1.42596801838928
2024-12-07,39,Ohio,88,0.740534787294847
2024-12-07,47,Tennessee,115,1.59108989657916
2024-12-07,24,Maryland,37,0.590750444659456
2024-12-07,30,Montana,2,0.175865455891625
2024-12-07,17,Illinois,106,0.833978617732368
2024-12-07,40,Oklahoma,40,0.976707241527248
2024-12-07,55,Wisconsin,27,0.452946036512483
2024-12-07,50,Vermont,0,0
2024-12-07,42,Pennsylvania,176,1.34569424863276
2024-12-07,20,Kansas,35,1.17821077584843
2024-12-07,41,Oregon,119,2.78533863281068
2024-12-07,18,Indiana,65,0.938726437063808
2024-12-07,09,Connecticut,13,0.353734855046259
2024-12-07,38,North Dakota,2,0.25107712084844
2024-12-07,27,Minnesota,40,0.690470522863982
2024-12-07,01,Alabama,102,1.97762606929951
2024-12-07,36,New York,275,1.38418768417246
2024-12-07,46,South Dakota,1,0.10814680712774
2024-12-07,05,Arkansas,32,1.03615064853317
2024-12-07,19,Iowa,13,0.401050381799963
2024-12-07,28,Mississippi,39,1.32515812704189
2024-12-07,06,California,1059,2.68568622820933
2024-12-07,32,Nevada,81,2.47898448553574
2024-12-07,54,West Virginia,13,0.734471990910627
2024-12-07,02,Alaska,18,2.43199533056897
2024-12-07,US,US,6289,1.84910227010954
2024-12-07,44,Rhode Island,10,0.899031563200121
2024-12-07,34,New Jersey,109,1.14726565020333
2024-12-07,08,Colorado,90,1.51070257237398
2024-11-30,34,New Jersey,67,0.705199986822233
2024-11-30,33,New Hampshire,14,0.99358992556592
2024-11-30,10,Delaware,5,0.475322672796428
2024-11-30,01,Alabama,65,1.26025190690655
2024-11-30,18,Indiana,41,0.592119752609479
2024-11-30,13,Georgia,56,0.500855120680147
2024-11-30,22,Louisiana,135,2.93622518889715
2024-11-30,55,Wisconsin,12,0.201309349561104
2024-11-30,36,New York,145,0.729844415290935
2024-11-30,15,Hawaii,14,0.968090358788117
2024-11-30,40,Oklahoma,40,0.976707241527248
2024-11-30,27,Minnesota,18,0.310711735288792
2024-11-30,21,Kentucky,24,0.523061338531401
2024-11-30,17,Illinois,83,0.653020993130062
2024-11-30,30,Montana,1,0.0879327279458123
2024-11-30,54,West Virginia,3,0.169493536363991
2024-11-30,12,Florida,605,2.58854370456544
2024-11-30,48,Texas,402,1.28472139330528
2024-11-30,US,US,4281,1.25870676074717
2024-11-30,32,Nevada,61,1.86688955083556
2024-11-30,24,Maryland,21,0.335290792914827
2024-11-30,20,Kansas,20,0.673263300484817
2024-11-30,08,Colorado,67,1.12463413721174
2024-11-30,45,South Carolina,18,0.328537237231811
2024-11-30,56,Wyoming,7,1.19125009785269
2024-11-30,28,Mississippi,28,0.951395578389049
2024-11-30,11,District of Columbia,5,0.711997152011392
2024-11-30,16,Idaho,63,3.1474521374947
2024-11-30,23,Maine,2,0.142347538668709
2024-11-30,35,New Mexico,55,2.5818493176407
2024-11-30,02,Alaska,10,1.35110851698276
2024-11-30,38,North Dakota,1,0.12553856042422
2024-11-30,53,Washington,46,0.578021607955588
2024-11-30,42,Pennsylvania,115,0.879288855640726
2024-11-30,72,Puerto Rico,279,8.70978164671065
2024-11-30,04,Arizona,541,7.1349591368625
2024-11-30,31,Nebraska,11,0.548501220415215
2024-11-30,25,Massachusetts,63,0.882826378459821
2024-11-30,41,Oregon,83,1.94271518086795
2024-11-30,44,Rhode Island,6,0.539418937920072
2024-11-30,26,Michigan,65,0.640996625497919
2024-11-30,37,North Carolina,43,0.389280341958337
2024-11-30,19,Iowa,4,0.123400117476912
2024-11-30,05,Arkansas,11,0.356176785433276
2024-11-30,49,Utah,20,0.570839302171787
2024-11-30,51,Virginia,46,0.522063125376297
2024-11-30,09,Connecticut,10,0.272103734650968
2024-11-30,50,Vermont,3,0.462611007366309
2024-11-30,47,Tennessee,60,0.830133859084777
2024-11-30,39,Ohio,53,0.446003905984396
2024-11-30,46,South Dakota,5,0.540734035638699
2024-11-30,06,California,684,1.73466419272444
2024-11-30,29,Missouri,41,0.65647623411928
2024-11-23,US,US,3097,0.910585105824338
2024-11-23,10,Delaware,7,0.665451741914999
2024-11-23,28,Mississippi,35,1.18924447298631
2024-11-23,54,West Virginia,4,0.225991381818654
2024-11-23,08,Colorado,31,0.52035310826215
2024-11-23,55,Wisconsin,18,0.301964024341656
2024-11-23,42,Pennsylvania,134,1.02456266657267
2024-11-23,47,Tennessee,58,0.802462730448618
2024-11-23,20,Kansas,17,0.572273805412094
2024-11-23,53,Washington,29,0.36440492675461
2024-11-23,35,New Mexico,28,1.31439601625345
2024-11-23,13,Georgia,47,0.420360547713695
2024-11-23,51,Virginia,35,0.397221943221095
2024-11-23,26,Michigan,59,0.581827706221188
2024-11-23,19,Iowa,4,0.123400117476912
2024-11-23,12,Florida,423,1.80984130087799
2024-11-23,48,Texas,270,0.862872577593097
2024-11-23,04,Arizona,475,6.26452049909369
2024-11-23,06,California,475,1.20462791161419
2024-11-23,23,Maine,0,0
2024-11-23,11,District of Columbia,8,1.13919544321823
2024-11-23,17,Illinois,86,0.67662416155645
2024-11-23,37,North Carolina,31,0.280643967458336
2024-11-23,33,New Hampshire,11,0.780677798658937
2024-11-23,30,Montana,1,0.0879327279458123
2024-11-23,02,Alaska,7,0.945775961887931
2024-11-23,22,Louisiana,77,1.67473584848208
2024-11-23,56,Wyoming,8,1.36142868326021
2024-11-23,50,Vermont,0,0
2024-11-23,34,New Jersey,47,0.494692528069328
2024-11-23,31,Nebraska,4,0.199454989241897
2024-11-23,24,Maryland,16,0.25545965174463
2024-11-23,38,North Dakota,3,0.37661568127266
2024-11-23,45,South Carolina,12,0.219024824821207
2024-11-23,16,Idaho,31,1.54874628987834
2024-11-23,49,Utah,20,0.570839302171787
2024-11-23,32,Nevada,47,1.43842309654543
2024-11-23,25,Massachusetts,45,0.630590270328444
2024-11-23,27,Minnesota,11,0.189879393787595
2024-11-23,21,Kentucky,20,0.435884448776167
2024-11-23,46,South Dakota,0,0
2024-11-23,29,Missouri,40,0.640464618652956
2024-11-23,05,Arkansas,8,0.259037662133292
2024-11-23,44,Rhode Island,2,0.179806312640024
2024-11-23,09,Connecticut,4,0.108841493860387
2024-11-23,39,Ohio,40,0.336606721497658
2024-11-23,15,Hawaii,8,0.553194490736067
2024-11-23,40,Oklahoma,14,0.341847534534537
2024-11-23,36,New York,103,0.518441205344595
2024-11-23,41,Oregon,63,1.47459104089977
2024-11-23,18,Indiana,32,0.462142245939106
2024-11-23,01,Alabama,50,0.969424543774268
2024-11-23,72,Puerto Rico,96,2.99691411499721
2024-11-16,04,Arizona,329,4.33900472463542
2024-11-16,26,Michigan,46,0.453628381121604
2024-11-16,37,North Carolina,38,0.34401518591667
2024-11-16,47,Tennessee,94,1.30054304589948
2024-11-16,35,New Mexico,21,0.985797012190084
2024-11-16,05,Arkansas,13,0.420936200966599
2024-11-16,21,Kentucky,18,0.39229600389855
2024-11-16,49,Utah,10,0.285419651085893
2024-11-16,15,Hawaii,15,1.03723967013013
2024-11-16,02,Alaska,9,1.21599766528448
2024-11-16,US,US,2527,0.742992755059122
2024-11-16,51,Virginia,26,0.295079157821385
2024-11-16,29,Missouri,29,0.464336848523393
2024-11-16,54,West Virginia,4,0.225991381818654
2024-11-16,17,Illinois,34,0.267502575499061
2024-11-16,18,Indiana,26,0.375490574825523
2024-11-16,41,Oregon,36,0.842623451942727
2024-11-16,31,Nebraska,6,0.299182483862845
2024-11-16,50,Vermont,3,0.462611007366309
2024-11-16,12,Florida,375,1.60446923836701
2024-11-16,48,Texas,223,0.712668832604669
2024-11-16,34,New Jersey,37,0.389438798692875
2024-11-16,55,Wisconsin,6,0.100654674780552
2024-11-16,39,Ohio,38,0.319776385422775
2024-11-16,44,Rhode Island,0,0
2024-11-16,20,Kansas,11,0.370294815266649
2024-11-16,06,California,311,0.788714274762135
2024-11-16,24,Maryland,11,0.175628510574433
2024-11-16,42,Pennsylvania,111,0.848704895444527
2024-11-16,72,Puerto Rico,204,6.36844249436908
2024-11-16,36,New York,63,0.31710481491951
2024-11-16,27,Minnesota,8,0.138094104572796
2024-11-16,09,Connecticut,5,0.136051867325484
2024-11-16,08,Colorado,29,0.486781939987172
2024-11-16,16,Idaho,12,0.599514692856133
2024-11-16,40,Oklahoma,13,0.317429853496356
2024-11-16,46,South Dakota,0,0
2024-11-16,11,District of Columbia,1,0.142399430402278
2024-11-16,45,South Carolina,13,0.237276893556308
2024-11-16,23,Maine,0,0
2024-11-16,22,Louisiana,79,1.71823548091019
2024-11-16,32,Nevada,43,1.31600410960539
2024-11-16,19,Iowa,5,0.15425014684614
2024-11-16,01,Alabama,44,0.853093598521356
2024-11-16,13,Georgia,44,0.393529023391544
2024-11-16,10,Delaware,4,0.380258138237142
2024-11-16,30,Montana,4,0.351730911783249
2024-11-16,38,North Dakota,1,0.12553856042422
2024-11-16,28,Mississippi,24,0.815481924333471
2024-11-16,25,Massachusetts,16,0.224209873894558
2024-11-16,33,New Hampshire,6,0.425824253813966
2024-11-16,56,Wyoming,4,0.680714341630107
2024-11-16,53,Washington,22,0.276445116848325
2024-11-09,50,Vermont,0,0
2024-11-09,47,Tennessee,80,1.10684514544637
2024-11-09,08,Colorado,20,0.335711682749774
2024-11-09,48,Texas,182,0.581640033784977
2024-11-09,44,Rhode Island,3,0.269709468960036
2024-11-09,24,Maryland,9,0.143696054106354
2024-11-09,29,Missouri,30,0.480348463989717
2024-11-09,46,South Dakota,2,0.21629361425548
2024-11-09,02,Alaska,6,0.810665110189655
2024-11-09,21,Kentucky,16,0.348707559020934
2024-11-09,38,North Dakota,0,0
2024-11-09,25,Massachusetts,30,0.420393513552296
2024-11-09,27,Minnesota,17,0.293449972217192
2024-11-09,30,Montana,0,0
2024-11-09,36,New York,55,0.276837536834493
2024-11-09,45,South Carolina,21,0.383293443437113
2024-11-09,55,Wisconsin,12,0.201309349561104
2024-11-09,23,Maine,1,0.0711737693343544
2024-11-09,12,Florida,360,1.54029046883233
2024-11-09,34,New Jersey,30,0.315761188129358
2024-11-09,35,New Mexico,16,0.751083437859112
2024-11-09,20,Kansas,7,0.235642155169686
2024-11-09,US,US,2075,0.610094961118986
2024-11-09,41,Oregon,25,0.585155174960227
2024-11-09,11,District of Columbia,2,0.284798860804557
2024-11-09,51,Virginia,26,0.295079157821385
2024-11-09,56,Wyoming,5,0.850892927037633
2024-11-09,33,New Hampshire,5,0.354853544844972
2024-11-09,28,Mississippi,23,0.781503510819576
2024-11-09,19,Iowa,4,0.123400117476912
2024-11-09,09,Connecticut,4,0.108841493860387
2024-11-09,37,North Carolina,27,0.244431842625002
2024-11-09,39,Ohio,22,0.185133696823712
2024-11-09,22,Louisiana,81,1.76173511333829
2024-11-09,17,Illinois,36,0.283238021116653
2024-11-09,31,Nebraska,4,0.199454989241897
2024-11-09,15,Hawaii,7,0.484045179394058
2024-11-09,13,Georgia,41,0.366697499069393
2024-11-09,54,West Virginia,6,0.338987072727982
2024-11-09,32,Nevada,25,0.765118668375228
2024-11-09,16,Idaho,8,0.399676461904089
2024-11-09,49,Utah,7,0.199793755760125
2024-11-09,04,Arizona,262,3.45537762265799
2024-11-09,06,California,159,0.403233343045593
2024-11-09,72,Puerto Rico,119,3.71492478838196
2024-11-09,42,Pennsylvania,142,1.08573058696507
2024-11-09,10,Delaware,1,0.0950645345592856
2024-11-09,53,Washington,14,0.17591961981257
2024-11-09,26,Michigan,36,0.355013515660386
2024-11-09,01,Alabama,32,0.620431708015532
2024-11-09,18,Indiana,28,0.404374465196717
2024-11-09,40,Oklahoma,13,0.317429853496356
2024-11-09,05,Arkansas,11,0.356176785433276
2024-11-02,45,South Carolina,11,0.200772756086107
2024-11-02,56,Wyoming,0,0
2024-11-02,26,Michigan,7,0.0690304058228528
2024-11-02,24,Maryland,4,0.0638649129361574
2024-11-02,53,Washington,2,0.0251313742589386
2024-11-02,49,Utah,2,0.0570839302171787
2024-11-02,02,Alaska,8,1.08088681358621
2024-11-02,72,Puerto Rico,15,0.468267830468315
2024-11-02,04,Arizona,129,1.70131188291176
2024-11-02,55,Wisconsin,5,0.0838788956504599
2024-11-02,09,Connecticut,10,0.272103734650968
2024-11-02,41,Oregon,7,0.163843448988864
2024-11-02,18,Indiana,14,0.202187232598359
2024-11-02,23,Maine,0,0
2024-11-02,50,Vermont,0,0
2024-11-02,39,Ohio,15,0.126227520561622
2024-11-02,13,Georgia,14,0.125213780170037
2024-11-02,33,New Hampshire,1,0.0709707089689943
2024-11-02,15,Hawaii,3,0.207447934026025
2024-11-02,48,Texas,103,0.329169909229959
2024-11-02,08,Colorado,25,0.419639603437218
2024-11-02,US,US,975,0.286671126308921
2024-11-02,34,New Jersey,28,0.294710442254068
2024-11-02,44,Rhode Island,2,0.179806312640024
2024-11-02,22,Louisiana,27,0.587245037779431
2024-11-02,19,Iowa,5,0.15425014684614
2024-11-02,31,Nebraska,2,0.0997274946209483
2024-11-02,06,California,110,0.278966463742234
2024-11-02,21,Kentucky,7,0.152559557071659
2024-11-02,01,Alabama,13,0.25205038138131
2024-11-02,28,Mississippi,15,0.509676202708419
2024-11-02,36,New York,15,0.0755011464094071
2024-11-02,27,Minnesota,4,0.0690470522863982
2024-11-02,35,New Mexico,2,0.093885429732389
2024-11-02,54,West Virginia,0,0
2024-11-02,51,Virginia,16,0.181587174043929
2024-11-02,10,Delaware,0,0
2024-11-02,29,Missouri,13,0.208151001062211
2024-11-02,42,Pennsylvania,97,0.74166103475783
2024-11-02,20,Kansas,10,0.336631650242408
2024-11-02,25,Massachusetts,3,0.0420393513552296
2024-11-02,11,District of Columbia,1,0.142399430402278
2024-11-02,32,Nevada,11,0.3366522140851
2024-11-02,30,Montana,0,0
2024-11-02,47,Tennessee,45,0.622600394313583
2024-11-02,05,Arkansas,6,0.194278246599969
2024-11-02,40,Oklahoma,3,0.0732530431145436
2024-11-02,37,North Carolina,14,0.126742436916668
2024-11-02,16,Idaho,6,0.299757346428067
2024-11-02,17,Illinois,27,0.21242851583749
2024-11-02,38,North Dakota,2,0.25107712084844
2024-11-02,46,South Dakota,0,0
2024-11-02,12,Florida,110,0.47064430992099
2024-10-26,11,District of Columbia,0,0
2024-10-26,16,Idaho,1,0.0499595577380111
2024-10-26,31,Nebraska,1,0.0498637473104741
2024-10-26,32,Nevada,5,0.153023733675046
2024-10-26,53,Washington,4,0.0502627485178772
2024-10-26,12,Florida,114,0.487758648463571
2024-10-26,51,Virginia,10,0.113491983777456
2024-10-26,26,Michigan,4,0.0394459461844873
2024-10-26,39,Ohio,229,1.92707348057409
2024-10-26,06,California,137,0.347440050297146
2024-10-26,35,New Mexico,15,0.704140722992917
2024-10-26,01,Alabama,9,0.174496417879368
2024-10-26,27,Minnesota,0,0
2024-10-26,37,North Carolina,47,0.425492466791671
2024-10-26,29,Missouri,8,0.128092923730591
2024-10-26,40,Oklahoma,4,0.0976707241527248
2024-10-26,23,Maine,0,0
2024-10-26,10,Delaware,0,0
2024-10-26,30,Montana,0,0
2024-10-26,49,Utah,5,0.142709825542947
2024-10-26,36,New York,7,0.03523386832439
2024-10-26,56,Wyoming,7,1.19125009785269
2024-10-26,55,Wisconsin,7,0.117430453910644
2024-10-26,38,North Dakota,0,0
2024-10-26,33,New Hampshire,0,0
2024-10-26,24,Maryland,0,0
2024-10-26,19,Iowa,4,0.123400117476912
2024-10-26,18,Indiana,3,0.0433258355567911
2024-10-26,42,Pennsylvania,63,0.481697373090137
2024-10-26,08,Colorado,14,0.234998177924842
2024-10-26,54,West Virginia,0,0
2024-10-26,72,Puerto Rico,14,0.43704997510376
2024-10-26,34,New Jersey,2,0.0210507458752905
2024-10-26,44,Rhode Island,0,0
2024-10-26,47,Tennessee,31,0.428902493860468
2024-10-26,13,Georgia,8,0.0715507315257353
2024-10-26,US,US,1083,0.318425466453909
2024-10-26,45,South Carolina,8,0.146016549880805
2024-10-26,22,Louisiana,23,0.500245772923219
2024-10-26,05,Arkansas,1,0.0323797077666615
2024-10-26,20,Kansas,3,0.100989495072723
2024-10-26,46,South Dakota,2,0.21629361425548
2024-10-26,41,Oregon,7,0.163843448988864
2024-10-26,28,Mississippi,0,0
2024-10-26,25,Massachusetts,0,0
2024-10-26,02,Alaska,3,0.405332555094828
2024-10-26,04,Arizona,187,2.46624280701162
2024-10-26,09,Connecticut,6,0.163262240790581
2024-10-26,21,Kentucky,4,0.0871768897552335
2024-10-26,17,Illinois,12,0.0944126737055511
2024-10-26,50,Vermont,0,0
2024-10-26,15,Hawaii,2,0.138298622684017
2024-10-26,48,Texas,63,0.201336934771723
2024-10-19,US,US,552,0.162299960741051
2024-10-19,04,Arizona,14,0.184638498920656
2024-10-19,27,Minnesota,88,1.51903515030076
2024-10-19,32,Nevada,5,0.153023733675046
2024-10-19,40,Oklahoma,0,0
2024-10-19,54,West Virginia,0,0
2024-10-19,49,Utah,1,0.0285419651085893
2024-10-19,11,District of Columbia,0,0
2024-10-19,44,Rhode Island,0,0
2024-10-19,45,South Carolina,8,0.146016549880805
2024-10-19,41,Oregon,4,0.0936248279936363
2024-10-19,09,Connecticut,5,0.136051867325484
2024-10-19,26,Michigan,4,0.0394459461844873
2024-10-19,55,Wisconsin,7,0.117430453910644
2024-10-19,12,Florida,134,0.573330341176478
2024-10-19,10,Delaware,0,0
2024-10-19,46,South Dakota,1,0.10814680712774
2024-10-19,72,Puerto Rico,6,0.187307132187326
2024-10-19,53,Washington,1,0.0125656871294693
2024-10-19,19,Iowa,1,0.030850029369228
2024-10-19,18,Indiana,3,0.0433258355567911
2024-10-19,20,Kansas,1,0.0336631650242408
2024-10-19,30,Montana,2,0.175865455891625
2024-10-19,56,Wyoming,0,0
2024-10-19,38,North Dakota,0,0
2024-10-19,08,Colorado,2,0.0335711682749774
2024-10-19,13,Georgia,5,0.0447192072035845
2024-10-19,02,Alaska,1,0.135110851698276
2024-10-19,31,Nebraska,0,0
2024-10-19,29,Missouri,2,0.0320232309326478
2024-10-19,21,Kentucky,2,0.0435884448776167
2024-10-19,06,California,75,0.190204407096978
2024-10-19,35,New Mexico,2,0.093885429732389
2024-10-19,50,Vermont,1,0.154203669122103
2024-10-19,17,Illinois,5,0.0393386140439796
2024-10-19,47,Tennessee,8,0.110684514544637
2024-10-19,34,New Jersey,0,0
2024-10-19,16,Idaho,6,0.299757346428067
2024-10-19,01,Alabama,6,0.116330945252912
2024-10-19,22,Louisiana,13,0.282747610782689
2024-10-19,37,North Carolina,48,0.434545498000004
2024-10-19,42,Pennsylvania,6,0.0458759402942987
2024-10-19,05,Arkansas,2,0.0647594155333229
2024-10-19,15,Hawaii,1,0.0691493113420083
2024-10-19,25,Massachusetts,0,0
2024-10-19,39,Ohio,10,0.0841516803744144
2024-10-19,48,Texas,46,0.147007920626972
2024-10-19,36,New York,5,0.0251670488031357
2024-10-19,51,Virginia,15,0.170237975666184
2024-10-19,23,Maine,0,0
2024-10-19,24,Maryland,2,0.0319324564680787
2024-10-19,28,Mississippi,4,0.135913654055578
2024-10-19,33,New Hampshire,0,0
2024-10-12,16,Idaho,3,0.149878673214033
2024-10-12,24,Maryland,0,0
2024-10-12,01,Alabama,2,0.0387769817509707
2024-10-12,39,Ohio,1,0.00841516803744144
2024-10-12,19,Iowa,0,0
2024-10-12,21,Kentucky,0,0
2024-10-12,47,Tennessee,2,0.0276711286361592
2024-10-12,34,New Jersey,0,0
2024-10-12,56,Wyoming,0,0
2024-10-12,06,California,30,0.0760817628387911
2024-10-12,27,Minnesota,0,0
2024-10-12,23,Maine,0,0
2024-10-12,44,Rhode Island,0,0
2024-10-12,US,US,295,0.0867363920626992
2024-10-12,35,New Mexico,2,0.093885429732389
2024-10-12,42,Pennsylvania,26,0.198795741275295
2024-10-12,02,Alaska,1,0.135110851698276
2024-10-12,08,Colorado,0,0
2024-10-12,33,New Hampshire,0,0
2024-10-12,38,North Dakota,1,0.12553856042422
2024-10-12,11,District of Columbia,0,0
2024-10-12,18,Indiana,3,0.0433258355567911
2024-10-12,20,Kansas,0,0
2024-10-12,48,Texas,79,0.252470124555017
2024-10-12,13,Georgia,0,0
2024-10-12,55,Wisconsin,0,0
2024-10-12,32,Nevada,0,0
2024-10-12,29,Missouri,1,0.0160116154663239
2024-10-12,04,Arizona,4,0.0527538568344732
2024-10-12,28,Mississippi,0,0
2024-10-12,40,Oklahoma,0,0
2024-10-12,51,Virginia,19,0.215634769177166
2024-10-12,41,Oregon,6,0.140437241990454
2024-10-12,26,Michigan,2,0.0197229730922437
2024-10-12,37,North Carolina,77,0.697083403041674
2024-10-12,53,Washington,7,0.0879598099062851
2024-10-12,25,Massachusetts,0,0
2024-10-12,49,Utah,0,0
2024-10-12,50,Vermont,0,0
2024-10-12,17,Illinois,1,0.00786772280879592
2024-10-12,36,New York,0,0
2024-10-12,22,Louisiana,0,0
2024-10-12,09,Connecticut,0,0
2024-10-12,31,Nebraska,0,0
2024-10-12,54,West Virginia,0,0
2024-10-12,15,Hawaii,1,0.0691493113420083
2024-10-12,12,Florida,17,0.0727359388059711
2024-10-12,45,South Carolina,0,0
2024-10-12,30,Montana,0,0
2024-10-12,10,Delaware,0,0
2024-10-12,72,Puerto Rico,9,0.280960698280989
2024-10-12,46,South Dakota,1,0.10814680712774
2024-10-12,05,Arkansas,0,0
2024-10-05,38,North Dakota,0,0
2024-10-05,46,South Dakota,0,0
2024-10-05,45,South Carolina,1,0.0182520687351006
2024-10-05,37,North Carolina,0,0
2024-10-05,53,Washington,10,0.125656871294693
2024-10-05,19,Iowa,1,0.030850029369228
2024-10-05,56,Wyoming,2,0.340357170815053
2024-10-05,47,Tennessee,4,0.0553422572723185
2024-10-05,18,Indiana,4,0.0577677807423882
2024-10-05,48,Texas,1,0.00319582436145592
2024-10-05,21,Kentucky,0,0
2024-10-05,36,New York,7,0.03523386832439
2024-10-05,08,Colorado,3,0.0503567524124661
2024-10-05,04,Arizona,40,0.527538568344732
2024-10-05,06,California,30,0.0760817628387911
2024-10-05,16,Idaho,0,0
2024-10-05,17,Illinois,2,0.0157354456175918
2024-10-05,11,District of Columbia,0,0
2024-10-05,44,Rhode Island,0,0
2024-10-05,42,Pennsylvania,61,0.466405392992037
2024-10-05,40,Oklahoma,0,0
2024-10-05,02,Alaska,1,0.135110851698276
2024-10-05,34,New Jersey,17,0.17893133993997
2024-10-05,31,Nebraska,0,0
2024-10-05,27,Minnesota,NA,NA
2024-10-05,41,Oregon,0,0
2024-10-05,51,Virginia,6,0.0680951902664735
2024-10-05,13,Georgia,1,0.00894384144071691
2024-10-05,22,Louisiana,5,0.108749081070265
2024-10-05,29,Missouri,0,0
2024-10-05,30,Montana,0,0
2024-10-05,72,Puerto Rico,3,0.0936535660936629
2024-10-05,US,US,286,0.0840901970506169
2024-10-05,24,Maryland,1,0.0159662282340394
2024-10-05,01,Alabama,0,0
2024-10-05,05,Arkansas,3,0.0971391232999844
2024-10-05,49,Utah,0,0
2024-10-05,25,Massachusetts,NA,NA
2024-10-05,55,Wisconsin,1,0.016775779130092
2024-10-05,09,Connecticut,4,0.108841493860387
2024-10-05,28,Mississippi,10,0.339784135138946
2024-10-05,39,Ohio,0,0
2024-10-05,12,Florida,53,0.226764985689204
2024-10-05,15,Hawaii,0,0
2024-10-05,54,West Virginia,NA,NA
2024-10-05,33,New Hampshire,0,0
2024-10-05,32,Nevada,1,0.0306047467350091
2024-10-05,10,Delaware,0,0
2024-10-05,23,Maine,0,0
2024-10-05,20,Kansas,0,0
2024-10-05,26,Michigan,12,0.118337838553462
2024-10-05,50,Vermont,0,0
2024-10-05,35,New Mexico,1,0.0469427148661945
2024-09-28,11,District of Columbia,2,0.284798860804557
2024-09-28,32,Nevada,1,0.0306047467350091
2024-09-28,49,Utah,0,0
2024-09-28,36,New York,5,0.0251670488031357
2024-09-28,72,Puerto Rico,3,0.0936535660936629
2024-09-28,33,New Hampshire,0,0
2024-09-28,26,Michigan,9,0.0887533789150965
2024-09-28,06,California,26,0.065937527793619
2024-09-28,17,Illinois,4,0.0314708912351837
2024-09-28,37,North Carolina,0,0
2024-09-28,39,Ohio,1,0.00841516803744144
2024-09-28,05,Arkansas,0,0
2024-09-28,48,Texas,1,0.00319582436145592
2024-09-28,25,Massachusetts,NA,NA
2024-09-28,51,Virginia,4,0.0453967935109823
2024-09-28,34,New Jersey,8,0.0842029835011622
2024-09-28,56,Wyoming,0,0
2024-09-28,09,Connecticut,0,0
2024-09-28,19,Iowa,1,0.030850029369228
2024-09-28,53,Washington,6,0.0753941227768158
2024-09-28,47,Tennessee,5,0.0691778215903981
2024-09-28,27,Minnesota,0,0
2024-09-28,US,US,223,0.0655668319660404
2024-09-28,45,South Carolina,2,0.0365041374702012
2024-09-28,16,Idaho,0,0
2024-09-28,50,Vermont,0,0
2024-09-28,02,Alaska,0,0
2024-09-28,46,South Dakota,0,0
2024-09-28,40,Oklahoma,5,0.122088405190906
2024-09-28,04,Arizona,14,0.184638498920656
2024-09-28,21,Kentucky,1,0.0217942224388084
2024-09-28,10,Delaware,0,0
2024-09-28,38,North Dakota,1,0.12553856042422
2024-09-28,13,Georgia,2,0.0178876828814338
2024-09-28,23,Maine,3,0.213521308003063
2024-09-28,12,Florida,46,0.196814893239687
2024-09-28,22,Louisiana,4,0.086999264856212
2024-09-28,55,Wisconsin,1,0.016775779130092
2024-09-28,01,Alabama,0,0
2024-09-28,18,Indiana,3,0.0433258355567911
2024-09-28,54,West Virginia,NA,NA
2024-09-28,44,Rhode Island,0,0
2024-09-28,31,Nebraska,1,0.0498637473104741
2024-09-28,35,New Mexico,0,0
2024-09-28,20,Kansas,1,0.0336631650242408
2024-09-28,15,Hawaii,1,0.0691493113420083
2024-09-28,42,Pennsylvania,45,0.344069552207241
2024-09-28,08,Colorado,3,0.0503567524124661
2024-09-28,29,Missouri,4,0.0640464618652956
2024-09-28,28,Mississippi,7,0.237848894597262
2024-09-28,41,Oregon,1,0.0234062069984091
2024-09-28,24,Maryland,1,0.0159662282340394
2024-09-28,30,Montana,1,0.0879327279458123
2024-09-21,31,Nebraska,1,0.0498637473104741
2024-09-21,16,Idaho,1,0.0499595577380111
2024-09-21,06,California,17,0.0431129989419816
2024-09-21,37,North Carolina,0,0
2024-09-21,50,Vermont,0,0
2024-09-21,38,North Dakota,0,0
2024-09-21,02,Alaska,3,0.405332555094828
2024-09-21,27,Minnesota,NA,NA
2024-09-21,55,Wisconsin,0,0
2024-09-21,25,Massachusetts,NA,NA
2024-09-21,28,Mississippi,16,0.543654616222314
2024-09-21,13,Georgia,5,0.0447192072035845
2024-09-21,49,Utah,0,0
2024-09-21,41,Oregon,2,0.0468124139968182
2024-09-21,26,Michigan,11,0.10847635200734
2024-09-21,21,Kentucky,2,0.0435884448776167
2024-09-21,23,Maine,1,0.0711737693343544
2024-09-21,05,Arkansas,3,0.0971391232999844
2024-09-21,36,New York,3,0.0151002292818814
2024-09-21,51,Virginia,4,0.0453967935109823
2024-09-21,29,Missouri,1,0.0160116154663239
2024-09-21,24,Maryland,5,0.0798311411701968
2024-09-21,08,Colorado,0,0
2024-09-21,10,Delaware,0,0
2024-09-21,US,US,293,0.086148348726681
2024-09-21,34,New Jersey,27,0.284185069316422
2024-09-21,20,Kansas,2,0.0673263300484817
2024-09-21,15,Hawaii,1,0.0691493113420083
2024-09-21,18,Indiana,6,0.0866516711135823
2024-09-21,04,Arizona,18,0.237392355755129
2024-09-21,44,Rhode Island,0,0
2024-09-21,30,Montana,0,0
2024-09-21,17,Illinois,7,0.0550740596615715
2024-09-21,12,Florida,44,0.188257723968396
2024-09-21,56,Wyoming,0,0
2024-09-21,40,Oklahoma,5,0.122088405190906
2024-09-21,09,Connecticut,0,0
2024-09-21,01,Alabama,0,0
2024-09-21,54,West Virginia,NA,NA
2024-09-21,53,Washington,6,0.0753941227768158
2024-09-21,47,Tennessee,2,0.0276711286361592
2024-09-21,19,Iowa,0,0
2024-09-21,46,South Dakota,2,0.21629361425548
2024-09-21,42,Pennsylvania,83,0.634617174071133
2024-09-21,45,South Carolina,1,0.0182520687351006
2024-09-21,39,Ohio,3,0.0252455041123243
2024-09-21,72,Puerto Rico,6,0.187307132187326
2024-09-21,22,Louisiana,4,0.086999264856212
2024-09-21,11,District of Columbia,0,0
2024-09-21,32,Nevada,0,0
2024-09-21,48,Texas,1,0.00319582436145592
2024-09-21,33,New Hampshire,0,0
2024-09-21,35,New Mexico,0,0
2024-09-14,56,Wyoming,0,0
2024-09-14,38,North Dakota,0,0
2024-09-14,28,Mississippi,19,0.645589856763998
2024-09-14,20,Kansas,0,0
2024-09-14,04,Arizona,24,0.316523141006839
2024-09-14,33,New Hampshire,0,0
2024-09-14,19,Iowa,2,0.0617000587384559
2024-09-14,36,New York,2,0.0100668195212543
2024-09-14,54,West Virginia,NA,NA
2024-09-14,16,Idaho,0,0
2024-09-14,12,Florida,79,0.338008186215983
2024-09-14,US,US,319,0.0937929120949189
2024-09-14,55,Wisconsin,0,0
2024-09-14,24,Maryland,3,0.0478986847021181
2024-09-14,48,Texas,1,0.00319582436145592
2024-09-14,05,Arkansas,2,0.0647594155333229
2024-09-14,23,Maine,0,0
2024-09-14,47,Tennessee,6,0.0830133859084777
2024-09-14,53,Washington,5,0.0628284356473465
2024-09-14,18,Indiana,4,0.0577677807423882
2024-09-14,45,South Carolina,2,0.0365041374702012
2024-09-14,22,Louisiana,1,0.021749816214053
2024-09-14,27,Minnesota,0,0
2024-09-14,10,Delaware,0,0
2024-09-14,35,New Mexico,0,0
2024-09-14,40,Oklahoma,1,0.0244176810381812
2024-09-14,72,Puerto Rico,0,0
2024-09-14,34,New Jersey,21,0.221032831690551
2024-09-14,31,Nebraska,0,0
2024-09-14,39,Ohio,4,0.0336606721497658
2024-09-14,02,Alaska,2,0.270221703396552
2024-09-14,08,Colorado,0,0
2024-09-14,11,District of Columbia,1,0.142399430402278
2024-09-14,29,Missouri,3,0.0480348463989717
2024-09-14,49,Utah,0,0
2024-09-14,51,Virginia,24,0.272380761065894
2024-09-14,06,California,25,0.063401469032326
2024-09-14,46,South Dakota,1,0.10814680712774
2024-09-14,13,Georgia,3,0.0268315243221507
2024-09-14,26,Michigan,16,0.157783784737949
2024-09-14,44,Rhode Island,0,0
2024-09-14,09,Connecticut,2,0.0544207469301937
2024-09-14,30,Montana,2,0.175865455891625
2024-09-14,01,Alabama,0,0
2024-09-14,37,North Carolina,0,0
2024-09-14,17,Illinois,6,0.0472063368527756
2024-09-14,15,Hawaii,1,0.0691493113420083
2024-09-14,41,Oregon,3,0.0702186209952272
2024-09-14,50,Vermont,0,0
2024-09-14,32,Nevada,0,0
2024-09-14,21,Kentucky,0,0
2024-09-14,25,Massachusetts,NA,NA
2024-09-14,42,Pennsylvania,54,0.412883462648689
2024-09-07,44,Rhode Island,0,0
2024-09-07,22,Louisiana,3,0.065249448642159
2024-09-07,26,Michigan,9,0.0887533789150965
2024-09-07,72,Puerto Rico,1,0.0312178553645543
2024-09-07,11,District of Columbia,0,0
2024-09-07,01,Alabama,0,0
2024-09-07,49,Utah,0,0
2024-09-07,34,New Jersey,12,0.126304475251743
2024-09-07,39,Ohio,2,0.0168303360748829
2024-09-07,48,Texas,1,0.00319582436145592
2024-09-07,51,Virginia,15,0.170237975666184
2024-09-07,27,Minnesota,0,0
2024-09-07,06,California,15,0.0380408814193956
2024-09-07,47,Tennessee,8,0.110684514544637
2024-09-07,35,New Mexico,0,0
2024-09-07,09,Connecticut,2,0.0544207469301937
2024-09-07,21,Kentucky,0,0
2024-09-07,54,West Virginia,NA,NA
2024-09-07,53,Washington,6,0.0753941227768158
2024-09-07,32,Nevada,0,0
2024-09-07,56,Wyoming,1,0.170178585407527
2024-09-07,29,Missouri,1,0.0160116154663239
2024-09-07,23,Maine,3,0.213521308003063
2024-09-07,38,North Dakota,0,0
2024-09-07,55,Wisconsin,1,0.016775779130092
2024-09-07,19,Iowa,1,0.030850029369228
2024-09-07,30,Montana,0,0
2024-09-07,17,Illinois,1,0.00786772280879592
2024-09-07,46,South Dakota,0,0
2024-09-07,40,Oklahoma,0,0
2024-09-07,31,Nebraska,0,0
2024-09-07,33,New Hampshire,0,0
2024-09-07,02,Alaska,1,0.135110851698276
2024-09-07,16,Idaho,0,0
2024-09-07,24,Maryland,0,0
2024-09-07,28,Mississippi,9,0.305805721625052
2024-09-07,36,New York,0,0
2024-09-07,50,Vermont,0,0
2024-09-07,10,Delaware,1,0.0950645345592856
2024-09-07,37,North Carolina,0,0
2024-09-07,08,Colorado,1,0.0167855841374887
2024-09-07,15,Hawaii,2,0.138298622684017
2024-09-07,13,Georgia,0,0
2024-09-07,US,US,223,0.0655668319660404
2024-09-07,45,South Carolina,2,0.0365041374702012
2024-09-07,41,Oregon,4,0.0936248279936363
2024-09-07,04,Arizona,14,0.184638498920656
2024-09-07,18,Indiana,0,0
2024-09-07,05,Arkansas,7,0.22665795436663
2024-09-07,25,Massachusetts,NA,NA
2024-09-07,20,Kansas,2,0.0673263300484817
2024-09-07,12,Florida,55,0.235322154960495
2024-09-07,42,Pennsylvania,43,0.328777572109141
2024-08-31,56,Wyoming,3,0.51053575622258
2024-08-31,30,Montana,0,0
2024-08-31,45,South Carolina,3,0.0547562062053018
2024-08-31,17,Illinois,3,0.0236031684263878
2024-08-31,21,Kentucky,0,0
2024-08-31,24,Maryland,0,0
2024-08-31,28,Mississippi,15,0.509676202708419
2024-08-31,32,Nevada,0,0
2024-08-31,06,California,20,0.0507211752258608
2024-08-31,50,Vermont,0,0
2024-08-31,15,Hawaii,2,0.138298622684017
2024-08-31,22,Louisiana,1,0.021749816214053
2024-08-31,05,Arkansas,5,0.161898538833307
2024-08-31,40,Oklahoma,1,0.0244176810381812
2024-08-31,54,West Virginia,0,0
2024-08-31,08,Colorado,0,0
2024-08-31,18,Indiana,1,0.014441945185597
2024-08-31,02,Alaska,0,0
2024-08-31,25,Massachusetts,NA,NA
2024-08-31,48,Texas,2,0.00639164872291183
2024-08-31,04,Arizona,26,0.342900069424076
2024-08-31,55,Wisconsin,0,0
2024-08-31,10,Delaware,0,0
2024-08-31,19,Iowa,2,0.0617000587384559
2024-08-31,72,Puerto Rico,2,0.0624357107291086
2024-08-31,46,South Dakota,1,0.10814680712774
2024-08-31,US,US,259,0.0761516120143698
2024-08-31,27,Minnesota,NA,NA
2024-08-31,53,Washington,7,0.0879598099062851
2024-08-31,41,Oregon,2,0.0468124139968182
2024-08-31,38,North Dakota,0,0
2024-08-31,12,Florida,38,0.162586216154524
2024-08-31,49,Utah,0,0
2024-08-31,26,Michigan,10,0.0986148654612183
2024-08-31,09,Connecticut,0,0
2024-08-31,35,New Mexico,1,0.0469427148661945
2024-08-31,20,Kansas,0,0
2024-08-31,11,District of Columbia,1,0.142399430402278
2024-08-31,16,Idaho,0,0
2024-08-31,37,North Carolina,0,0
2024-08-31,39,Ohio,1,0.00841516803744144
2024-08-31,44,Rhode Island,0,0
2024-08-31,31,Nebraska,1,0.0498637473104741
2024-08-31,33,New Hampshire,0,0
2024-08-31,47,Tennessee,11,0.152191207498876
2024-08-31,13,Georgia,3,0.0268315243221507
2024-08-31,36,New York,0,0
2024-08-31,51,Virginia,19,0.215634769177166
2024-08-31,29,Missouri,2,0.0320232309326478
2024-08-31,01,Alabama,1,0.0193884908754854
2024-08-31,42,Pennsylvania,63,0.481697373090137
2024-08-31,34,New Jersey,7,0.0736776105635169
2024-08-31,23,Maine,3,0.213521308003063
2024-08-24,22,Louisiana,9,0.195748345926477
2024-08-24,11,District of Columbia,0,0
2024-08-24,37,North Carolina,0,0
2024-08-24,19,Iowa,2,0.0617000587384559
2024-08-24,20,Kansas,0,0
2024-08-24,49,Utah,0,0
2024-08-24,36,New York,2,0.0100668195212543
2024-08-24,26,Michigan,12,0.118337838553462
2024-08-24,12,Florida,41,0.17542197006146
2024-08-24,21,Kentucky,3,0.0653826673164251
2024-08-24,29,Missouri,1,0.0160116154663239
2024-08-24,08,Colorado,0,0
2024-08-24,45,South Carolina,24,0.438049649642415
2024-08-24,56,Wyoming,1,0.170178585407527
2024-08-24,32,Nevada,0,0
2024-08-24,23,Maine,5,0.355868846671772
2024-08-24,53,Washington,5,0.0628284356473465
2024-08-24,42,Pennsylvania,55,0.420529452697739
2024-08-24,15,Hawaii,1,0.0691493113420083
2024-08-24,US,US,274,0.0805619370345071
2024-08-24,33,New Hampshire,0,0
2024-08-24,72,Puerto Rico,3,0.0936535660936629
2024-08-24,27,Minnesota,NA,NA
2024-08-24,34,New Jersey,12,0.126304475251743
2024-08-24,06,California,18,0.0456490577032747
2024-08-24,09,Connecticut,1,0.0272103734650968
2024-08-24,24,Maryland,2,0.0319324564680787
2024-08-24,10,Delaware,0,0
2024-08-24,04,Arizona,25,0.329711605215457
2024-08-24,44,Rhode Island,0,0
2024-08-24,50,Vermont,0,0
2024-08-24,18,Indiana,2,0.0288838903711941
2024-08-24,41,Oregon,2,0.0468124139968182
2024-08-24,55,Wisconsin,2,0.0335515582601839
2024-08-24,28,Mississippi,8,0.271827308111157
2024-08-24,40,Oklahoma,0,0
2024-08-24,02,Alaska,0,0
2024-08-24,31,Nebraska,1,0.0498637473104741
2024-08-24,46,South Dakota,0,0
2024-08-24,48,Texas,2,0.00639164872291183
2024-08-24,35,New Mexico,1,0.0469427148661945
2024-08-24,47,Tennessee,8,0.110684514544637
2024-08-24,01,Alabama,0,0
2024-08-24,05,Arkansas,4,0.129518831066646
2024-08-24,13,Georgia,2,0.0178876828814338
2024-08-24,25,Massachusetts,NA,NA
2024-08-24,54,West Virginia,0,0
2024-08-24,51,Virginia,14,0.158888777288438
2024-08-24,16,Idaho,0,0
2024-08-24,39,Ohio,3,0.0252455041123243
2024-08-24,17,Illinois,3,0.0236031684263878
2024-08-24,30,Montana,0,0
2024-08-24,38,North Dakota,0,0
2024-08-17,45,South Carolina,16,0.29203309976161
2024-08-17,44,Rhode Island,0,0
2024-08-17,55,Wisconsin,3,0.0503273373902759
2024-08-17,26,Michigan,9,0.0887533789150965
2024-08-17,09,Connecticut,2,0.0544207469301937
2024-08-17,23,Maine,1,0.0711737693343544
2024-08-17,30,Montana,0,0
2024-08-17,29,Missouri,3,0.0480348463989717
2024-08-17,17,Illinois,1,0.00786772280879592
2024-08-17,49,Utah,0,0
2024-08-17,25,Massachusetts,NA,NA
2024-08-17,46,South Dakota,1,0.10814680712774
2024-08-17,40,Oklahoma,0,0
2024-08-17,US,US,273,0.080267915366498
2024-08-17,11,District of Columbia,0,0
2024-08-17,56,Wyoming,1,0.170178585407527
2024-08-17,33,New Hampshire,0,0
2024-08-17,24,Maryland,2,0.0319324564680787
2024-08-17,53,Washington,8,0.100525497035754
2024-08-17,38,North Dakota,0,0
2024-08-17,05,Arkansas,4,0.129518831066646
2024-08-17,72,Puerto Rico,3,0.0936535660936629
2024-08-17,27,Minnesota,NA,NA
2024-08-17,06,California,32,0.0811538803613772
2024-08-17,15,Hawaii,1,0.0691493113420083
2024-08-17,31,Nebraska,0,0
2024-08-17,28,Mississippi,7,0.237848894597262
2024-08-17,47,Tennessee,9,0.124520078862717
2024-08-17,12,Florida,45,0.192536308604041
2024-08-17,34,New Jersey,10,0.105253729376453
2024-08-17,51,Virginia,14,0.158888777288438
2024-08-17,21,Kentucky,3,0.0653826673164251
2024-08-17,42,Pennsylvania,53,0.405237472599639
2024-08-17,32,Nevada,0,0
2024-08-17,39,Ohio,5,0.0420758401872072
2024-08-17,19,Iowa,1,0.030850029369228
2024-08-17,13,Georgia,2,0.0178876828814338
2024-08-17,20,Kansas,1,0.0336631650242408
2024-08-17,02,Alaska,4,0.540443406793103
2024-08-17,41,Oregon,0,0
2024-08-17,04,Arizona,17,0.224203891546511
2024-08-17,16,Idaho,0,0
2024-08-17,36,New York,1,0.00503340976062714
2024-08-17,54,West Virginia,0,0
2024-08-17,22,Louisiana,8,0.173998529712424
2024-08-17,37,North Carolina,0,0
2024-08-17,18,Indiana,3,0.0433258355567911
2024-08-17,10,Delaware,0,0
2024-08-17,35,New Mexico,0,0
2024-08-17,01,Alabama,0,0
2024-08-17,50,Vermont,0,0
2024-08-17,48,Texas,2,0.00639164872291183
2024-08-17,08,Colorado,0,0
2024-08-10,25,Massachusetts,NA,NA
2024-08-10,01,Alabama,0,0
2024-08-10,54,West Virginia,0,0
2024-08-10,36,New York,3,0.0151002292818814
2024-08-10,49,Utah,0,0
2024-08-10,16,Idaho,0,0
2024-08-10,50,Vermont,0,0
2024-08-10,20,Kansas,0,0
2024-08-10,41,Oregon,2,0.0468124139968182
2024-08-10,44,Rhode Island,0,0
2024-08-10,51,Virginia,24,0.272380761065894
2024-08-10,02,Alaska,0,0
2024-08-10,40,Oklahoma,1,0.0244176810381812
2024-08-10,17,Illinois,6,0.0472063368527756
2024-08-10,18,Indiana,0,0
2024-08-10,46,South Dakota,0,0
2024-08-10,09,Connecticut,0,0
2024-08-10,06,California,19,0.0481851164645677
2024-08-10,15,Hawaii,3,0.207447934026025
2024-08-10,29,Missouri,3,0.0480348463989717
2024-08-10,39,Ohio,4,0.0336606721497658
2024-08-10,48,Texas,3,0.00958747308436775
2024-08-10,08,Colorado,5,0.0839279206874435
2024-08-10,27,Minnesota,NA,NA
2024-08-10,37,North Carolina,1,0.00905303120833342
2024-08-10,19,Iowa,0,0
2024-08-10,11,District of Columbia,1,0.142399430402278
2024-08-10,26,Michigan,5,0.0493074327306091
2024-08-10,32,Nevada,0,0
2024-08-10,22,Louisiana,5,0.108749081070265
2024-08-10,55,Wisconsin,2,0.0335515582601839
2024-08-10,23,Maine,3,0.213521308003063
2024-08-10,US,US,275,0.0808559587025162
2024-08-10,24,Maryland,0,0
2024-08-10,30,Montana,0,0
2024-08-10,28,Mississippi,16,0.543654616222314
2024-08-10,38,North Dakota,0,0
2024-08-10,13,Georgia,2,0.0178876828814338
2024-08-10,72,Puerto Rico,5,0.156089276822772
2024-08-10,04,Arizona,25,0.329711605215457
2024-08-10,10,Delaware,0,0
2024-08-10,53,Washington,4,0.0502627485178772
2024-08-10,42,Pennsylvania,44,0.336423562158191
2024-08-10,34,New Jersey,15,0.157880594064679
2024-08-10,31,Nebraska,0,0
2024-08-10,12,Florida,42,0.179700554697105
2024-08-10,05,Arkansas,6,0.194278246599969
2024-08-10,21,Kentucky,0,0
2024-08-10,33,New Hampshire,0,0
2024-08-10,47,Tennessee,9,0.124520078862717
2024-08-10,35,New Mexico,0,0
2024-08-10,45,South Carolina,15,0.273781031026509
2024-08-10,56,Wyoming,2,0.340357170815053
2024-08-03,11,District of Columbia,1,0.142399430402278
2024-08-03,32,Nevada,0,0
2024-08-03,49,Utah,0,0
2024-08-03,05,Arkansas,4,0.129518831066646
2024-08-03,44,Rhode Island,0,0
2024-08-03,21,Kentucky,0,0
2024-08-03,06,California,31,0.0786178216000842
2024-08-03,24,Maryland,1,0.0159662282340394
2024-08-03,36,New York,0,0
2024-08-03,48,Texas,2,0.00639164872291183
2024-08-03,27,Minnesota,NA,NA
2024-08-03,39,Ohio,2,0.0168303360748829
2024-08-03,28,Mississippi,14,0.475697789194525
2024-08-03,54,West Virginia,0,0
2024-08-03,12,Florida,54,0.231043570324849
2024-08-03,08,Colorado,6,0.100713504824932
2024-08-03,22,Louisiana,7,0.152248713498371
2024-08-03,41,Oregon,0,0
2024-08-03,33,New Hampshire,0,0
2024-08-03,01,Alabama,1,0.0193884908754854
2024-08-03,40,Oklahoma,1,0.0244176810381812
2024-08-03,31,Nebraska,0,0
2024-08-03,38,North Dakota,0,0
2024-08-03,42,Pennsylvania,55,0.420529452697739
2024-08-03,10,Delaware,0,0
2024-08-03,17,Illinois,4,0.0314708912351837
2024-08-03,50,Vermont,0,0
2024-08-03,37,North Carolina,0,0
2024-08-03,20,Kansas,1,0.0336631650242408
2024-08-03,45,South Carolina,22,0.401545512172213
2024-08-03,04,Arizona,10,0.131884642086183
2024-08-03,51,Virginia,11,0.124841182155201
2024-08-03,US,US,275,0.0808559587025162
2024-08-03,34,New Jersey,12,0.126304475251743
2024-08-03,55,Wisconsin,1,0.016775779130092
2024-08-03,18,Indiana,1,0.014441945185597
2024-08-03,25,Massachusetts,NA,NA
2024-08-03,16,Idaho,0,0
2024-08-03,09,Connecticut,3,0.0816311203952905
2024-08-03,53,Washington,3,0.0376970613884079
2024-08-03,15,Hawaii,3,0.207447934026025
2024-08-03,23,Maine,2,0.142347538668709
2024-08-03,47,Tennessee,9,0.124520078862717
2024-08-03,35,New Mexico,0,0
2024-08-03,29,Missouri,1,0.0160116154663239
2024-08-03,19,Iowa,0,0
2024-08-03,46,South Dakota,0,0
2024-08-03,26,Michigan,2,0.0197229730922437
2024-08-03,56,Wyoming,2,0.340357170815053
2024-08-03,30,Montana,0,0
2024-08-03,02,Alaska,0,0
2024-08-03,72,Puerto Rico,6,0.187307132187326
2024-08-03,13,Georgia,3,0.0268315243221507
2024-07-27,25,Massachusetts,NA,NA
2024-07-27,04,Arizona,12,0.15826157050342
2024-07-27,31,Nebraska,0,0
2024-07-27,12,Florida,41,0.17542197006146
2024-07-27,13,Georgia,1,0.00894384144071691
2024-07-27,20,Kansas,1,0.0336631650242408
2024-07-27,45,South Carolina,16,0.29203309976161
2024-07-27,33,New Hampshire,0,0
2024-07-27,15,Hawaii,1,0.0691493113420083
2024-07-27,54,West Virginia,0,0
2024-07-27,46,South Dakota,0,0
2024-07-27,US,US,273,0.080267915366498
2024-07-27,56,Wyoming,0,0
2024-07-27,39,Ohio,2,0.0168303360748829
2024-07-27,08,Colorado,6,0.100713504824932
2024-07-27,21,Kentucky,0,0
2024-07-27,16,Idaho,0,0
2024-07-27,32,Nevada,0,0
2024-07-27,18,Indiana,1,0.014441945185597
2024-07-27,36,New York,1,0.00503340976062714
2024-07-27,34,New Jersey,17,0.17893133993997
2024-07-27,37,North Carolina,0,0
2024-07-27,09,Connecticut,1,0.0272103734650968
2024-07-27,47,Tennessee,13,0.179862336135035
2024-07-27,19,Iowa,1,0.030850029369228
2024-07-27,48,Texas,0,0
2024-07-27,30,Montana,1,0.0879327279458123
2024-07-27,40,Oklahoma,0,0
2024-07-27,42,Pennsylvania,59,0.451113412893938
2024-07-27,17,Illinois,3,0.0236031684263878
2024-07-27,02,Alaska,1,0.135110851698276
2024-07-27,22,Louisiana,2,0.043499632428106
2024-07-27,23,Maine,0,0
2024-07-27,72,Puerto Rico,3,0.0936535660936629
2024-07-27,10,Delaware,0,0
2024-07-27,05,Arkansas,8,0.259037662133292
2024-07-27,01,Alabama,0,0
2024-07-27,27,Minnesota,NA,NA
2024-07-27,26,Michigan,7,0.0690304058228528
2024-07-27,24,Maryland,0,0
2024-07-27,28,Mississippi,12,0.407740962166735
2024-07-27,44,Rhode Island,0,0
2024-07-27,29,Missouri,4,0.0640464618652956
2024-07-27,53,Washington,6,0.0753941227768158
2024-07-27,41,Oregon,1,0.0234062069984091
2024-07-27,06,California,29,0.0735457040774981
2024-07-27,50,Vermont,0,0
2024-07-27,11,District of Columbia,1,0.142399430402278
2024-07-27,51,Virginia,20,0.226983967554912
2024-07-27,55,Wisconsin,1,0.016775779130092
2024-07-27,38,North Dakota,1,0.12553856042422
2024-07-27,35,New Mexico,0,0
2024-07-27,49,Utah,0,0
2024-07-20,51,Virginia,16,0.181587174043929
2024-07-20,06,California,35,0.0887620566452563
2024-07-20,25,Massachusetts,0,0
2024-07-20,05,Arkansas,7,0.22665795436663
2024-07-20,41,Oregon,3,0.0702186209952272
2024-07-20,33,New Hampshire,0,0
2024-07-20,31,Nebraska,0,0
2024-07-20,37,North Carolina,2,0.0181060624166668
2024-07-20,15,Hawaii,6,0.41489586805205
2024-07-20,42,Pennsylvania,50,0.38229950245249
2024-07-20,34,New Jersey,17,0.17893133993997
2024-07-20,10,Delaware,0,0
2024-07-20,30,Montana,0,0
2024-07-20,18,Indiana,0,0
2024-07-20,16,Idaho,0,0
2024-07-20,56,Wyoming,3,0.51053575622258
2024-07-20,28,Mississippi,7,0.237848894597262
2024-07-20,72,Puerto Rico,9,0.280960698280989
2024-07-20,02,Alaska,3,0.405332555094828
2024-07-20,US,US,324,0.0952630204349646
2024-07-20,45,South Carolina,15,0.273781031026509
2024-07-20,04,Arizona,16,0.211015427337893
2024-07-20,22,Louisiana,5,0.108749081070265
2024-07-20,09,Connecticut,2,0.0544207469301937
2024-07-20,17,Illinois,4,0.0314708912351837
2024-07-20,23,Maine,2,0.142347538668709
2024-07-20,36,New York,14,0.0704677366487799
2024-07-20,13,Georgia,0,0
2024-07-20,20,Kansas,0,0
2024-07-20,08,Colorado,3,0.0503567524124661
2024-07-20,44,Rhode Island,0,0
2024-07-20,01,Alabama,0,0
2024-07-20,53,Washington,6,0.0753941227768158
2024-07-20,32,Nevada,0,0
2024-07-20,48,Texas,4,0.0127832974458237
2024-07-20,54,West Virginia,0,0
2024-07-20,27,Minnesota,0,0
2024-07-20,29,Missouri,3,0.0480348463989717
2024-07-20,38,North Dakota,0,0
2024-07-20,11,District of Columbia,2,0.284798860804557
2024-07-20,26,Michigan,8,0.0788918923689746
2024-07-20,21,Kentucky,0,0
2024-07-20,24,Maryland,0,0
2024-07-20,19,Iowa,0,0
2024-07-20,39,Ohio,3,0.0252455041123243
2024-07-20,40,Oklahoma,6,0.146506086229087
2024-07-20,50,Vermont,0,0
2024-07-20,35,New Mexico,0,0
2024-07-20,47,Tennessee,10,0.138355643180796
2024-07-20,49,Utah,0,0
2024-07-20,55,Wisconsin,3,0.0503273373902759
2024-07-20,12,Florida,59,0.252436493503076
2024-07-20,46,South Dakota,0,0
2024-07-13,11,District of Columbia,1,0.142399430402278
2024-07-13,51,Virginia,25,0.28372995944364
2024-07-13,41,Oregon,5,0.117031034992045
2024-07-13,16,Idaho,0,0
2024-07-13,32,Nevada,0,0
2024-07-13,30,Montana,1,0.0879327279458123
2024-07-13,72,Puerto Rico,6,0.187307132187326
2024-07-13,42,Pennsylvania,58,0.443467422844888
2024-07-13,09,Connecticut,3,0.0816311203952905
2024-07-13,19,Iowa,1,0.030850029369228
2024-07-13,01,Alabama,0,0
2024-07-13,25,Massachusetts,0,0
2024-07-13,04,Arizona,29,0.38246546204993
2024-07-13,27,Minnesota,0,0
2024-07-13,21,Kentucky,0,0
2024-07-13,56,Wyoming,1,0.170178585407527
2024-07-13,18,Indiana,3,0.0433258355567911
2024-07-13,36,New York,1,0.00503340976062714
2024-07-13,54,West Virginia,0,0
2024-07-13,08,Colorado,1,0.0167855841374887
2024-07-13,44,Rhode Island,0,0
2024-07-13,55,Wisconsin,3,0.0503273373902759
2024-07-13,53,Washington,15,0.18848530694204
2024-07-13,15,Hawaii,4,0.276597245368033
2024-07-13,34,New Jersey,23,0.242083577565841
2024-07-13,35,New Mexico,0,0
2024-07-13,20,Kansas,4,0.134652660096963
2024-07-13,50,Vermont,0,0
2024-07-13,24,Maryland,0,0
2024-07-13,39,Ohio,2,0.0168303360748829
2024-07-13,38,North Dakota,0,0
2024-07-13,47,Tennessee,11,0.152191207498876
2024-07-13,05,Arkansas,5,0.161898538833307
2024-07-13,US,US,367,0.107905952159358
2024-07-13,33,New Hampshire,0,0
2024-07-13,40,Oklahoma,0,0
2024-07-13,22,Louisiana,0,0
2024-07-13,28,Mississippi,6,0.203870481083368
2024-07-13,13,Georgia,0,0
2024-07-13,06,California,39,0.0989062916904285
2024-07-13,10,Delaware,0,0
2024-07-13,37,North Carolina,0,0
2024-07-13,26,Michigan,9,0.0887533789150965
2024-07-13,48,Texas,1,0.00319582436145592
2024-07-13,49,Utah,0,0
2024-07-13,29,Missouri,1,0.0160116154663239
2024-07-13,46,South Dakota,0,0
2024-07-13,02,Alaska,1,0.135110851698276
2024-07-13,12,Florida,78,0.333729601580338
2024-07-13,45,South Carolina,20,0.365041374702012
2024-07-13,31,Nebraska,0,0
2024-07-13,23,Maine,4,0.284695077337418
2024-07-13,17,Illinois,5,0.0393386140439796
2024-07-06,31,Nebraska,0,0
2024-07-06,55,Wisconsin,2,0.0335515582601839
2024-07-06,37,North Carolina,1,0.00905303120833342
2024-07-06,29,Missouri,0,0
2024-07-06,23,Maine,0,0
2024-07-06,08,Colorado,3,0.0503567524124661
2024-07-06,50,Vermont,0,0
2024-07-06,01,Alabama,0,0
2024-07-06,13,Georgia,4,0.0357753657628676
2024-07-06,21,Kentucky,2,0.0435884448776167
2024-07-06,30,Montana,0,0
2024-07-06,20,Kansas,0,0
2024-07-06,06,California,37,0.0938341741678424
2024-07-06,18,Indiana,3,0.0433258355567911
2024-07-06,19,Iowa,0,0
2024-07-06,45,South Carolina,19,0.346789305966912
2024-07-06,22,Louisiana,5,0.108749081070265
2024-07-06,26,Michigan,7,0.0690304058228528
2024-07-06,32,Nevada,1,0.0306047467350091
2024-07-06,12,Florida,56,0.23960073959614
2024-07-06,27,Minnesota,0,0
2024-07-06,09,Connecticut,7,0.190472614255678
2024-07-06,40,Oklahoma,2,0.0488353620763624
2024-07-06,34,New Jersey,21,0.221032831690551
2024-07-06,10,Delaware,0,0
2024-07-06,39,Ohio,6,0.0504910082246486
2024-07-06,05,Arkansas,4,0.129518831066646
2024-07-06,24,Maryland,1,0.0159662282340394
2024-07-06,38,North Dakota,0,0
2024-07-06,36,New York,4,0.0201336390425086
2024-07-06,16,Idaho,0,0
2024-07-06,15,Hawaii,3,0.207447934026025
2024-07-06,56,Wyoming,2,0.340357170815053
2024-07-06,47,Tennessee,10,0.138355643180796
2024-07-06,11,District of Columbia,0,0
2024-07-06,53,Washington,19,0.238748055459917
2024-07-06,48,Texas,2,0.00639164872291183
2024-07-06,02,Alaska,1,0.135110851698276
2024-07-06,04,Arizona,29,0.38246546204993
2024-07-06,44,Rhode Island,1,0.0899031563200121
2024-07-06,72,Puerto Rico,7,0.21852498755188
2024-07-06,49,Utah,0,0
2024-07-06,42,Pennsylvania,46,0.35171554225629
2024-07-06,US,US,341,0.10026138879112
2024-07-06,41,Oregon,5,0.117031034992045
2024-07-06,33,New Hampshire,0,0
2024-07-06,35,New Mexico,1,0.0469427148661945
2024-07-06,51,Virginia,18,0.20428557079942
2024-07-06,17,Illinois,8,0.0629417824703674
2024-07-06,28,Mississippi,3,0.101935240541684
2024-07-06,54,West Virginia,0,0
2024-07-06,25,Massachusetts,0,0
2024-07-06,46,South Dakota,0,0
2024-06-29,04,Arizona,23,0.303334676798221
2024-06-29,56,Wyoming,0,0
2024-06-29,55,Wisconsin,2,0.0335515582601839
2024-06-29,24,Maryland,2,0.0319324564680787
2024-06-29,36,New York,6,0.0302004585637628
2024-06-29,44,Rhode Island,0,0
2024-06-29,18,Indiana,3,0.0433258355567911
2024-06-29,US,US,356,0.104671713811257
2024-06-29,30,Montana,0,0
2024-06-29,17,Illinois,6,0.0472063368527756
2024-06-29,11,District of Columbia,2,0.284798860804557
2024-06-29,19,Iowa,1,0.030850029369228
2024-06-29,48,Texas,0,0
2024-06-29,42,Pennsylvania,47,0.35936153230534
2024-06-29,34,New Jersey,20,0.210507458752905
2024-06-29,10,Delaware,1,0.0950645345592856
2024-06-29,35,New Mexico,0,0
2024-06-29,21,Kentucky,1,0.0217942224388084
2024-06-29,23,Maine,1,0.0711737693343544
2024-06-29,39,Ohio,2,0.0168303360748829
2024-06-29,05,Arkansas,1,0.0323797077666615
2024-06-29,15,Hawaii,2,0.138298622684017
2024-06-29,51,Virginia,20,0.226983967554912
2024-06-29,06,California,49,0.124266879303359
2024-06-29,16,Idaho,0,0
2024-06-29,47,Tennessee,7,0.0968489502265574
2024-06-29,72,Puerto Rico,7,0.21852498755188
2024-06-29,45,South Carolina,17,0.31028516849671
2024-06-29,37,North Carolina,0,0
2024-06-29,02,Alaska,3,0.405332555094828
2024-06-29,33,New Hampshire,0,0
2024-06-29,31,Nebraska,0,0
2024-06-29,49,Utah,0,0
2024-06-29,46,South Dakota,0,0
2024-06-29,53,Washington,32,0.402101988143018
2024-06-29,12,Florida,62,0.265272247410012
2024-06-29,22,Louisiana,5,0.108749081070265
2024-06-29,26,Michigan,11,0.10847635200734
2024-06-29,09,Connecticut,1,0.0272103734650968
2024-06-29,28,Mississippi,6,0.203870481083368
2024-06-29,08,Colorado,3,0.0503567524124661
2024-06-29,25,Massachusetts,0,0
2024-06-29,41,Oregon,2,0.0468124139968182
2024-06-29,32,Nevada,1,0.0306047467350091
2024-06-29,50,Vermont,0,0
2024-06-29,54,West Virginia,0,0
2024-06-29,13,Georgia,4,0.0357753657628676
2024-06-29,01,Alabama,0,0
2024-06-29,38,North Dakota,0,0
2024-06-29,29,Missouri,5,0.0800580773316194
2024-06-29,27,Minnesota,0,0
2024-06-29,20,Kansas,1,0.0336631650242408
2024-06-29,40,Oklahoma,0,0
2024-06-22,04,Arizona,44,0.580292425179205
2024-06-22,26,Michigan,9,0.0887533789150965
2024-06-22,32,Nevada,1,0.0306047467350091
2024-06-22,55,Wisconsin,1,0.016775779130092
2024-06-22,53,Washington,28,0.35183923962514
2024-06-22,08,Colorado,3,0.0503567524124661
2024-06-22,72,Puerto Rico,10,0.312178553645543
2024-06-22,51,Virginia,25,0.28372995944364
2024-06-22,16,Idaho,0,0
2024-06-22,39,Ohio,6,0.0504910082246486
2024-06-22,28,Mississippi,16,0.543654616222314
2024-06-22,13,Georgia,2,0.0178876828814338
2024-06-22,24,Maryland,0,0
2024-06-22,18,Indiana,5,0.0722097259279852
2024-06-22,36,New York,7,0.03523386832439
2024-06-22,02,Alaska,6,0.810665110189655
2024-06-22,50,Vermont,0,0
2024-06-22,33,New Hampshire,0,0
2024-06-22,20,Kansas,1,0.0336631650242408
2024-06-22,US,US,441,0.129663555592035
2024-06-22,44,Rhode Island,0,0
2024-06-22,09,Connecticut,3,0.0816311203952905
2024-06-22,23,Maine,1,0.0711737693343544
2024-06-22,46,South Dakota,0,0
2024-06-22,40,Oklahoma,1,0.0244176810381812
2024-06-22,56,Wyoming,3,0.51053575622258
2024-06-22,10,Delaware,0,0
2024-06-22,42,Pennsylvania,51,0.389945492501539
2024-06-22,54,West Virginia,0,0
2024-06-22,12,Florida,64,0.273829416681303
2024-06-22,27,Minnesota,NA,NA
2024-06-22,45,South Carolina,20,0.365041374702012
2024-06-22,41,Oregon,14,0.327686897977727
2024-06-22,22,Louisiana,4,0.086999264856212
2024-06-22,48,Texas,1,0.00319582436145592
2024-06-22,25,Massachusetts,NA,NA
2024-06-22,30,Montana,2,0.175865455891625
2024-06-22,15,Hawaii,4,0.276597245368033
2024-06-22,38,North Dakota,1,0.12553856042422
2024-06-22,49,Utah,0,0
2024-06-22,05,Arkansas,5,0.161898538833307
2024-06-22,31,Nebraska,0,0
2024-06-22,37,North Carolina,0,0
2024-06-22,01,Alabama,0,0
2024-06-22,11,District of Columbia,0,0
2024-06-22,21,Kentucky,1,0.0217942224388084
2024-06-22,06,California,64,0.162307760722754
2024-06-22,34,New Jersey,16,0.168405967002324
2024-06-22,17,Illinois,6,0.0472063368527756
2024-06-22,29,Missouri,3,0.0480348463989717
2024-06-22,35,New Mexico,0,0
2024-06-22,19,Iowa,0,0
2024-06-22,47,Tennessee,12,0.166026771816955
2024-06-15,04,Arizona,69,0.910004030394662
2024-06-15,44,Rhode Island,0,0
2024-06-15,22,Louisiana,4,0.086999264856212
2024-06-15,55,Wisconsin,2,0.0335515582601839
2024-06-15,35,New Mexico,0,0
2024-06-15,18,Indiana,2,0.0288838903711941
2024-06-15,15,Hawaii,3,0.207447934026025
2024-06-15,02,Alaska,3,0.405332555094828
2024-06-15,46,South Dakota,0,0
2024-06-15,US,US,517,0.152009202360731
2024-06-15,32,Nevada,0,0
2024-06-15,37,North Carolina,0,0
2024-06-15,28,Mississippi,13,0.44171937568063
2024-06-15,06,California,58,0.147091408154996
2024-06-15,41,Oregon,6,0.140437241990454
2024-06-15,53,Washington,20,0.251313742589386
2024-06-15,27,Minnesota,NA,NA
2024-06-15,09,Connecticut,2,0.0544207469301937
2024-06-15,45,South Carolina,29,0.529309993317918
2024-06-15,21,Kentucky,3,0.0653826673164251
2024-06-15,12,Florida,80,0.342286770851629
2024-06-15,05,Arkansas,5,0.161898538833307
2024-06-15,16,Idaho,0,0
2024-06-15,01,Alabama,0,0
2024-06-15,25,Massachusetts,NA,NA
2024-06-15,33,New Hampshire,0,0
2024-06-15,50,Vermont,0,0
2024-06-15,30,Montana,2,0.175865455891625
2024-06-15,42,Pennsylvania,80,0.611679203923983
2024-06-15,20,Kansas,1,0.0336631650242408
2024-06-15,34,New Jersey,25,0.263134323441132
2024-06-15,39,Ohio,2,0.0168303360748829
2024-06-15,49,Utah,0,0
2024-06-15,36,New York,10,0.0503340976062714
2024-06-15,54,West Virginia,0,0
2024-06-15,56,Wyoming,4,0.680714341630107
2024-06-15,13,Georgia,1,0.00894384144071691
2024-06-15,29,Missouri,3,0.0480348463989717
2024-06-15,38,North Dakota,0,0
2024-06-15,48,Texas,0,0
2024-06-15,08,Colorado,3,0.0503567524124661
2024-06-15,17,Illinois,9,0.0708095052791633
2024-06-15,24,Maryland,0,0
2024-06-15,40,Oklahoma,1,0.0244176810381812
2024-06-15,51,Virginia,40,0.453967935109823
2024-06-15,11,District of Columbia,0,0
2024-06-15,10,Delaware,0,0
2024-06-15,19,Iowa,1,0.030850029369228
2024-06-15,72,Puerto Rico,6,0.187307132187326
2024-06-15,31,Nebraska,0,0
2024-06-15,26,Michigan,9,0.0887533789150965
2024-06-15,23,Maine,3,0.213521308003063
2024-06-15,47,Tennessee,15,0.207533464771194
2024-06-08,45,South Carolina,28,0.511057924582817
2024-06-08,16,Idaho,0,0
2024-06-08,08,Colorado,4,0.0671423365499548
2024-06-08,09,Connecticut,5,0.136051867325484
2024-06-08,26,Michigan,9,0.0887533789150965
2024-06-08,38,North Dakota,0,0
2024-06-08,15,Hawaii,1,0.0691493113420083
2024-06-08,56,Wyoming,5,0.850892927037633
2024-06-08,20,Kansas,5,0.168315825121204
2024-06-08,23,Maine,1,0.0711737693343544
2024-06-08,13,Georgia,2,0.0178876828814338
2024-06-08,12,Florida,81,0.346565355487274
2024-06-08,40,Oklahoma,1,0.0244176810381812
2024-06-08,22,Louisiana,5,0.108749081070265
2024-06-08,51,Virginia,24,0.272380761065894
2024-06-08,24,Maryland,3,0.0478986847021181
2024-06-08,36,New York,10,0.0503340976062714
2024-06-08,39,Ohio,3,0.0252455041123243
2024-06-08,46,South Dakota,0,0
2024-06-08,37,North Carolina,0,0
2024-06-08,48,Texas,1,0.00319582436145592
2024-06-08,41,Oregon,16,0.374499311974545
2024-06-08,50,Vermont,0,0
2024-06-08,35,New Mexico,5,0.234713574330972
2024-06-08,27,Minnesota,NA,NA
2024-06-08,17,Illinois,8,0.0629417824703674
2024-06-08,28,Mississippi,11,0.373762548652841
2024-06-08,44,Rhode Island,0,0
2024-06-08,55,Wisconsin,0,0
2024-06-08,11,District of Columbia,0,0
2024-06-08,32,Nevada,0,0
2024-06-08,29,Missouri,4,0.0640464618652956
2024-06-08,31,Nebraska,1,0.0498637473104741
2024-06-08,21,Kentucky,7,0.152559557071659
2024-06-08,06,California,59,0.149627466916289
2024-06-08,19,Iowa,0,0
2024-06-08,42,Pennsylvania,59,0.451113412893938
2024-06-08,US,US,511,0.150245072352676
2024-06-08,30,Montana,0,0
2024-06-08,18,Indiana,5,0.0722097259279852
2024-06-08,72,Puerto Rico,9,0.280960698280989
2024-06-08,49,Utah,0,0
2024-06-08,25,Massachusetts,NA,NA
2024-06-08,04,Arizona,53,0.69898860305677
2024-06-08,34,New Jersey,20,0.210507458752905
2024-06-08,33,New Hampshire,0,0
2024-06-08,10,Delaware,1,0.0950645345592856
2024-06-08,47,Tennessee,17,0.235204593407354
2024-06-08,05,Arkansas,5,0.161898538833307
2024-06-08,01,Alabama,0,0
2024-06-08,53,Washington,39,0.490061798049303
2024-06-08,02,Alaska,3,0.405332555094828
2024-06-08,54,West Virginia,0,0
2024-06-01,27,Minnesota,NA,NA
2024-06-01,44,Rhode Island,1,0.0899031563200121
2024-06-01,29,Missouri,6,0.0960696927979433
2024-06-01,36,New York,12,0.0604009171275257
2024-06-01,05,Arkansas,6,0.194278246599969
2024-06-01,50,Vermont,1,0.154203669122103
2024-06-01,37,North Carolina,0,0
2024-06-01,12,Florida,77,0.329451016944693
2024-06-01,11,District of Columbia,0,0
2024-06-01,33,New Hampshire,0,0
2024-06-01,23,Maine,5,0.355868846671772
2024-06-01,19,Iowa,1,0.030850029369228
2024-06-01,02,Alaska,3,0.405332555094828
2024-06-01,06,California,56,0.14201929063241
2024-06-01,56,Wyoming,0,0
2024-06-01,16,Idaho,0,0
2024-06-01,38,North Dakota,0,0
2024-06-01,08,Colorado,10,0.167855841374887
2024-06-01,46,South Dakota,0,0
2024-06-01,26,Michigan,15,0.147922298191827
2024-06-01,24,Maryland,5,0.0798311411701968
2024-06-01,28,Mississippi,13,0.44171937568063
2024-06-01,48,Texas,0,0
2024-06-01,51,Virginia,45,0.510713926998551
2024-06-01,30,Montana,2,0.175865455891625
2024-06-01,13,Georgia,5,0.0447192072035845
2024-06-01,49,Utah,0,0
2024-06-01,25,Massachusetts,NA,NA
2024-06-01,55,Wisconsin,3,0.0503273373902759
2024-06-01,72,Puerto Rico,10,0.312178553645543
2024-06-01,41,Oregon,17,0.397905518972954
2024-06-01,22,Louisiana,6,0.130498897284318
2024-06-01,32,Nevada,1,0.0306047467350091
2024-06-01,47,Tennessee,30,0.415066929542389
2024-06-01,40,Oklahoma,2,0.0488353620763624
2024-06-01,21,Kentucky,5,0.108971112194042
2024-06-01,18,Indiana,5,0.0722097259279852
2024-06-01,53,Washington,21,0.263879429718855
2024-06-01,20,Kansas,2,0.0673263300484817
2024-06-01,45,South Carolina,19,0.346789305966912
2024-06-01,39,Ohio,5,0.0420758401872072
2024-06-01,34,New Jersey,26,0.273659696378777
2024-06-01,04,Arizona,68,0.896815566186044
2024-06-01,09,Connecticut,4,0.108841493860387
2024-06-01,31,Nebraska,0,0
2024-06-01,10,Delaware,0,0
2024-06-01,17,Illinois,9,0.0708095052791633
2024-06-01,54,West Virginia,0,0
2024-06-01,42,Pennsylvania,79,0.604033213874933
2024-06-01,US,US,590,0.173472784125398
2024-06-01,35,New Mexico,9,0.42248443379575
2024-06-01,01,Alabama,0,0
2024-06-01,15,Hawaii,6,0.41489586805205
2024-05-25,21,Kentucky,3,0.0653826673164251
2024-05-25,50,Vermont,1,0.154203669122103
2024-05-25,53,Washington,21,0.263879429718855
2024-05-25,40,Oklahoma,6,0.146506086229087
2024-05-25,11,District of Columbia,2,0.284798860804557
2024-05-25,04,Arizona,66,0.870438637768807
2024-05-25,33,New Hampshire,0,0
2024-05-25,17,Illinois,9,0.0708095052791633
2024-05-25,42,Pennsylvania,85,0.649909154169232
2024-05-25,25,Massachusetts,NA,NA
2024-05-25,10,Delaware,1,0.0950645345592856
2024-05-25,12,Florida,97,0.4150227096576
2024-05-25,55,Wisconsin,3,0.0503273373902759
2024-05-25,26,Michigan,29,0.285983109837533
2024-05-25,23,Maine,5,0.355868846671772
2024-05-25,38,North Dakota,0,0
2024-05-25,13,Georgia,3,0.0268315243221507
2024-05-25,49,Utah,0,0
2024-05-25,22,Louisiana,9,0.195748345926477
2024-05-25,06,California,42,0.106514467974308
2024-05-25,56,Wyoming,5,0.850892927037633
2024-05-25,29,Missouri,10,0.160116154663239
2024-05-25,19,Iowa,2,0.0617000587384559
2024-05-25,35,New Mexico,8,0.375541718929556
2024-05-25,27,Minnesota,NA,NA
2024-05-25,34,New Jersey,37,0.389438798692875
2024-05-25,32,Nevada,0,0
2024-05-25,24,Maryland,0,0
2024-05-25,30,Montana,1,0.0879327279458123
2024-05-25,18,Indiana,4,0.0577677807423882
2024-05-25,47,Tennessee,20,0.276711286361592
2024-05-25,02,Alaska,2,0.270221703396552
2024-05-25,01,Alabama,0,0
2024-05-25,39,Ohio,11,0.0925668484118558
2024-05-25,36,New York,20,0.100668195212543
2024-05-25,20,Kansas,5,0.168315825121204
2024-05-25,08,Colorado,11,0.184641425512376
2024-05-25,72,Puerto Rico,4,0.124871421458217
2024-05-25,US,US,610,0.179353217485582
2024-05-25,37,North Carolina,0,0
2024-05-25,28,Mississippi,8,0.271827308111157
2024-05-25,46,South Dakota,1,0.10814680712774
2024-05-25,44,Rhode Island,1,0.0899031563200121
2024-05-25,16,Idaho,0,0
2024-05-25,09,Connecticut,6,0.163262240790581
2024-05-25,51,Virginia,32,0.363174348087859
2024-05-25,41,Oregon,14,0.327686897977727
2024-05-25,54,West Virginia,0,0
2024-05-25,15,Hawaii,2,0.138298622684017
2024-05-25,48,Texas,2,0.00639164872291183
2024-05-25,05,Arkansas,2,0.0647594155333229
2024-05-25,45,South Carolina,18,0.328537237231811
2024-05-25,31,Nebraska,0,0
2024-05-18,21,Kentucky,5,0.108971112194042
2024-05-18,33,New Hampshire,0,0
2024-05-18,24,Maryland,0,0
2024-05-18,08,Colorado,6,0.100713504824932
2024-05-18,72,Puerto Rico,17,0.530703541197423
2024-05-18,35,New Mexico,13,0.610255293260528
2024-05-18,02,Alaska,1,0.135110851698276
2024-05-18,20,Kansas,2,0.0673263300484817
2024-05-18,11,District of Columbia,2,0.284798860804557
2024-05-18,16,Idaho,0,0
2024-05-18,53,Washington,12,0.150788245553632
2024-05-18,46,South Dakota,0,0
2024-05-18,45,South Carolina,22,0.401545512172213
2024-05-18,56,Wyoming,1,0.170178585407527
2024-05-18,55,Wisconsin,11,0.184533570431012
2024-05-18,39,Ohio,12,0.100982016449297
2024-05-18,27,Minnesota,NA,NA
2024-05-18,19,Iowa,3,0.0925500881076839
2024-05-18,51,Virginia,39,0.442618736732078
2024-05-18,23,Maine,3,0.213521308003063
2024-05-18,30,Montana,1,0.0879327279458123
2024-05-18,17,Illinois,10,0.0786772280879593
2024-05-18,09,Connecticut,10,0.272103734650968
2024-05-18,04,Arizona,66,0.870438637768807
2024-05-18,50,Vermont,0,0
2024-05-18,13,Georgia,6,0.0536630486443015
2024-05-18,36,New York,28,0.14093547329756
2024-05-18,25,Massachusetts,NA,NA
2024-05-18,41,Oregon,21,0.491530346966591
2024-05-18,28,Mississippi,22,0.747525097305682
2024-05-18,US,US,681,0.200228755914231
2024-05-18,22,Louisiana,3,0.065249448642159
2024-05-18,31,Nebraska,2,0.0997274946209483
2024-05-18,29,Missouri,11,0.176127770129563
2024-05-18,05,Arkansas,0,0
2024-05-18,15,Hawaii,2,0.138298622684017
2024-05-18,44,Rhode Island,1,0.0899031563200121
2024-05-18,37,North Carolina,0,0
2024-05-18,10,Delaware,1,0.0950645345592856
2024-05-18,47,Tennessee,21,0.290546850679672
2024-05-18,40,Oklahoma,5,0.122088405190906
2024-05-18,26,Michigan,31,0.305706082929777
2024-05-18,06,California,57,0.144555349393703
2024-05-18,48,Texas,0,0
2024-05-18,49,Utah,0,0
2024-05-18,12,Florida,91,0.389351201843728
2024-05-18,32,Nevada,2,0.0612094934700182
2024-05-18,54,West Virginia,0,0
2024-05-18,34,New Jersey,32,0.336811934004649
2024-05-18,01,Alabama,2,0.0387769817509707
2024-05-18,18,Indiana,11,0.158861397041568
2024-05-18,38,North Dakota,1,0.12553856042422
2024-05-18,42,Pennsylvania,92,0.703431084512581
2024-05-11,31,Nebraska,1,0.0498637473104741
2024-05-11,50,Vermont,0,0
2024-05-11,36,New York,52,0.261737307552611
2024-05-11,27,Minnesota,0,0
2024-05-11,56,Wyoming,0,0
2024-05-11,49,Utah,3,0.085625895325768
2024-05-11,11,District of Columbia,4,0.569597721609114
2024-05-11,10,Delaware,1,0.0950645345592856
2024-05-11,24,Maryland,5,0.0798311411701968
2024-05-11,47,Tennessee,17,0.235204593407354
2024-05-11,32,Nevada,1,0.0306047467350091
2024-05-11,23,Maine,8,0.569390154674836
2024-05-11,18,Indiana,12,0.173303342227165
2024-05-11,05,Arkansas,12,0.388556493199938
2024-05-11,15,Hawaii,3,0.207447934026025
2024-05-11,41,Oregon,18,0.421311725971363
2024-05-11,16,Idaho,0,0
2024-05-11,55,Wisconsin,10,0.16775779130092
2024-05-11,19,Iowa,3,0.0925500881076839
2024-05-11,20,Kansas,5,0.168315825121204
2024-05-11,72,Puerto Rico,28,0.874099950207521
2024-05-11,48,Texas,1,0.00319582436145592
2024-05-11,28,Mississippi,14,0.475697789194525
2024-05-11,22,Louisiana,8,0.173998529712424
2024-05-11,34,New Jersey,47,0.494692528069328
2024-05-11,39,Ohio,9,0.075736512336973
2024-05-11,54,West Virginia,0,0
2024-05-11,06,California,49,0.124266879303359
2024-05-11,02,Alaska,6,0.810665110189655
2024-05-11,40,Oklahoma,9,0.219759129343631
2024-05-11,38,North Dakota,0,0
2024-05-11,13,Georgia,7,0.0626068900850184
2024-05-11,33,New Hampshire,0,0
2024-05-11,08,Colorado,12,0.201427009649864
2024-05-11,53,Washington,28,0.35183923962514
2024-05-11,51,Virginia,39,0.442618736732078
2024-05-11,44,Rhode Island,4,0.359612625280048
2024-05-11,04,Arizona,73,0.962757887229135
2024-05-11,29,Missouri,18,0.28820907839383
2024-05-11,46,South Dakota,1,0.10814680712774
2024-05-11,42,Pennsylvania,84,0.642263164120182
2024-05-11,45,South Carolina,21,0.383293443437113
2024-05-11,12,Florida,85,0.363679694029856
2024-05-11,US,US,852,0.250506461143796
2024-05-11,09,Connecticut,22,0.598628216232131
2024-05-11,30,Montana,2,0.175865455891625
2024-05-11,26,Michigan,50,0.493074327306091
2024-05-11,17,Illinois,13,0.102280396514347
2024-05-11,35,New Mexico,16,0.751083437859112
2024-05-11,01,Alabama,0,0
2024-05-11,21,Kentucky,3,0.0653826673164251
2024-05-11,37,North Carolina,0,0
2024-05-11,25,Massachusetts,48,0.672629621683673
2024-05-04,27,Minnesota,18,0.310711735288792
2024-05-04,50,Vermont,4,0.616814676488412
2024-05-04,47,Tennessee,22,0.304382414997752
2024-05-04,19,Iowa,9,0.277650264323052
2024-05-04,13,Georgia,16,0.143101463051471
2024-05-04,33,New Hampshire,3,0.212912126906983
2024-05-04,01,Alabama,10,0.193884908754854
2024-05-04,15,Hawaii,6,0.41489586805205
2024-05-04,16,Idaho,2,0.0999191154760222
2024-05-04,51,Virginia,58,0.658253505909244
2024-05-04,45,South Carolina,31,0.565814130788119
2024-05-04,23,Maine,9,0.64056392400919
2024-05-04,21,Kentucky,10,0.217942224388084
2024-05-04,31,Nebraska,5,0.249318736552371
2024-05-04,30,Montana,0,0
2024-05-04,55,Wisconsin,15,0.25163668695138
2024-05-04,10,Delaware,4,0.380258138237142
2024-05-04,42,Pennsylvania,95,0.72636905465973
2024-05-04,29,Missouri,33,0.528383310388688
2024-05-04,28,Mississippi,20,0.679568270277892
2024-05-04,04,Arizona,75,0.989134815646372
2024-05-04,22,Louisiana,9,0.195748345926477
2024-05-04,49,Utah,2,0.0570839302171787
2024-05-04,06,California,77,0.195276524619564
2024-05-04,24,Maryland,10,0.159662282340394
2024-05-04,37,North Carolina,8,0.0724242496666674
2024-05-04,40,Oklahoma,16,0.390682896610899
2024-05-04,12,Florida,141,0.603280433625996
2024-05-04,44,Rhode Island,3,0.269709468960036
2024-05-04,09,Connecticut,34,0.925152697813293
2024-05-04,26,Michigan,83,0.818503383328112
2024-05-04,72,Puerto Rico,32,0.998971371665738
2024-05-04,18,Indiana,36,0.519910026681494
2024-05-04,48,Texas,89,0.284428368169577
2024-05-04,08,Colorado,23,0.38606843516224
2024-05-04,US,US,1485,0.436622176993588
2024-05-04,34,New Jersey,81,0.852555207949267
2024-05-04,35,New Mexico,11,0.516369863528139
2024-05-04,39,Ohio,46,0.387097729722306
2024-05-04,25,Massachusetts,58,0.812760792867772
2024-05-04,20,Kansas,9,0.302968485218168
2024-05-04,11,District of Columbia,5,0.711997152011392
2024-05-04,05,Arkansas,14,0.45331590873326
2024-05-04,54,West Virginia,7,0.395484918182645
2024-05-04,17,Illinois,43,0.338312080778225
2024-05-04,36,New York,132,0.664410088402782
2024-05-04,32,Nevada,10,0.306047467350091
2024-05-04,56,Wyoming,4,0.680714341630107
2024-05-04,53,Washington,25,0.314142178236733
2024-05-04,38,North Dakota,4,0.50215424169688
2024-05-04,02,Alaska,3,0.405332555094828
2024-05-04,41,Oregon,17,0.397905518972954
2024-05-04,46,South Dakota,7,0.757027649894178
2024-04-27,21,Kentucky,25,0.544855560970209
2024-04-27,26,Michigan,123,1.21296284517298
2024-04-27,53,Washington,37,0.464930423790364
2024-04-27,08,Colorado,23,0.38606843516224
2024-04-27,22,Louisiana,17,0.369746875638901
2024-04-27,28,Mississippi,21,0.713546683791787
2024-04-27,72,Puerto Rico,44,1.37358563604039
2024-04-27,56,Wyoming,4,0.680714341630107
2024-04-27,39,Ohio,78,0.656383106920432
2024-04-27,51,Virginia,58,0.658253505909244
2024-04-27,27,Minnesota,39,0.673208759792382
2024-04-27,10,Delaware,2,0.190129069118571
2024-04-27,01,Alabama,15,0.29082736313228
2024-04-27,US,US,2420,0.711532436582143
2024-04-27,04,Arizona,105,1.38478874190492
2024-04-27,30,Montana,3,0.263798183837437
2024-04-27,09,Connecticut,64,1.7414639017662
2024-04-27,17,Illinois,88,0.692359607174041
2024-04-27,35,New Mexico,20,0.93885429732389
2024-04-27,02,Alaska,5,0.675554258491379
2024-04-27,16,Idaho,16,0.799352923808177
2024-04-27,37,North Carolina,13,0.117689405708335
2024-04-27,19,Iowa,22,0.678700646123015
2024-04-27,38,North Dakota,7,0.878769922969539
2024-04-27,13,Georgia,35,0.313034450425092
2024-04-27,55,Wisconsin,37,0.620703827813403
2024-04-27,47,Tennessee,51,0.705613780222061
2024-04-27,44,Rhode Island,7,0.629322094240085
2024-04-27,06,California,156,0.395625166761714
2024-04-27,33,New Hampshire,4,0.283882835875977
2024-04-27,15,Hawaii,14,0.968090358788117
2024-04-27,20,Kansas,27,0.908905455654503
2024-04-27,32,Nevada,21,0.642699681435191
2024-04-27,42,Pennsylvania,116,0.886934845689776
2024-04-27,54,West Virginia,22,1.2429526000026
2024-04-27,05,Arkansas,60,1.94278246599969
2024-04-27,25,Massachusetts,69,0.96690508117028
2024-04-27,24,Maryland,20,0.319324564680787
2024-04-27,48,Texas,171,0.546485965808962
2024-04-27,46,South Dakota,14,1.51405529978836
2024-04-27,11,District of Columbia,8,1.13919544321823
2024-04-27,45,South Carolina,30,0.547562062053018
2024-04-27,31,Nebraska,17,0.84768370427806
2024-04-27,50,Vermont,6,0.925222014732619
2024-04-27,36,New York,164,0.825479200742851
2024-04-27,41,Oregon,30,0.702186209952272
2024-04-27,29,Missouri,59,0.94468531251311
2024-04-27,23,Maine,14,0.996432770680962
2024-04-27,34,New Jersey,89,0.936758191450429
2024-04-27,18,Indiana,46,0.664329478537464
2024-04-27,12,Florida,262,1.12098917453908
2024-04-27,49,Utah,6,0.171251790651536
2024-04-27,40,Oklahoma,36,0.879036517374523
2024-04-20,11,District of Columbia,14,1.9935920256319
2024-04-20,55,Wisconsin,66,1.10720142258607
2024-04-20,47,Tennessee,58,0.802462730448618
2024-04-20,21,Kentucky,46,1.00253423218518
2024-04-20,31,Nebraska,27,1.3463211773828
2024-04-20,25,Massachusetts,127,1.77966587403805
2024-04-20,54,West Virginia,13,0.734471990910627
2024-04-20,09,Connecticut,57,1.55099128751052
2024-04-20,17,Illinois,122,0.959862182673103
2024-04-20,23,Maine,16,1.13878030934967
2024-04-20,24,Maryland,38,0.606716672893496
2024-04-20,15,Hawaii,5,0.345746556710042
2024-04-20,20,Kansas,40,1.34652660096963
2024-04-20,12,Florida,239,1.02258172791924
2024-04-20,45,South Carolina,37,0.675326543198723
2024-04-20,50,Vermont,10,1.54203669122103
2024-04-20,38,North Dakota,15,1.8830784063633
2024-04-20,18,Indiana,61,0.88095865632142
2024-04-20,06,California,157,0.398161225523007
2024-04-20,10,Delaware,8,0.760516276474285
2024-04-20,29,Missouri,83,1.32896408370488
2024-04-20,28,Mississippi,25,0.849460337847366
2024-04-20,13,Georgia,40,0.357753657628676
2024-04-20,44,Rhode Island,11,0.988934719520133
2024-04-20,34,New Jersey,110,1.15779102314098
2024-04-20,26,Michigan,170,1.67645271284071
2024-04-20,37,North Carolina,23,0.208219717791669
2024-04-20,41,Oregon,32,0.74899862394909
2024-04-20,56,Wyoming,2,0.340357170815053
2024-04-20,30,Montana,6,0.527596367674874
2024-04-20,01,Alabama,17,0.329604344883251
2024-04-20,49,Utah,3,0.085625895325768
2024-04-20,08,Colorado,26,0.436425187574706
2024-04-20,40,Oklahoma,30,0.732530431145436
2024-04-20,04,Arizona,79,1.04188867248085
2024-04-20,27,Minnesota,53,0.914873442794776
2024-04-20,32,Nevada,26,0.795723415110237
2024-04-20,02,Alaska,2,0.270221703396552
2024-04-20,36,New York,216,1.08721650829546
2024-04-20,48,Texas,255,0.814935212171259
2024-04-20,22,Louisiana,24,0.521995589137272
2024-04-20,19,Iowa,53,1.63505155656908
2024-04-20,05,Arkansas,30,0.971391232999844
2024-04-20,42,Pennsylvania,146,1.11631454716127
2024-04-20,51,Virginia,79,0.896586671841901
2024-04-20,16,Idaho,15,0.749393366070166
2024-04-20,46,South Dakota,24,2.59552337106575
2024-04-20,US,US,2942,0.865011747282919
2024-04-20,53,Washington,26,0.326707865366202
2024-04-20,72,Puerto Rico,36,1.12384279312396
2024-04-20,33,New Hampshire,12,0.851648507627932
2024-04-20,35,New Mexico,15,0.704140722992917
2024-04-20,39,Ohio,110,0.925668484118558
2024-04-13,09,Connecticut,62,1.687043154836
2024-04-13,33,New Hampshire,14,0.99358992556592
2024-04-13,23,Maine,15,1.06760654001532
2024-04-13,24,Maryland,55,0.878142552872165
2024-04-13,47,Tennessee,77,1.06533845249213
2024-04-13,01,Alabama,19,0.368381326634222
2024-04-13,35,New Mexico,19,0.891911582457695
2024-04-13,44,Rhode Island,14,1.25864418848017
2024-04-13,22,Louisiana,30,0.65249448642159
2024-04-13,32,Nevada,23,0.703909174905209
2024-04-13,28,Mississippi,38,1.291179713528
2024-04-13,15,Hawaii,12,0.8297917361041
2024-04-13,46,South Dakota,14,1.51405529978836
2024-04-13,36,New York,365,1.83719456262891
2024-04-13,17,Illinois,186,1.46339644243604
2024-04-13,04,Arizona,85,1.12101945773255
2024-04-13,55,Wisconsin,77,1.29173499301708
2024-04-13,30,Montana,9,0.791394551512311
2024-04-13,53,Washington,42,0.527758859437711
2024-04-13,29,Missouri,108,1.72925447036298
2024-04-13,18,Indiana,112,1.61749786078687
2024-04-13,12,Florida,326,1.39481859122039
2024-04-13,48,Texas,275,0.878851699400377
2024-04-13,54,West Virginia,22,1.2429526000026
2024-04-13,21,Kentucky,67,1.46021290340016
2024-04-13,26,Michigan,334,3.29373650640469
2024-04-13,37,North Carolina,55,0.497916716458338
2024-04-13,39,Ohio,193,1.6241274312262
2024-04-13,25,Massachusetts,177,2.48032172995855
2024-04-13,34,New Jersey,130,1.36829848189389
2024-04-13,51,Virginia,110,1.24841182155201
2024-04-13,10,Delaware,7,0.665451741914999
2024-04-13,11,District of Columbia,17,2.42079031683873
2024-04-13,42,Pennsylvania,196,1.49861404961376
2024-04-13,41,Oregon,33,0.7724048309475
2024-04-13,56,Wyoming,6,1.02107151244516
2024-04-13,72,Puerto Rico,43,1.34236778067584
2024-04-13,40,Oklahoma,35,0.854618836336342
2024-04-13,13,Georgia,57,0.509798962120864
2024-04-13,20,Kansas,27,0.908905455654503
2024-04-13,49,Utah,1,0.0285419651085893
2024-04-13,27,Minnesota,79,1.36367928265636
2024-04-13,45,South Carolina,64,1.16813239904644
2024-04-13,50,Vermont,16,2.46725870595365
2024-04-13,19,Iowa,63,1.94355185026136
2024-04-13,02,Alaska,4,0.540443406793103
2024-04-13,06,California,179,0.453954518271454
2024-04-13,31,Nebraska,45,2.24386862897134
2024-04-13,38,North Dakota,18,2.25969408763596
2024-04-13,US,US,4072,1.19725623213326
2024-04-13,16,Idaho,12,0.599514692856133
2024-04-13,05,Arkansas,47,1.52184626503309
2024-04-13,08,Colorado,55,0.923207127561879
2024-04-06,26,Michigan,457,4.50669935157767
2024-04-06,46,South Dakota,37,4.00143186372637
2024-04-06,15,Hawaii,9,0.622343802078075
2024-04-06,36,New York,408,2.05363118233587
2024-04-06,20,Kansas,42,1.41385293101812
2024-04-06,US,US,5068,1.49010181347037
2024-04-06,12,Florida,312,1.33491840632135
2024-04-06,02,Alaska,7,0.945775961887931
2024-04-06,04,Arizona,81,1.06826560089808
2024-04-06,23,Maine,24,1.70817046402451
2024-04-06,01,Alabama,39,0.756151144143929
2024-04-06,45,South Carolina,44,0.803091024344427
2024-04-06,44,Rhode Island,16,1.43845050112019
2024-04-06,16,Idaho,31,1.54874628987834
2024-04-06,09,Connecticut,88,2.39451286492852
2024-04-06,38,North Dakota,19,2.38523264806018
2024-04-06,13,Georgia,60,0.536630486443015
2024-04-06,08,Colorado,49,0.822493622736947
2024-04-06,54,West Virginia,68,3.84185349091712
2024-04-06,29,Missouri,146,2.33769585808329
2024-04-06,72,Puerto Rico,39,1.21749635921762
2024-04-06,34,New Jersey,168,1.76826265352441
2024-04-06,31,Nebraska,54,2.6926423547656
2024-04-06,18,Indiana,166,2.39736290080911
2024-04-06,49,Utah,5,0.142709825542947
2024-04-06,56,Wyoming,7,1.19125009785269
2024-04-06,40,Oklahoma,63,1.53831390540542
2024-04-06,25,Massachusetts,227,3.18097758587904
2024-04-06,30,Montana,7,0.615529095620686
2024-04-06,06,California,151,0.382944872955249
2024-04-06,32,Nevada,35,1.07116613572532
2024-04-06,55,Wisconsin,124,2.0801966121314
2024-04-06,17,Illinois,182,1.43192555120086
2024-04-06,28,Mississippi,53,1.80085591623642
2024-04-06,11,District of Columbia,23,3.2751868992524
2024-04-06,41,Oregon,51,1.19371655691886
2024-04-06,24,Maryland,88,1.40502808459546
2024-04-06,42,Pennsylvania,256,1.95737345255675
2024-04-06,33,New Hampshire,16,1.13553134350391
2024-04-06,10,Delaware,19,1.80622615662643
2024-04-06,19,Iowa,82,2.52970240827669
2024-04-06,27,Minnesota,112,1.93331746401915
2024-04-06,39,Ohio,264,2.22160436188454
2024-04-06,53,Washington,43,0.54032454656718
2024-04-06,05,Arkansas,60,1.94278246599969
2024-04-06,22,Louisiana,32,0.695994118849696
2024-04-06,51,Virginia,157,1.78182414530606
2024-04-06,50,Vermont,9,1.38783302209893
2024-04-06,37,North Carolina,77,0.697083403041674
2024-04-06,47,Tennessee,102,1.41122756044412
2024-04-06,35,New Mexico,41,1.92465130951397
2024-04-06,48,Texas,308,0.984313903328422
2024-04-06,21,Kentucky,102,2.22301068875845
2024-03-30,US,US,5574,1.638876777483
2024-03-30,31,Nebraska,51,2.54305111283418
2024-03-30,21,Kentucky,120,2.615306692657
2024-03-30,33,New Hampshire,17,1.2065020524729
2024-03-30,23,Maine,23,1.63699669469015
2024-03-30,10,Delaware,15,1.42596801838928
2024-03-30,27,Minnesota,124,2.14045862087834
2024-03-30,32,Nevada,26,0.795723415110237
2024-03-30,37,North Carolina,88,0.796666746333341
2024-03-30,39,Ohio,242,2.03647066506083
2024-03-30,49,Utah,11,0.313961616194483
2024-03-30,40,Oklahoma,91,2.22200897447449
2024-03-30,72,Puerto Rico,47,1.46723920213405
2024-03-30,56,Wyoming,11,1.87196443948279
2024-03-30,30,Montana,29,2.55004911042856
2024-03-30,24,Maryland,76,1.21343334578699
2024-03-30,29,Missouri,193,3.09024178500051
2024-03-30,13,Georgia,64,0.572405852205882
2024-03-30,11,District of Columbia,18,2.56318974724101
2024-03-30,34,New Jersey,188,1.97877011227731
2024-03-30,26,Michigan,523,5.15755746362172
2024-03-30,18,Indiana,175,2.52734040747948
2024-03-30,19,Iowa,90,2.77650264323052
2024-03-30,28,Mississippi,47,1.59698543515305
2024-03-30,38,North Dakota,31,3.89169537315082
2024-03-30,44,Rhode Island,14,1.25864418848017
2024-03-30,01,Alabama,60,1.16330945252912
2024-03-30,46,South Dakota,33,3.56884463521541
2024-03-30,48,Texas,360,1.15049677012413
2024-03-30,51,Virginia,111,1.25976101992976
2024-03-30,41,Oregon,64,1.49799724789818
2024-03-30,53,Washington,56,0.703678479250281
2024-03-30,47,Tennessee,84,1.16218740271869
2024-03-30,42,Pennsylvania,267,2.04147934309629
2024-03-30,04,Arizona,97,1.27928102823597
2024-03-30,45,South Carolina,63,1.14988033031134
2024-03-30,22,Louisiana,47,1.02224136206049
2024-03-30,17,Illinois,201,1.58141228456798
2024-03-30,20,Kansas,66,2.2217688915999
2024-03-30,06,California,180,0.456490577032747
2024-03-30,35,New Mexico,36,1.689937735183
2024-03-30,25,Massachusetts,228,3.19499070299745
2024-03-30,16,Idaho,45,2.2481800982105
2024-03-30,36,New York,391,1.96806321640521
2024-03-30,05,Arkansas,82,2.65513603686624
2024-03-30,02,Alaska,8,1.08088681358621
2024-03-30,54,West Virginia,71,4.01134702728111
2024-03-30,12,Florida,404,1.72854819280073
2024-03-30,15,Hawaii,7,0.484045179394058
2024-03-30,55,Wisconsin,126,2.11374817039159
2024-03-30,09,Connecticut,89,2.42172323839362
2024-03-30,50,Vermont,15,2.31305503683155
2024-03-30,08,Colorado,68,1.14141972134923
2024-03-23,56,Wyoming,5,0.850892927037633
2024-03-23,55,Wisconsin,132,2.21440284517214
2024-03-23,30,Montana,21,1.84658728686206
2024-03-23,37,North Carolina,83,0.751401590291674
2024-03-23,05,Arkansas,103,3.33510989996613
2024-03-23,17,Illinois,212,1.66795723546474
2024-03-23,01,Alabama,70,1.35719436128398
2024-03-23,42,Pennsylvania,345,2.63786656692218
2024-03-23,21,Kentucky,129,2.81145469460628
2024-03-23,33,New Hampshire,25,1.77426772422486
2024-03-23,23,Maine,26,1.85051800269322
2024-03-23,16,Idaho,55,2.74777567559061
2024-03-23,19,Iowa,94,2.89990276070743
2024-03-23,53,Washington,81,1.01782065748701
2024-03-23,27,Minnesota,133,2.29581448852274
2024-03-23,04,Arizona,106,1.39797720611354
2024-03-23,02,Alaska,10,1.35110851698276
2024-03-23,46,South Dakota,59,6.38066162053665
2024-03-23,54,West Virginia,80,4.51982763637309
2024-03-23,36,New York,355,1.78686046502263
2024-03-23,32,Nevada,39,1.19358512266536
2024-03-23,50,Vermont,18,2.77566604419786
2024-03-23,35,New Mexico,57,2.67573474737309
2024-03-23,51,Virginia,135,1.53214178099565
2024-03-23,31,Nebraska,60,2.99182483862845
2024-03-23,10,Delaware,16,1.52103255294857
2024-03-23,39,Ohio,299,2.51613524319499
2024-03-23,08,Colorado,97,1.6282016613364
2024-03-23,11,District of Columbia,20,2.84798860804557
2024-03-23,22,Louisiana,33,0.717743935063749
2024-03-23,41,Oregon,97,2.27040207884568
2024-03-23,24,Maryland,75,1.19746711755295
2024-03-23,28,Mississippi,45,1.52902860812526
2024-03-23,18,Indiana,174,2.51289846229389
2024-03-23,13,Georgia,81,0.72445115669807
2024-03-23,72,Puerto Rico,50,1.56089276822772
2024-03-23,44,Rhode Island,13,1.16874103216016
2024-03-23,09,Connecticut,83,2.25846099760304
2024-03-23,26,Michigan,530,5.22658786944457
2024-03-23,15,Hawaii,6,0.41489586805205
2024-03-23,34,New Jersey,180,1.89456712877615
2024-03-23,49,Utah,11,0.313961616194483
2024-03-23,25,Massachusetts,240,3.36314810841837
2024-03-23,US,US,6048,1.77824304811934
2024-03-23,06,California,175,0.443810283226282
2024-03-23,48,Texas,398,1.27193809585945
2024-03-23,12,Florida,423,1.80984130087799
2024-03-23,40,Oklahoma,94,2.29526201758903
2024-03-23,45,South Carolina,66,1.20463653651664
2024-03-23,29,Missouri,192,3.07423016953419
2024-03-23,38,North Dakota,20,2.5107712084844
2024-03-23,47,Tennessee,127,1.75711666839611
2024-03-23,20,Kansas,66,2.2217688915999
2024-03-16,11,District of Columbia,14,1.9935920256319
2024-03-16,16,Idaho,68,3.39724992618475
2024-03-16,24,Maryland,114,1.82015001868049
2024-03-16,19,Iowa,115,3.54775337746122
2024-03-16,15,Hawaii,18,1.24468760415615
2024-03-16,32,Nevada,30,0.918142402050273
2024-03-16,09,Connecticut,99,2.69382697304459
2024-03-16,56,Wyoming,11,1.87196443948279
2024-03-16,48,Texas,538,1.71935350646328
2024-03-16,20,Kansas,95,3.19800067730288
2024-03-16,45,South Carolina,74,1.35065308639745
2024-03-16,55,Wisconsin,183,3.06996758080683
2024-03-16,51,Virginia,134,1.52079258261791
2024-03-16,10,Delaware,18,1.71116162206714
2024-03-16,44,Rhode Island,21,1.88796628272025
2024-03-16,39,Ohio,357,3.00421498936659
2024-03-16,12,Florida,516,2.20774967199301
2024-03-16,49,Utah,13,0.371045546411661
2024-03-16,27,Minnesota,164,2.83092914374233
2024-03-16,31,Nebraska,69,3.44059856442271
2024-03-16,30,Montana,35,3.07764547810343
2024-03-16,47,Tennessee,129,1.78478779703227
2024-03-16,40,Oklahoma,139,3.39405766430719
2024-03-16,08,Colorado,96,1.61141607719892
2024-03-16,04,Arizona,134,1.76725420395485
2024-03-16,41,Oregon,68,1.59162207589182
2024-03-16,21,Kentucky,142,3.09477958631079
2024-03-16,06,California,188,0.476779047123091
2024-03-16,50,Vermont,24,3.70088805893047
2024-03-16,53,Washington,85,1.06808340600489
2024-03-16,34,New Jersey,218,2.29453130040667
2024-03-16,37,North Carolina,94,0.850984933583342
2024-03-16,23,Maine,33,2.3487343880337
2024-03-16,18,Indiana,275,3.97153492603919
2024-03-16,28,Mississippi,55,1.8688127432642
2024-03-16,72,Puerto Rico,63,1.96672488796692
2024-03-16,26,Michigan,599,5.90703044112697
2024-03-16,05,Arkansas,190,6.15214447566568
2024-03-16,US,US,7321,2.15253263149499
2024-03-16,02,Alaska,9,1.21599766528448
2024-03-16,38,North Dakota,29,3.64061825230238
2024-03-16,01,Alabama,65,1.26025190690655
2024-03-16,42,Pennsylvania,369,2.82137032809937
2024-03-16,54,West Virginia,101,5.70628239092102
2024-03-16,22,Louisiana,40,0.86999264856212
2024-03-16,35,New Mexico,45,2.11242216897875
2024-03-16,13,Georgia,102,0.912271826953125
2024-03-16,33,New Hampshire,38,2.69688694082178
2024-03-16,17,Illinois,250,1.96693070219898
2024-03-16,29,Missouri,278,4.45122909963804
2024-03-16,46,South Dakota,43,4.65031270649281
2024-03-16,25,Massachusetts,323,4.52623682924638
2024-03-16,36,New York,411,2.06873141161775
2024-03-09,US,US,9413,2.76762596097013
2024-03-09,10,Delaware,26,2.47167789854142
2024-03-09,39,Ohio,622,5.23423451928857
2024-03-09,49,Utah,14,0.399587511520251
2024-03-09,20,Kansas,84,2.82770586203623
2024-03-09,04,Arizona,125,1.64855802607729
2024-03-09,31,Nebraska,86,4.28828226870078
2024-03-09,48,Texas,637,2.03574011824742
2024-03-09,26,Michigan,851,8.39212505074967
2024-03-09,21,Kentucky,190,4.14090226337359
2024-03-09,37,North Carolina,132,1.19500011950001
2024-03-09,42,Pennsylvania,511,3.90710091506444
2024-03-09,46,South Dakota,37,4.00143186372637
2024-03-09,13,Georgia,156,1.39523926475184
2024-03-09,44,Rhode Island,23,2.06777259536028
2024-03-09,16,Idaho,70,3.49716904166078
2024-03-09,02,Alaska,5,0.675554258491379
2024-03-09,54,West Virginia,143,8.07919190001689
2024-03-09,32,Nevada,43,1.31600410960539
2024-03-09,28,Mississippi,61,2.07268322434757
2024-03-09,18,Indiana,414,5.97896530683718
2024-03-09,27,Minnesota,174,3.00354677445832
2024-03-09,11,District of Columbia,36,5.12637949448202
2024-03-09,05,Arkansas,247,7.99778781836538
2024-03-09,34,New Jersey,272,2.86290143903951
2024-03-09,19,Iowa,178,5.49130522772258
2024-03-09,08,Colorado,80,1.3428467309991
2024-03-09,12,Florida,536,2.29332136470591
2024-03-09,30,Montana,28,2.46211638248275
2024-03-09,29,Missouri,408,6.53273911026015
2024-03-09,47,Tennessee,188,2.60108609179897
2024-03-09,40,Oklahoma,181,4.4196002679108
2024-03-09,06,California,207,0.524964163587659
2024-03-09,50,Vermont,29,4.47190640454099
2024-03-09,72,Puerto Rico,52,1.62332847895682
2024-03-09,51,Virginia,196,2.22444288203813
2024-03-09,24,Maryland,170,2.71425879978669
2024-03-09,41,Oregon,79,1.84909035287432
2024-03-09,45,South Carolina,97,1.77045066730476
2024-03-09,17,Illinois,267,2.10068198994851
2024-03-09,35,New Mexico,77,3.61458904469698
2024-03-09,33,New Hampshire,33,2.34203339597681
2024-03-09,23,Maine,50,3.55868846671772
2024-03-09,15,Hawaii,9,0.622343802078075
2024-03-09,56,Wyoming,15,2.5526787811129
2024-03-09,53,Washington,56,0.703678479250281
2024-03-09,38,North Dakota,21,2.63630976890862
2024-03-09,01,Alabama,85,1.64802172441626
2024-03-09,09,Connecticut,165,4.48971162174098
2024-03-09,55,Wisconsin,197,3.30482848862812
2024-03-09,22,Louisiana,55,1.19623989177291
2024-03-09,25,Massachusetts,402,5.63327308160076
2024-03-09,36,New York,593,2.98481198805189
2024-03-02,45,South Carolina,107,1.95297135465576
2024-03-02,56,Wyoming,25,4.25446463518817
2024-03-02,55,Wisconsin,200,3.35515582601839
2024-03-02,31,Nebraska,95,4.73705599449504
2024-03-02,19,Iowa,180,5.55300528646103
2024-03-02,38,North Dakota,22,2.76184832933284
2024-03-02,02,Alaska,11,1.48621936868103
2024-03-02,04,Arizona,182,2.40030048596853
2024-03-02,16,Idaho,61,3.04753302201868
2024-03-02,32,Nevada,49,1.49963259001545
2024-03-02,28,Mississippi,67,2.27655370543094
2024-03-02,49,Utah,17,0.485213406846019
2024-03-02,44,Rhode Island,27,2.42738522064033
2024-03-02,22,Louisiana,77,1.67473584848208
2024-03-02,33,New Hampshire,39,2.76785764979078
2024-03-02,12,Florida,538,2.3018785339772
2024-03-02,40,Oklahoma,179,4.37076490583443
2024-03-02,27,Minnesota,182,3.14164087903112
2024-03-02,34,New Jersey,343,3.61020291761233
2024-03-02,30,Montana,27,2.37418365453693
2024-03-02,47,Tennessee,236,3.26519317906679
2024-03-02,72,Puerto Rico,43,1.34236778067584
2024-03-02,06,California,266,0.674591630503948
2024-03-02,17,Illinois,331,2.60421624971145
2024-03-02,13,Georgia,203,1.81559981246553
2024-03-02,36,New York,764,3.84552505711913
2024-03-02,42,Pennsylvania,544,4.15941858668309
2024-03-02,15,Hawaii,16,1.10638898147213
2024-03-02,01,Alabama,81,1.57046776091431
2024-03-02,53,Washington,75,0.942426534710198
2024-03-02,08,Colorado,93,1.56105932478645
2024-03-02,26,Michigan,1017,10.0291318174059
2024-03-02,35,New Mexico,61,2.86350560683786
2024-03-02,25,Massachusetts,508,7.11866349615221
2024-03-02,US,US,10805,3.17690412283887
2024-03-02,11,District of Columbia,15,2.13599145603418
2024-03-02,51,Virginia,219,2.48547444472628
2024-03-02,10,Delaware,33,3.13712964045642
2024-03-02,18,Indiana,390,5.63235862238285
2024-03-02,46,South Dakota,46,4.97475312787603
2024-03-02,20,Kansas,87,2.92869535710895
2024-03-02,41,Oregon,76,1.77887173187909
2024-03-02,09,Connecticut,212,5.76859917460053
2024-03-02,29,Missouri,443,7.09314565158148
2024-03-02,37,North Carolina,160,1.44848499333335
2024-03-02,23,Maine,64,4.55512123739868
2024-03-02,39,Ohio,637,5.3604620398502
2024-03-02,54,West Virginia,181,10.2261100272941
2024-03-02,21,Kentucky,280,6.10238228286634
2024-03-02,50,Vermont,30,4.62611007366309
2024-03-02,24,Maryland,176,2.81005616919093
2024-03-02,48,Texas,811,2.59181355714075
2024-03-02,05,Arkansas,278,9.00155875913189
2024-02-24,26,Michigan,974,9.60508789592266
2024-02-24,55,Wisconsin,213,3.57324095470959
2024-02-24,17,Illinois,318,2.5019358531971
2024-02-24,30,Montana,22,1.93452001480787
2024-02-24,49,Utah,9,0.256877685977304
2024-02-24,45,South Carolina,111,2.02597962959617
2024-02-24,29,Missouri,454,7.26927342171105
2024-02-24,15,Hawaii,14,0.968090358788117
2024-02-24,42,Pennsylvania,493,3.76947309418155
2024-02-24,72,Puerto Rico,52,1.62332847895682
2024-02-24,44,Rhode Island,34,3.05670731488041
2024-02-24,53,Washington,97,1.21887165155852
2024-02-24,US,US,10856,3.19189922790733
2024-02-24,27,Minnesota,159,2.74462032838433
2024-02-24,10,Delaware,24,2.28154882942285
2024-02-24,35,New Mexico,59,2.76962017710547
2024-02-24,36,New York,782,3.93612643281042
2024-02-24,08,Colorado,129,2.16534035373604
2024-02-24,16,Idaho,90,4.496360196421
2024-02-24,33,New Hampshire,33,2.34203339597681
2024-02-24,39,Ohio,655,5.51193506452414
2024-02-24,34,New Jersey,297,3.12603576248065
2024-02-24,09,Connecticut,171,4.65297386253156
2024-02-24,22,Louisiana,94,2.04448272412098
2024-02-24,21,Kentucky,279,6.08058806042753
2024-02-24,24,Maryland,118,1.88401493161664
2024-02-24,38,North Dakota,25,3.1384640106055
2024-02-24,19,Iowa,157,4.84345461096879
2024-02-24,48,Texas,995,3.17984523964864
2024-02-24,05,Arkansas,275,8.9044196358319
2024-02-24,51,Virginia,207,2.34928406419334
2024-02-24,23,Maine,67,4.76864254540175
2024-02-24,47,Tennessee,201,2.780948427934
2024-02-24,01,Alabama,87,1.68679870616723
2024-02-24,25,Massachusetts,463,6.48807322582377
2024-02-24,46,South Dakota,42,4.54216589936507
2024-02-24,54,West Virginia,163,9.20914880911016
2024-02-24,32,Nevada,43,1.31600410960539
2024-02-24,28,Mississippi,55,1.8688127432642
2024-02-24,12,Florida,619,2.64844388946448
2024-02-24,02,Alaska,4,0.540443406793103
2024-02-24,41,Oregon,89,2.08315242285841
2024-02-24,04,Arizona,204,2.69044669855813
2024-02-24,11,District of Columbia,18,2.56318974724101
2024-02-24,50,Vermont,26,4.00929539717468
2024-02-24,37,North Carolina,160,1.44848499333335
2024-02-24,40,Oklahoma,169,4.12658809545262
2024-02-24,20,Kansas,82,2.76037953198775
2024-02-24,06,California,302,0.765889745910497
2024-02-24,18,Indiana,419,6.05117503276516
2024-02-24,13,Georgia,192,1.71721755661765
2024-02-24,56,Wyoming,27,4.59482180600322
2024-02-24,31,Nebraska,84,4.18855477407983
2024-02-17,22,Louisiana,85,1.8487343781945
2024-02-17,19,Iowa,124,3.82540364178427
2024-02-17,28,Mississippi,94,3.19397087030609
2024-02-17,12,Florida,678,2.90088038296755
2024-02-17,04,Arizona,204,2.69044669855813
2024-02-17,21,Kentucky,282,6.14597072774396
2024-02-17,18,Indiana,439,6.3400139364771
2024-02-17,47,Tennessee,195,2.69793504202553
2024-02-17,25,Massachusetts,512,7.17471596462585
2024-02-17,05,Arkansas,258,8.35396460379866
2024-02-17,33,New Hampshire,41,2.90979906772877
2024-02-17,56,Wyoming,44,7.48785775793117
2024-02-17,50,Vermont,21,3.23827705156417
2024-02-17,15,Hawaii,10,0.691493113420083
2024-02-17,36,New York,780,3.92605961328917
2024-02-17,20,Kansas,111,3.73661131769073
2024-02-17,27,Minnesota,173,2.98628501138672
2024-02-17,11,District of Columbia,19,2.70558917764329
2024-02-17,72,Puerto Rico,52,1.62332847895682
2024-02-17,32,Nevada,51,1.56084208348546
2024-02-17,02,Alaska,2,0.270221703396552
2024-02-17,45,South Carolina,130,2.37276893556308
2024-02-17,16,Idaho,59,2.94761390654265
2024-02-17,34,New Jersey,370,3.89438798692875
2024-02-17,31,Nebraska,54,2.6926423547656
2024-02-17,06,California,342,0.867332096362219
2024-02-17,53,Washington,73,0.917295160451259
2024-02-17,40,Oklahoma,389,9.49847792385249
2024-02-17,08,Colorado,137,2.29962502683595
2024-02-17,49,Utah,19,0.542297337063197
2024-02-17,41,Oregon,65,1.52140345489659
2024-02-17,44,Rhode Island,29,2.60719153328035
2024-02-17,17,Illinois,262,2.06134337590453
2024-02-17,24,Maryland,123,1.96384607278684
2024-02-17,29,Missouri,354,5.66811187507866
2024-02-17,26,Michigan,770,7.59334464051381
2024-02-17,35,New Mexico,73,3.4268181852322
2024-02-17,48,Texas,1125,3.59530240663791
2024-02-17,51,Virginia,195,2.21309368366039
2024-02-17,30,Montana,24,2.1103854706995002
2024-02-17,38,North Dakota,29,3.64061825230238
2024-02-17,46,South Dakota,26,2.81181698532123
2024-02-17,54,West Virginia,184,10.3956035636581
2024-02-17,39,Ohio,609,5.12483733480184
2024-02-17,US,US,11117,3.26863888325772
2024-02-17,55,Wisconsin,209,3.50613783818922
2024-02-17,37,North Carolina,179,1.62049258629168
2024-02-17,10,Delaware,36,3.42232324413428
2024-02-17,01,Alabama,120,2.32661890505824
2024-02-17,09,Connecticut,119,3.23803444234652
2024-02-17,23,Maine,86,6.12094416275448
2024-02-17,13,Georgia,259,2.31645493314568
2024-02-17,42,Pennsylvania,493,3.76947309418155
2024-02-10,09,Connecticut,142,3.86387303204375
2024-02-10,13,Georgia,308,2.75470316374081
2024-02-10,72,Puerto Rico,68,2.12281416478969
2024-02-10,45,South Carolina,132,2.40927307303328
2024-02-10,23,Maine,77,5.48038023874529
2024-02-10,19,Iowa,112,3.45520328935353
2024-02-10,54,West Virginia,131,7.40121775456093
2024-02-10,34,New Jersey,323,3.39969545885942
2024-02-10,22,Louisiana,97,2.10973217276314
2024-02-10,28,Mississippi,86,2.92214356219494
2024-02-10,38,North Dakota,31,3.89169537315082
2024-02-10,17,Illinois,250,1.96693070219898
2024-02-10,15,Hawaii,17,1.17553829281414
2024-02-10,US,US,11626,3.41829591227438
2024-02-10,18,Indiana,487,7.03322730538576
2024-02-10,44,Rhode Island,21,1.88796628272025
2024-02-10,11,District of Columbia,14,1.9935920256319
2024-02-10,31,Nebraska,54,2.6926423547656
2024-02-10,50,Vermont,20,3.08407338244206
2024-02-10,37,North Carolina,174,1.57522743025002
2024-02-10,53,Washington,80,1.00525497035754
2024-02-10,25,Massachusetts,432,6.05366659515306
2024-02-10,06,California,464,1.17673126523997
2024-02-10,33,New Hampshire,43,3.05174048566676
2024-02-10,32,Nevada,35,1.07116613572532
2024-02-10,42,Pennsylvania,425,3.24954577084616
2024-02-10,41,Oregon,87,2.03634000886159
2024-02-10,29,Missouri,344,5.50799572041542
2024-02-10,46,South Dakota,18,1.94664252829932
2024-02-10,36,New York,765,3.85055846687976
2024-02-10,04,Arizona,183,2.41348895017715
2024-02-10,51,Virginia,174,1.97476051772773
2024-02-10,21,Kentucky,284,6.18955917262157
2024-02-10,55,Wisconsin,178,2.98608868515637
2024-02-10,47,Tennessee,196,2.71177060634361
2024-02-10,26,Michigan,664,6.54802706662489
2024-02-10,12,Florida,828,3.54266807831436
2024-02-10,20,Kansas,139,4.67917993836948
2024-02-10,08,Colorado,196,3.28997449094779
2024-02-10,56,Wyoming,33,5.61589331844838
2024-02-10,49,Utah,16,0.456671441737429
2024-02-10,10,Delaware,25,2.37661336398214
2024-02-10,01,Alabama,109,2.1133455054279
2024-02-10,35,New Mexico,78,3.66153175956317
2024-02-10,27,Minnesota,164,2.83092914374233
2024-02-10,16,Idaho,61,3.04753302201868
2024-02-10,02,Alaska,11,1.48621936868103
2024-02-10,24,Maryland,111,1.77225133397837
2024-02-10,40,Oklahoma,463,11.3053863206779
2024-02-10,05,Arkansas,291,9.42249496009849
2024-02-10,30,Montana,82,7.21048369155661
2024-02-10,39,Ohio,602,5.06593115853975
2024-02-10,48,Texas,1500,4.79373654218387
2024-02-03,35,New Mexico,76,3.56764632983078
2024-02-03,42,Pennsylvania,450,3.44069552207241
2024-02-03,27,Minnesota,150,2.58926446073993
2024-02-03,51,Virginia,184,2.08825250150519
2024-02-03,30,Montana,85,7.47428187539405
2024-02-03,10,Delaware,25,2.37661336398214
2024-02-03,12,Florida,711,3.04207367594385
2024-02-03,46,South Dakota,23,2.48737656393801
2024-02-03,44,Rhode Island,17,1.52835365744021
2024-02-03,41,Oregon,84,1.96612138786636
2024-02-03,50,Vermont,18,2.77566604419786
2024-02-03,02,Alaska,8,1.08088681358621
2024-02-03,08,Colorado,196,3.28997449094779
2024-02-03,22,Louisiana,123,2.67522739432852
2024-02-03,18,Indiana,453,6.54220116907546
2024-02-03,11,District of Columbia,20,2.84798860804557
2024-02-03,17,Illinois,272,2.14002060399249
2024-02-03,36,New York,764,3.84552505711913
2024-02-03,34,New Jersey,331,3.48389844236058
2024-02-03,31,Nebraska,47,2.34359612359228
2024-02-03,21,Kentucky,225,4.90370004873188
2024-02-03,37,North Carolina,255,2.30852295812502
2024-02-03,05,Arkansas,245,7.93302840283206
2024-02-03,33,New Hampshire,37,2.62591623185279
2024-02-03,47,Tennessee,223,3.08533084293176
2024-02-03,49,Utah,28,0.799175023040501
2024-02-03,09,Connecticut,111,3.02035145462575
2024-02-03,56,Wyoming,39,6.63696483089354
2024-02-03,23,Maine,64,4.55512123739868
2024-02-03,19,Iowa,107,3.30095314250739
2024-02-03,39,Ohio,590,4.96494914209045
2024-02-03,25,Massachusetts,446,6.2498502348108
2024-02-03,26,Michigan,483,4.76309800177684
2024-02-03,72,Puerto Rico,34,1.06140708239485
2024-02-03,13,Georgia,354,3.16611987001379
2024-02-03,54,West Virginia,127,7.17522637274228
2024-02-03,04,Arizona,343,4.52364322355607
2024-02-03,29,Missouri,301,4.81949625536349
2024-02-03,24,Maryland,113,1.80418379044645
2024-02-03,55,Wisconsin,175,2.9357613477661
2024-02-03,15,Hawaii,5,0.345746556710042
2024-02-03,US,US,11957,3.51561708438541
2024-02-03,45,South Carolina,175,3.19411202864261
2024-02-03,48,Texas,1869,5.97299573156111
2024-02-03,06,California,547,1.38722414242729
2024-02-03,38,North Dakota,40,5.0215424169688
2024-02-03,40,Oklahoma,419,10.2310083549979
2024-02-03,28,Mississippi,111,3.7716039000423
2024-02-03,20,Kansas,113,3.80393764773922
2024-02-03,16,Idaho,71,3.54712859939879
2024-02-03,32,Nevada,58,1.77507531063053
2024-02-03,01,Alabama,103,1.99701456017499
2024-02-03,53,Washington,105,1.31939714859428
2024-01-27,44,Rhode Island,24,2.15767575168029
2024-01-27,10,Delaware,28,2.66180696766
2024-01-27,72,Puerto Rico,51,1.59211062359227
2024-01-27,05,Arkansas,275,8.9044196358319
2024-01-27,US,US,12986,3.81816538076682
2024-01-27,41,Oregon,98,2.29380828584409
2024-01-27,31,Nebraska,47,2.34359612359228
2024-01-27,36,New York,884,4.44953422839439
2024-01-27,48,Texas,1868,5.96979990719965
2024-01-27,02,Alaska,7,0.945775961887931
2024-01-27,06,California,732,1.8563950132665
2024-01-27,26,Michigan,388,3.82625677989527
2024-01-27,33,New Hampshire,24,1.70329701525586
2024-01-27,46,South Dakota,27,2.91996379244897
2024-01-27,42,Pennsylvania,405,3.09662596986517
2024-01-27,30,Montana,115,10.1122637137684
2024-01-27,47,Tennessee,280,3.87395800906229
2024-01-27,38,North Dakota,48,6.02585090036256
2024-01-27,54,West Virginia,136,7.68370698183425
2024-01-27,13,Georgia,455,4.06944785552619
2024-01-27,24,Maryland,171,2.73022502802073
2024-01-27,29,Missouri,272,4.3551594068401
2024-01-27,35,New Mexico,102,4.78815691635184
2024-01-27,11,District of Columbia,21,2.99038803844785
2024-01-27,17,Illinois,275,2.16362377241888
2024-01-27,04,Arizona,616,8.12409395250887
2024-01-27,15,Hawaii,30,2.07447934026025
2024-01-27,45,South Carolina,213,3.88769064057643
2024-01-27,32,Nevada,67,2.05051803124561
2024-01-27,55,Wisconsin,141,2.36538485734297
2024-01-27,23,Maine,34,2.41990815736805
2024-01-27,20,Kansas,68,2.28909522164838
2024-01-27,40,Oklahoma,346,8.44851763921069
2024-01-27,34,New Jersey,345,3.63125366348762
2024-01-27,56,Wyoming,40,6.80714341630107
2024-01-27,21,Kentucky,251,5.4703498321409
2024-01-27,39,Ohio,590,4.96494914209045
2024-01-27,22,Louisiana,130,2.82747610782689
2024-01-27,51,Virginia,262,2.97348997496934
2024-01-27,16,Idaho,69,3.44720948392276
2024-01-27,37,North Carolina,308,2.78833361216669
2024-01-27,18,Indiana,428,6.18115253943554
2024-01-27,28,Mississippi,161,5.47052457573703
2024-01-27,27,Minnesota,144,2.48569388231033
2024-01-27,01,Alabama,142,2.75316570431892
2024-01-27,08,Colorado,229,3.84389876748491
2024-01-27,53,Washington,120,1.50788245553632
2024-01-27,09,Connecticut,156,4.24481826055511
2024-01-27,50,Vermont,21,3.23827705156417
2024-01-27,19,Iowa,76,2.34460223206132
2024-01-27,12,Florida,835,3.57261817076387
2024-01-27,49,Utah,38,1.08459467412639
2024-01-27,25,Massachusetts,391,5.47912879329825
2024-01-20,04,Arizona,682,8.99453259027768
2024-01-20,27,Minnesota,123,2.12319685780674
2024-01-20,38,North Dakota,41,5.14708097739302
2024-01-20,US,US,13291,3.90784198950961
2024-01-20,30,Montana,81,7.1225509636108
2024-01-20,35,New Mexico,113,5.30452677987998
2024-01-20,34,New Jersey,441,4.64168946550156
2024-01-20,26,Michigan,346,3.41207434495815
2024-01-20,39,Ohio,505,4.24965985890793
2024-01-20,15,Hawaii,23,1.59043416086619
2024-01-20,41,Oregon,85,1.98952759486477
2024-01-20,56,Wyoming,23,3.91410746437311
2024-01-20,01,Alabama,169,3.27665495795703
2024-01-20,08,Colorado,197,3.30676007508528
2024-01-20,45,South Carolina,197,3.59565754081482
2024-01-20,06,California,1096,2.77952040237717
2024-01-20,16,Idaho,88,4.39644108094498
2024-01-20,37,North Carolina,310,2.80643967458336
2024-01-20,28,Mississippi,158,5.36858933519535
2024-01-20,72,Puerto Rico,50,1.56089276822772
2024-01-20,46,South Dakota,16,1.73034891404384
2024-01-20,25,Massachusetts,401,5.61925996448235
2024-01-20,55,Wisconsin,175,2.9357613477661
2024-01-20,23,Maine,40,2.84695077337418
2024-01-20,18,Indiana,402,5.80566196461001
2024-01-20,44,Rhode Island,34,3.05670731488041
2024-01-20,11,District of Columbia,26,3.70238519045924
2024-01-20,32,Nevada,78,2.38717024533071
2024-01-20,10,Delaware,32,3.04206510589714
2024-01-20,53,Washington,145,1.82202463377305
2024-01-20,54,West Virginia,145,8.19218759092622
2024-01-20,22,Louisiana,141,3.06672408618147
2024-01-20,51,Virginia,302,3.42745791007917
2024-01-20,20,Kansas,66,2.2217688915999
2024-01-20,33,New Hampshire,30,2.12912126906983
2024-01-20,29,Missouri,266,4.25908971404215
2024-01-20,40,Oklahoma,252,6.15325562162166
2024-01-20,13,Georgia,486,4.34670694018842
2024-01-20,47,Tennessee,350,4.84244751132787
2024-01-20,48,Texas,1682,5.37537657596885
2024-01-20,17,Illinois,335,2.63568714094664
2024-01-20,49,Utah,28,0.799175023040501
2024-01-20,31,Nebraska,35,1.74523115586659
2024-01-20,24,Maryland,198,3.16131319033979
2024-01-20,02,Alaska,9,1.21599766528448
2024-01-20,12,Florida,908,3.88495484916599
2024-01-20,09,Connecticut,128,3.4829278035324
2024-01-20,50,Vermont,26,4.00929539717468
2024-01-20,36,New York,851,4.2834317062937
2024-01-20,42,Pennsylvania,454,3.4712794822686
2024-01-20,21,Kentucky,197,4.29346182044525
2024-01-20,19,Iowa,95,2.93075279007666
2024-01-20,05,Arkansas,227,7.35019366303215
2024-01-13,44,Rhode Island,34,3.05670731488041
2024-01-13,30,Montana,114,10.0243309858226
2024-01-13,24,Maryland,245,3.91172591733964
2024-01-13,47,Tennessee,390,5.39587008405105
2024-01-13,18,Indiana,443,6.39778171721949
2024-01-13,49,Utah,47,1.3414723601037
2024-01-13,36,New York,1024,5.15421159488219
2024-01-13,42,Pennsylvania,577,4.41173625830173
2024-01-13,US,US,15889,4.67171028299738
2024-01-13,22,Louisiana,252,5.48095368594135
2024-01-13,32,Nevada,145,4.43768827657632
2024-01-13,34,New Jersey,570,5.9994625744578
2024-01-13,09,Connecticut,159,4.3264493809504
2024-01-13,21,Kentucky,240,5.23061338531401
2024-01-13,06,California,1075,2.72626316839002
2024-01-13,55,Wisconsin,265,4.44558146947437
2024-01-13,01,Alabama,226,4.38179893785969
2024-01-13,51,Virginia,381,4.32404458192107
2024-01-13,20,Kansas,101,3.39997966744833
2024-01-13,40,Oklahoma,209,5.10329533697987
2024-01-13,33,New Hampshire,47,3.33562332154273
2024-01-13,28,Mississippi,230,7.81503510819576
2024-01-13,23,Maine,47,3.34516715871466
2024-01-13,04,Arizona,716,9.4429403733707
2024-01-13,31,Nebraska,55,2.74250610207608
2024-01-13,16,Idaho,102,5.09587488927713
2024-01-13,39,Ohio,542,4.56102107629326
2024-01-13,08,Colorado,286,4.80067706332177
2024-01-13,35,New Mexico,149,6.99446451506298
2024-01-13,19,Iowa,84,2.59140246701515
2024-01-13,25,Massachusetts,518,7.25879466733631
2024-01-13,27,Minnesota,161,2.77914385452753
2024-01-13,56,Wyoming,56,9.53000078282149
2024-01-13,53,Washington,161,2.02307562784456
2024-01-13,54,West Virginia,136,7.68370698183425
2024-01-13,05,Arkansas,223,7.22067483196551
2024-01-13,50,Vermont,24,3.70088805893047
2024-01-13,15,Hawaii,25,1.72873278355021
2024-01-13,12,Florida,1070,4.57808556014053
2024-01-13,45,South Carolina,268,4.89155442100696
2024-01-13,38,North Dakota,32,4.01723393357504
2024-01-13,37,North Carolina,505,4.57178076020838
2024-01-13,41,Oregon,115,2.69171380481704
2024-01-13,10,Delaware,34,3.23219417501571
2024-01-13,17,Illinois,380,2.98973466734245
2024-01-13,02,Alaska,6,0.810665110189655
2024-01-13,48,Texas,1964,6.27659904589942
2024-01-13,26,Michigan,381,3.75722637407242
2024-01-13,46,South Dakota,32,3.46069782808767
2024-01-13,72,Puerto Rico,61,1.90428917723781
2024-01-13,11,District of Columbia,37,5.2687789248843
2024-01-13,29,Missouri,316,5.05967048735835
2024-01-13,13,Georgia,627,5.6077885833295
2024-01-06,09,Connecticut,167,4.54413236867117
2024-01-06,32,Nevada,143,4.3764787831063
2024-01-06,17,Illinois,511,4.02040635529472
2024-01-06,53,Washington,209,2.62622861005908
2024-01-06,38,North Dakota,52,6.52800514205943
2024-01-06,19,Iowa,94,2.89990276070743
2024-01-06,36,New York,1240,6.24142810317765
2024-01-06,13,Georgia,758,6.77943181206342
2024-01-06,42,Pennsylvania,761,5.81859842732689
2024-01-06,08,Colorado,308,5.16995991434652
2024-01-06,27,Minnesota,168,2.89997619602872
2024-01-06,55,Wisconsin,248,4.16039322426281
2024-01-06,30,Montana,129,11.3433219050098
2024-01-06,48,Texas,2093,6.68886038852723
2024-01-06,31,Nebraska,50,2.49318736552371
2024-01-06,20,Kansas,93,3.1306743472544
2024-01-06,34,New Jersey,667,7.0204237494094
2024-01-06,16,Idaho,157,7.84365056486774
2024-01-06,39,Ohio,562,4.72932443704209
2024-01-06,02,Alaska,5,0.675554258491379
2024-01-06,06,California,1470,3.72800637910077
2024-01-06,35,New Mexico,229,10.7498817043585
2024-01-06,49,Utah,63,1.79814380184113
2024-01-06,01,Alabama,348,6.74719482466891
2024-01-06,28,Mississippi,263,8.93632275415429
2024-01-06,51,Virginia,538,6.10586872722712
2024-01-06,26,Michigan,497,4.90115881342255
2024-01-06,18,Indiana,521,7.52425344169606
2024-01-06,46,South Dakota,54,5.83992758489795
2024-01-06,US,US,19510,5.73636274285852
2024-01-06,37,North Carolina,779,7.05231131129174
2024-01-06,29,Missouri,345,5.52400733588174
2024-01-06,15,Hawaii,40,2.76597245368033
2024-01-06,25,Massachusetts,634,8.88431625307185
2024-01-06,72,Puerto Rico,51,1.59211062359227
2024-01-06,41,Oregon,142,3.32368139377409
2024-01-06,05,Arkansas,234,7.57685161739878
2024-01-06,04,Arizona,907,11.9619370372168
2024-01-06,23,Maine,58,4.12807862139256
2024-01-06,50,Vermont,15,2.31305503683155
2024-01-06,11,District of Columbia,55,7.83196867212531
2024-01-06,33,New Hampshire,46,3.26465261257374
2024-01-06,24,Maryland,322,5.14112549136067
2024-01-06,10,Delaware,48,4.56309765884571
2024-01-06,12,Florida,1414,6.04991867480254
2024-01-06,44,Rhode Island,48,4.31535150336058
2024-01-06,22,Louisiana,304,6.61194412907211
2024-01-06,21,Kentucky,296,6.45108984188728
2024-01-06,47,Tennessee,474,6.55805748676974
2024-01-06,40,Oklahoma,174,4.24867650064353
2024-01-06,45,South Carolina,473,8.63322851170259
2024-01-06,56,Wyoming,82,13.9546440034172
2024-01-06,54,West Virginia,169,9.54813588183815
2023-12-30,35,New Mexico,235,11.0315379935557
2023-12-30,72,Puerto Rico,63,1.96672488796692
2023-12-30,40,Oklahoma,137,3.34522230223082
2023-12-30,08,Colorado,367,6.16030937845836
2023-12-30,48,Texas,1975,6.31175311387544
2023-12-30,22,Louisiana,381,8.28667997755419
2023-12-30,09,Connecticut,194,5.27881245222879
2023-12-30,01,Alabama,318,6.16554009840435
2023-12-30,05,Arkansas,187,6.05500535236569
2023-12-30,44,Rhode Island,46,4.13554519072056
2023-12-30,32,Nevada,185,5.66187814597668
2023-12-30,56,Wyoming,72,12.2528581493419
2023-12-30,36,New York,1333,6.70953521091598
2023-12-30,30,Montana,116,10.2001964417142
2023-12-30,50,Vermont,19,2.92986971331996
2023-12-30,54,West Virginia,153,8.64417035456353
2023-12-30,US,US,21672,6.3720375890943
2023-12-30,21,Kentucky,261,5.68829205652898
2023-12-30,04,Arizona,1106,14.5864414147318
2023-12-30,13,Georgia,1132,10.1244285108915
2023-12-30,25,Massachusetts,554,7.76326688359906
2023-12-30,06,California,1810,4.5902663579404
2023-12-30,18,Indiana,556,8.02972152319196
2023-12-30,12,Florida,1352,5.78464642739253
2023-12-30,45,South Carolina,649,11.8455926090803
2023-12-30,31,Nebraska,51,2.54305111283418
2023-12-30,23,Maine,51,3.62986223605208
2023-12-30,38,North Dakota,51,6.40246658163522
2023-12-30,02,Alaska,4,0.540443406793103
2023-12-30,51,Virginia,731,8.29626401413202
2023-12-30,41,Oregon,147,3.44071242876613
2023-12-30,16,Idaho,163,8.14340791129581
2023-12-30,17,Illinois,576,4.53180833786645
2023-12-30,28,Mississippi,297,10.0915888136267
2023-12-30,24,Maryland,328,5.23692286076491
2023-12-30,33,New Hampshire,51,3.61950615741871
2023-12-30,55,Wisconsin,297,4.98240640163732
2023-12-30,42,Pennsylvania,933,7.13370871576346
2023-12-30,15,Hawaii,32,2.21277796294427
2023-12-30,34,New Jersey,729,7.6729968715434
2023-12-30,20,Kansas,93,3.1306743472544
2023-12-30,27,Minnesota,189,3.26247322053231
2023-12-30,26,Michigan,567,5.59146287165108
2023-12-30,10,Delaware,60,5.70387207355713
2023-12-30,29,Missouri,369,5.90828610707352
2023-12-30,11,District of Columbia,57,8.11676753292987
2023-12-30,37,North Carolina,1076,9.74106158016676
2023-12-30,39,Ohio,638,5.36887720788764
2023-12-30,19,Iowa,99,3.05415290755357
2023-12-30,46,South Dakota,48,5.19104674213151
2023-12-30,47,Tennessee,538,7.44353360312684
2023-12-30,53,Washington,211,2.65135998431802
2023-12-30,49,Utah,80,2.28335720868715
2023-12-23,16,Idaho,115,5.74534913987127
2023-12-23,29,Missouri,224,3.58660186445655
2023-12-23,40,Oklahoma,153,3.73590519884172
2023-12-23,46,South Dakota,33,3.56884463521541
2023-12-23,05,Arkansas,96,3.1084519455995
2023-12-23,48,Texas,1597,5.1037315052451
2023-12-23,US,US,15711,4.61937442609176
2023-12-23,23,Maine,16,1.13878030934967
2023-12-23,20,Kansas,92,3.09701118223016
2023-12-23,36,New York,938,4.72133835546826
2023-12-23,47,Tennessee,294,4.06765590951541
2023-12-23,09,Connecticut,115,3.12919294848614
2023-12-23,26,Michigan,271,2.67246285399902
2023-12-23,17,Illinois,464,3.65062338328131
2023-12-23,08,Colorado,252,4.22996720264715
2023-12-23,41,Oregon,103,2.41083932083614
2023-12-23,24,Maryland,207,3.30500924444615
2023-12-23,10,Delaware,24,2.28154882942285
2023-12-23,53,Washington,155,1.94768150506774
2023-12-23,13,Georgia,746,6.67210571477481
2023-12-23,15,Hawaii,28,1.93618071757623
2023-12-23,25,Massachusetts,317,4.44215812653592
2023-12-23,72,Puerto Rico,59,1.8418534665087
2023-12-23,27,Minnesota,110,1.89879393787595
2023-12-23,33,New Hampshire,41,2.90979906772877
2023-12-23,37,North Carolina,733,6.6358718757084
2023-12-23,39,Ohio,438,3.68584360039935
2023-12-23,49,Utah,58,1.65543397629818
2023-12-23,21,Kentucky,137,2.98580847411675
2023-12-23,50,Vermont,12,1.85044402946524
2023-12-23,18,Indiana,374,5.4012874994133
2023-12-23,51,Virginia,419,4.7553141202754
2023-12-23,22,Louisiana,306,6.6554437615002104
2023-12-23,35,New Mexico,227,10.6559962746261
2023-12-23,01,Alabama,269,5.21550404550556
2023-12-23,12,Florida,989,4.23152020465326
2023-12-23,11,District of Columbia,45,6.40797436810253
2023-12-23,34,New Jersey,488,5.13638199357089
2023-12-23,55,Wisconsin,187,3.1370706973272
2023-12-23,06,California,1763,4.47107159615963
2023-12-23,38,North Dakota,26,3.26400257102972
2023-12-23,02,Alaska,5,0.675554258491379
2023-12-23,31,Nebraska,62,3.0915523332494
2023-12-23,19,Iowa,90,2.77650264323052
2023-12-23,28,Mississippi,200,6.79568270277892
2023-12-23,04,Arizona,946,12.4762871413529
2023-12-23,42,Pennsylvania,702,5.36748501443295
2023-12-23,54,West Virginia,82,4.63282332728241
2023-12-23,45,South Carolina,421,7.68412093747736
2023-12-23,30,Montana,78,6.85875277977336
2023-12-23,44,Rhode Island,16,1.43845050112019
2023-12-23,32,Nevada,158,4.83554998413144
2023-12-23,56,Wyoming,26,4.42464322059569
2023-12-16,45,South Carolina,264,4.81854614606656
2023-12-16,21,Kentucky,86,1.87430312973752
2023-12-16,53,Washington,109,1.36965989711215
2023-12-16,35,New Mexico,153,7.18223537452776
2023-12-16,13,Georgia,442,3.95317791679687
2023-12-16,20,Kansas,43,1.44751609604236
2023-12-16,41,Oregon,45,1.05327931492841
2023-12-16,48,Texas,1155,3.69117713748158
2023-12-16,36,New York,743,3.73982345214596
2023-12-16,42,Pennsylvania,391,2.98958210917847
2023-12-16,72,Puerto Rico,57,1.7794177557796
2023-12-16,46,South Dakota,13,1.40590849266062
2023-12-16,04,Arizona,602,7.93945545358821
2023-12-16,01,Alabama,143,2.77255419519441
2023-12-16,51,Virginia,229,2.59896642850374
2023-12-16,22,Louisiana,178,3.87146728610143
2023-12-16,28,Mississippi,96,3.26192769733388
2023-12-16,11,District of Columbia,20,2.84798860804557
2023-12-16,44,Rhode Island,24,2.15767575168029
2023-12-16,31,Nebraska,13,0.648228715036164
2023-12-16,40,Oklahoma,85,2.0755028882454
2023-12-16,37,North Carolina,402,3.63931854575004
2023-12-16,29,Missouri,154,2.46578878181388
2023-12-16,15,Hawaii,24,1.6595834722082
2023-12-16,49,Utah,24,0.685007162606144
2023-12-16,55,Wisconsin,122,2.04664505387122
2023-12-16,30,Montana,37,3.25351093399506
2023-12-16,18,Indiana,260,3.75490574825523
2023-12-16,25,Massachusetts,216,3.02683329757653
2023-12-16,05,Arkansas,53,1.71612451163306
2023-12-16,54,West Virginia,33,1.8644289000039
2023-12-16,09,Connecticut,120,3.26524481581162
2023-12-16,23,Maine,20,1.42347538668709
2023-12-16,02,Alaska,4,0.540443406793103
2023-12-16,06,California,1077,2.7313352859126
2023-12-16,38,North Dakota,16,2.00861696678752
2023-12-16,US,US,10268,3.01901448711795
2023-12-16,34,New Jersey,304,3.19971337304416
2023-12-16,32,Nevada,118,3.61136011473107
2023-12-16,24,Maryland,115,1.83611624691453
2023-12-16,47,Tennessee,178,2.46273044861817
2023-12-16,16,Idaho,67,3.34729036844674
2023-12-16,17,Illinois,253,1.99053387062537
2023-12-16,50,Vermont,8,1.23362935297682
2023-12-16,19,Iowa,50,1.5425014684614
2023-12-16,39,Ohio,239,2.0112251609485
2023-12-16,08,Colorado,234,3.92782668817236
2023-12-16,12,Florida,843,3.60684684784904
2023-12-16,27,Minnesota,78,1.34641751958476
2023-12-16,56,Wyoming,34,5.78607190385591
2023-12-16,10,Delaware,18,1.71116162206714
2023-12-16,26,Michigan,247,2.43578717689209
2023-12-16,33,New Hampshire,28,1.98717985113184
2023-12-09,39,Ohio,160,1.34642688599063
2023-12-09,46,South Dakota,6,0.648880842766439
2023-12-09,12,Florida,761,3.25600290772612
2023-12-09,10,Delaware,10,0.950645345592856
2023-12-09,16,Idaho,46,2.29813965594851
2023-12-09,26,Michigan,173,1.70603717247908
2023-12-09,06,California,868,2.20129900480236
2023-12-09,53,Washington,83,1.04295203174595
2023-12-09,01,Alabama,110,2.13273399630339
2023-12-09,18,Indiana,181,2.61399207859307
2023-12-09,49,Utah,17,0.485213406846019
2023-12-09,35,New Mexico,84,3.94318804876034
2023-12-09,US,US,7487,2.20134022838451
2023-12-09,50,Vermont,8,1.23362935297682
2023-12-09,23,Maine,15,1.06760654001532
2023-12-09,54,West Virginia,20,1.12995690909327
2023-12-09,31,Nebraska,11,0.548501220415215
2023-12-09,40,Oklahoma,59,1.44064318125269
2023-12-09,04,Arizona,388,5.1171241129439
2023-12-09,44,Rhode Island,6,0.539418937920072
2023-12-09,45,South Carolina,177,3.23061616611281
2023-12-09,51,Virginia,157,1.78182414530606
2023-12-09,29,Missouri,140,2.24162616528534
2023-12-09,55,Wisconsin,97,1.62725057561892
2023-12-09,56,Wyoming,37,6.29660766007849
2023-12-09,32,Nevada,77,2.3565654985957
2023-12-09,25,Massachusetts,148,2.07394133352466
2023-12-09,28,Mississippi,71,2.41246735948652
2023-12-09,34,New Jersey,160,1.68405967002324
2023-12-09,09,Connecticut,74,2.01356763641717
2023-12-09,19,Iowa,43,1.3265512628768
2023-12-09,08,Colorado,153,2.56819437303577
2023-12-09,02,Alaska,14,1.89155192377586
2023-12-09,24,Maryland,78,1.24536580225507
2023-12-09,13,Georgia,261,2.33434261602711
2023-12-09,48,Texas,829,2.64933839564695
2023-12-09,36,New York,501,2.5217382900742
2023-12-09,27,Minnesota,48,0.828564627436778
2023-12-09,21,Kentucky,48,1.0461226770628
2023-12-09,38,North Dakota,11,1.38092416466642
2023-12-09,15,Hawaii,32,2.21277796294427
2023-12-09,72,Puerto Rico,48,1.49845705749861
2023-12-09,11,District of Columbia,13,1.85119259522962
2023-12-09,41,Oregon,43,1.00646690093159
2023-12-09,33,New Hampshire,15,1.06456063453491
2023-12-09,17,Illinois,205,1.61288317580316
2023-12-09,30,Montana,21,1.84658728686206
2023-12-09,05,Arkansas,41,1.32756801843312
2023-12-09,22,Louisiana,158,3.43647096182037
2023-12-09,37,North Carolina,312,2.82454573700003
2023-12-09,20,Kansas,37,1.24553710589691
2023-12-09,47,Tennessee,152,2.1030057763481
2023-12-09,42,Pennsylvania,279,2.13323122368489
2023-12-02,45,South Carolina,133,2.42752514176838
2023-12-02,72,Puerto Rico,89,2.77838912744533
2023-12-02,15,Hawaii,23,1.59043416086619
2023-12-02,40,Oklahoma,71,1.73365535371086
2023-12-02,44,Rhode Island,6,0.539418937920072
2023-12-02,48,Texas,699,2.23388122865769
2023-12-02,13,Georgia,225,2.0123643241613
2023-12-02,18,Indiana,149,2.15184983265396
2023-12-02,46,South Dakota,7,0.757027649894178
2023-12-02,04,Arizona,276,3.64001612157865
2023-12-02,50,Vermont,3,0.462611007366309
2023-12-02,30,Montana,18,1.58278910302462
2023-12-02,27,Minnesota,34,0.586899944434385
2023-12-02,06,California,683,1.73212813396314
2023-12-02,16,Idaho,19,0.94923159702221
2023-12-02,35,New Mexico,42,1.97159402438017
2023-12-02,22,Louisiana,121,2.63172776190041
2023-12-02,51,Virginia,143,1.62293536801762
2023-12-02,47,Tennessee,98,1.3558853031718
2023-12-02,39,Ohio,134,1.12763251701715
2023-12-02,53,Washington,74,0.929860847580728
2023-12-02,37,North Carolina,213,1.92829564737502
2023-12-02,42,Pennsylvania,212,1.62094989039856
2023-12-02,49,Utah,17,0.485213406846019
2023-12-02,31,Nebraska,8,0.398909978483793
2023-12-02,23,Maine,9,0.64056392400919
2023-12-02,05,Arkansas,24,0.777112986399875
2023-12-02,33,New Hampshire,7,0.49679496278296
2023-12-02,24,Maryland,60,0.957973694042362
2023-12-02,02,Alaska,15,2.02666277547414
2023-12-02,20,Kansas,37,1.24553710589691
2023-12-02,11,District of Columbia,11,1.56639373442506
2023-12-02,41,Oregon,17,0.397905518972954
2023-12-02,US,US,5947,1.74854685965042
2023-12-02,21,Kentucky,59,1.28585912388969
2023-12-02,26,Michigan,106,1.04531757388891
2023-12-02,08,Colorado,126,2.11498360132358
2023-12-02,34,New Jersey,129,1.35777310895624
2023-12-02,09,Connecticut,57,1.55099128751052
2023-12-02,10,Delaware,2,0.190129069118571
2023-12-02,28,Mississippi,77,2.61633784056989
2023-12-02,32,Nevada,45,1.37721360307541
2023-12-02,01,Alabama,84,1.62863323354077
2023-12-02,38,North Dakota,17,2.13415552721174
2023-12-02,54,West Virginia,17,0.960463372729281
2023-12-02,12,Florida,743,3.1789883842845
2023-12-02,36,New York,338,1.70129249909197
2023-12-02,25,Massachusetts,99,1.38729859472258
2023-12-02,56,Wyoming,18,3.06321453733548
2023-12-02,55,Wisconsin,59,0.989770968675426
2023-12-02,17,Illinois,165,1.29817426345133
2023-12-02,29,Missouri,85,1.36098731463753
2023-12-02,19,Iowa,44,1.35740129224603
2023-11-25,23,Maine,19,1.35230161735273
2023-11-25,29,Missouri,58,0.928673697046786
2023-11-25,47,Tennessee,73,1.00999619521981
2023-11-25,11,District of Columbia,8,1.13919544321823
2023-11-25,55,Wisconsin,34,0.570376490423127
2023-11-25,50,Vermont,3,0.462611007366309
2023-11-25,28,Mississippi,47,1.59698543515305
2023-11-25,42,Pennsylvania,123,0.940456776033124
2023-11-25,31,Nebraska,8,0.398909978483793
2023-11-25,37,North Carolina,153,1.38511377487501
2023-11-25,15,Hawaii,26,1.79788209489222
2023-11-25,02,Alaska,14,1.89155192377586
2023-11-25,40,Oklahoma,34,0.830201155298161
2023-11-25,US,US,4384,1.28899099255211
2023-11-25,51,Virginia,115,1.30515781344074
2023-11-25,16,Idaho,8,0.399676461904089
2023-11-25,19,Iowa,27,0.832950792969155
2023-11-25,41,Oregon,11,0.2574682769825
2023-11-25,21,Kentucky,37,0.806386230235909
2023-11-25,10,Delaware,1,0.0950645345592856
2023-11-25,24,Maryland,22,0.351257021148866
2023-11-25,39,Ohio,75,0.631137602808108
2023-11-25,27,Minnesota,24,0.414282313718389
2023-11-25,09,Connecticut,33,0.897942324348196
2023-11-25,30,Montana,6,0.527596367674874
2023-11-25,38,North Dakota,4,0.50215424169688
2023-11-25,12,Florida,701,2.9992878295874
2023-11-25,04,Arizona,209,2.75638901960122
2023-11-25,45,South Carolina,81,1.47841756754315
2023-11-25,06,California,459,1.1640509714335
2023-11-25,32,Nevada,39,1.19358512266536
2023-11-25,20,Kansas,26,0.875242290630262
2023-11-25,72,Puerto Rico,117,3.65248907765285
2023-11-25,48,Texas,534,1.70657020901746
2023-11-25,49,Utah,10,0.285419651085893
2023-11-25,34,New Jersey,75,0.789402970323395
2023-11-25,33,New Hampshire,1,0.0709707089689943
2023-11-25,46,South Dakota,2,0.21629361425548
2023-11-25,18,Indiana,100,1.4441945185597
2023-11-25,17,Illinois,102,0.802507726497184
2023-11-25,05,Arkansas,57,1.8456433426997
2023-11-25,54,West Virginia,13,0.734471990910627
2023-11-25,08,Colorado,137,2.29962502683595
2023-11-25,44,Rhode Island,3,0.269709468960036
2023-11-25,01,Alabama,71,1.37658285215946
2023-11-25,35,New Mexico,21,0.985797012190084
2023-11-25,13,Georgia,156,1.39523926475184
2023-11-25,22,Louisiana,115,2.50122886461609
2023-11-25,53,Washington,36,0.452364736660895
2023-11-25,36,New York,176,0.885880117870376
2023-11-25,25,Massachusetts,67,0.938878846933461
2023-11-25,56,Wyoming,23,3.91410746437311
2023-11-25,26,Michigan,88,0.867810816058721
2023-11-18,42,Pennsylvania,89,0.680493114365431
2023-11-18,25,Massachusetts,38,0.532498450499575
2023-11-18,04,Arizona,187,2.46624280701162
2023-11-18,41,Oregon,17,0.397905518972954
2023-11-18,21,Kentucky,18,0.39229600389855
2023-11-18,56,Wyoming,9,1.53160726866774
2023-11-18,24,Maryland,27,0.431088162319063
2023-11-18,10,Delaware,2,0.190129069118571
2023-11-18,47,Tennessee,57,0.788627166130539
2023-11-18,08,Colorado,102,1.71212958202385
2023-11-18,09,Connecticut,22,0.598628216232131
2023-11-18,16,Idaho,11,0.549555135118122
2023-11-18,13,Georgia,133,1.18953091161535
2023-11-18,44,Rhode Island,0,0
2023-11-18,33,New Hampshire,2,0.141941417937989
2023-11-18,26,Michigan,52,0.512797300398335
2023-11-18,23,Maine,2,0.142347538668709
2023-11-18,37,North Carolina,88,0.796666746333341
2023-11-18,53,Washington,33,0.414667675272487
2023-11-18,72,Puerto Rico,110,3.43396409010097
2023-11-18,49,Utah,7,0.199793755760125
2023-11-18,11,District of Columbia,5,0.711997152011392
2023-11-18,34,New Jersey,33,0.347337306942294
2023-11-18,51,Virginia,100,1.13491983777456
2023-11-18,17,Illinois,71,0.558608319424511
2023-11-18,45,South Carolina,64,1.16813239904644
2023-11-18,06,California,372,0.94341385920101
2023-11-18,38,North Dakota,7,0.878769922969539
2023-11-18,02,Alaska,17,2.29688447887069
2023-11-18,50,Vermont,5,0.771018345610515
2023-11-18,19,Iowa,14,0.431900411169191
2023-11-18,35,New Mexico,12,0.563312578394334
2023-11-18,27,Minnesota,15,0.258926446073993
2023-11-18,20,Kansas,18,0.605936970436335
2023-11-18,31,Nebraska,4,0.199454989241897
2023-11-18,15,Hawaii,29,2.00533002891824
2023-11-18,46,South Dakota,1,0.10814680712774
2023-11-18,US,US,3491,1.02642964301994
2023-11-18,55,Wisconsin,15,0.25163668695138
2023-11-18,18,Indiana,95,1.37198479263172
2023-11-18,01,Alabama,73,1.41535983391043
2023-11-18,22,Louisiana,96,2.08798235654909
2023-11-18,32,Nevada,27,0.826328161845246
2023-11-18,39,Ohio,56,0.471249410096721
2023-11-18,12,Florida,652,2.78963718244077
2023-11-18,40,Oklahoma,37,0.903454198412704
2023-11-18,29,Missouri,40,0.640464618652956
2023-11-18,28,Mississippi,46,1.56300702163915
2023-11-18,36,New York,123,0.619109400557138
2023-11-18,30,Montana,3,0.263798183837437
2023-11-18,05,Arkansas,17,0.550455032033245
2023-11-18,54,West Virginia,8,0.451982763637309
2023-11-18,48,Texas,428,1.36781282670313
2023-11-11,51,Virginia,92,1.04412625075259
2023-11-11,45,South Carolina,52,0.949107574225232
2023-11-11,22,Louisiana,65,1.41373805391344
2023-11-11,21,Kentucky,33,0.719209340480676
2023-11-11,10,Delaware,1,0.0950645345592856
2023-11-11,05,Arkansas,24,0.777112986399875
2023-11-11,46,South Dakota,2,0.21629361425548
2023-11-11,08,Colorado,52,0.872850375149413
2023-11-11,40,Oklahoma,34,0.830201155298161
2023-11-11,06,California,231,0.585829573858692
2023-11-11,29,Missouri,40,0.640464618652956
2023-11-11,11,District of Columbia,0,0
2023-11-11,55,Wisconsin,20,0.335515582601839
2023-11-11,24,Maryland,19,0.303358336446748
2023-11-11,18,Indiana,58,0.837632820764629
2023-11-11,38,North Dakota,2,0.25107712084844
2023-11-11,48,Texas,427,1.36461700234168
2023-11-11,20,Kansas,10,0.336631650242408
2023-11-11,47,Tennessee,47,0.650271522949742
2023-11-11,16,Idaho,4,0.199838230952044
2023-11-11,72,Puerto Rico,148,4.62024259395404
2023-11-11,42,Pennsylvania,81,0.619325193973033
2023-11-11,30,Montana,5,0.439663639729062
2023-11-11,23,Maine,4,0.284695077337418
2023-11-11,US,US,2775,0.815910128725391
2023-11-11,04,Arizona,132,1.74087727553761
2023-11-11,28,Mississippi,38,1.291179713528
2023-11-11,02,Alaska,39,5.26932321623276
2023-11-11,34,New Jersey,46,0.484167155131682
2023-11-11,41,Oregon,11,0.2574682769825
2023-11-11,09,Connecticut,5,0.136051867325484
2023-11-11,56,Wyoming,5,0.850892927037633
2023-11-11,54,West Virginia,14,0.79096983636529
2023-11-11,27,Minnesota,18,0.310711735288792
2023-11-11,32,Nevada,22,0.6733044281702
2023-11-11,39,Ohio,26,0.218794368973477
2023-11-11,53,Washington,17,0.213616681200978
2023-11-11,36,New York,88,0.442940058935188
2023-11-11,44,Rhode Island,2,0.179806312640024
2023-11-11,31,Nebraska,5,0.249318736552371
2023-11-11,19,Iowa,13,0.401050381799963
2023-11-11,15,Hawaii,16,1.10638898147213
2023-11-11,37,North Carolina,49,0.443598529208338
2023-11-11,17,Illinois,54,0.42485703167498
2023-11-11,49,Utah,5,0.142709825542947
2023-11-11,26,Michigan,30,0.295844596383655
2023-11-11,33,New Hampshire,2,0.141941417937989
2023-11-11,50,Vermont,2,0.308407338244206
2023-11-11,35,New Mexico,9,0.42248443379575
2023-11-11,12,Florida,462,1.97670610166816
2023-11-11,01,Alabama,56,1.08575548902718
2023-11-11,25,Massachusetts,32,0.448419747789115
2023-11-11,13,Georgia,116,1.03748560712316
2023-11-04,51,Virginia,51,0.578809117265025
2023-11-04,28,Mississippi,30,1.01935240541684
2023-11-04,13,Georgia,56,0.500855120680147
2023-11-04,12,Florida,443,1.89541299359089
2023-11-04,27,Minnesota,9,0.155355867644396
2023-11-04,41,Oregon,6,0.140437241990454
2023-11-04,16,Idaho,5,0.249797788690055
2023-11-04,22,Louisiana,40,0.86999264856212
2023-11-04,56,Wyoming,1,0.170178585407527
2023-11-04,37,North Carolina,40,0.362121248333337
2023-11-04,39,Ohio,21,0.17671852878627
2023-11-04,06,California,97,0.245997699845425
2023-11-04,55,Wisconsin,16,0.268412466081472
2023-11-04,23,Maine,1,0.0711737693343544
2023-11-04,49,Utah,9,0.256877685977304
2023-11-04,10,Delaware,1,0.0950645345592856
2023-11-04,40,Oklahoma,18,0.439518258687262
2023-11-04,32,Nevada,12,0.367256960820109
2023-11-04,08,Colorado,31,0.52035310826215
2023-11-04,24,Maryland,15,0.23949342351059
2023-11-04,30,Montana,1,0.0879327279458123
2023-11-04,19,Iowa,10,0.30850029369228
2023-11-04,48,Texas,346,1.10575522906375
2023-11-04,45,South Carolina,45,0.821343093079527
2023-11-04,18,Indiana,43,0.621003642980673
2023-11-04,05,Arkansas,18,0.582834739799906
2023-11-04,42,Pennsylvania,31,0.237025691520544
2023-11-04,21,Kentucky,21,0.457678671214976
2023-11-04,17,Illinois,34,0.267502575499061
2023-11-04,47,Tennessee,44,0.608764829995503
2023-11-04,20,Kansas,5,0.168315825121204
2023-11-04,02,Alaska,33,4.4586581060431
2023-11-04,11,District of Columbia,0,0
2023-11-04,04,Arizona,51,0.672611674639533
2023-11-04,09,Connecticut,12,0.326524481581162
2023-11-04,01,Alabama,37,0.717374162392959
2023-11-04,38,North Dakota,0,0
2023-11-04,25,Massachusetts,33,0.462432864907525
2023-11-04,34,New Jersey,26,0.273659696378777
2023-11-04,35,New Mexico,10,0.469427148661945
2023-11-04,46,South Dakota,1,0.10814680712774
2023-11-04,53,Washington,17,0.213616681200978
2023-11-04,72,Puerto Rico,144,4.49537117249582
2023-11-04,33,New Hampshire,2,0.141941417937989
2023-11-04,36,New York,56,0.28187094659512
2023-11-04,44,Rhode Island,0,0
2023-11-04,50,Vermont,0,0
2023-11-04,26,Michigan,34,0.335290542568142
2023-11-04,US,US,2011,0.591277574366401
2023-11-04,31,Nebraska,5,0.249318736552371
2023-11-04,29,Missouri,24,0.384278771191773
2023-11-04,15,Hawaii,14,0.968090358788117
2023-11-04,54,West Virginia,7,0.395484918182645
2023-10-28,22,Louisiana,46,1.00049154584644
2023-10-28,33,New Hampshire,2,0.141941417937989
2023-10-28,09,Connecticut,7,0.190472614255678
2023-10-28,17,Illinois,21,0.165222178984714
2023-10-28,72,Puerto Rico,164,5.11972827978691
2023-10-28,23,Maine,4,0.284695077337418
2023-10-28,24,Maryland,10,0.159662282340394
2023-10-28,12,Florida,313,1.339196990957
2023-10-28,48,Texas,245,0.7829769685567
2023-10-28,08,Colorado,19,0.318926098612285
2023-10-28,19,Iowa,4,0.123400117476912
2023-10-28,05,Arkansas,13,0.420936200966599
2023-10-28,13,Georgia,40,0.357753657628676
2023-10-28,42,Pennsylvania,49,0.37465351240344
2023-10-28,11,District of Columbia,1,0.142399430402278
2023-10-28,46,South Dakota,3,0.324440421383219
2023-10-28,US,US,1613,0.474256950498759
2023-10-28,45,South Carolina,21,0.383293443437113
2023-10-28,29,Missouri,17,0.272197462927506
2023-10-28,01,Alabama,30,0.581654726264561
2023-10-28,44,Rhode Island,1,0.0899031563200121
2023-10-28,26,Michigan,12,0.118337838553462
2023-10-28,32,Nevada,8,0.244837973880073
2023-10-28,47,Tennessee,44,0.608764829995503
2023-10-28,04,Arizona,49,0.646234746222296
2023-10-28,41,Oregon,14,0.327686897977727
2023-10-28,55,Wisconsin,7,0.117430453910644
2023-10-28,30,Montana,0,0
2023-10-28,54,West Virginia,4,0.225991381818654
2023-10-28,40,Oklahoma,10,0.244176810381812
2023-10-28,36,New York,47,0.236570258749476
2023-10-28,51,Virginia,61,0.692301101042481
2023-10-28,16,Idaho,4,0.199838230952044
2023-10-28,37,North Carolina,20,0.181060624166668
2023-10-28,39,Ohio,17,0.143057856636504
2023-10-28,35,New Mexico,2,0.093885429732389
2023-10-28,06,California,76,0.192740465858271
2023-10-28,10,Delaware,1,0.0950645345592856
2023-10-28,50,Vermont,0,0
2023-10-28,02,Alaska,30,4.05332555094828
2023-10-28,49,Utah,5,0.142709825542947
2023-10-28,31,Nebraska,7,0.349046231173319
2023-10-28,15,Hawaii,13,0.898941047446108
2023-10-28,21,Kentucky,23,0.501267116092592
2023-10-28,53,Washington,8,0.100525497035754
2023-10-28,28,Mississippi,17,0.577633029736209
2023-10-28,27,Minnesota,4,0.0690470522863982
2023-10-28,56,Wyoming,0,0
2023-10-28,34,New Jersey,44,0.463116409256392
2023-10-28,18,Indiana,33,0.476584191124703
2023-10-28,38,North Dakota,1,0.12553856042422
2023-10-28,20,Kansas,5,0.168315825121204
2023-10-28,25,Massachusetts,28,0.392367279315476
2023-10-21,34,New Jersey,33,0.347337306942294
2023-10-21,55,Wisconsin,4,0.0671031165203679
2023-10-21,29,Missouri,17,0.272197462927506
2023-10-21,47,Tennessee,43,0.594929265677424
2023-10-21,39,Ohio,21,0.17671852878627
2023-10-21,25,Massachusetts,14,0.196183639657738
2023-10-21,56,Wyoming,4,0.680714341630107
2023-10-21,16,Idaho,2,0.0999191154760222
2023-10-21,06,California,50,0.126802938064652
2023-10-21,24,Maryland,9,0.143696054106354
2023-10-21,48,Texas,242,0.773389495472332
2023-10-21,45,South Carolina,32,0.58406619952322
2023-10-21,17,Illinois,27,0.21242851583749
2023-10-21,30,Montana,1,0.0879327279458123
2023-10-21,38,North Dakota,1,0.12553856042422
2023-10-21,15,Hawaii,13,0.898941047446108
2023-10-21,27,Minnesota,4,0.0690470522863982
2023-10-21,01,Alabama,30,0.581654726264561
2023-10-21,20,Kansas,7,0.235642155169686
2023-10-21,42,Pennsylvania,42,0.321131582060091
2023-10-21,54,West Virginia,3,0.169493536363991
2023-10-21,51,Virginia,72,0.817142283197682
2023-10-21,31,Nebraska,8,0.398909978483793
2023-10-21,53,Washington,11,0.138222558424162
2023-10-21,49,Utah,9,0.256877685977304
2023-10-21,02,Alaska,21,2.83732788566379
2023-10-21,26,Michigan,21,0.207091217468558
2023-10-21,09,Connecticut,1,0.0272103734650968
2023-10-21,23,Maine,2,0.142347538668709
2023-10-21,13,Georgia,31,0.277259084662224
2023-10-21,72,Puerto Rico,111,3.46518194546553
2023-10-21,50,Vermont,2,0.308407338244206
2023-10-21,19,Iowa,4,0.123400117476912
2023-10-21,05,Arkansas,18,0.582834739799906
2023-10-21,04,Arizona,52,0.685800138848151
2023-10-21,36,New York,33,0.166102522100696
2023-10-21,11,District of Columbia,3,0.427198291206835
2023-10-21,41,Oregon,8,0.187249655987273
2023-10-21,32,Nevada,7,0.214233227145064
2023-10-21,33,New Hampshire,0,0
2023-10-21,10,Delaware,1,0.0950645345592856
2023-10-21,08,Colorado,16,0.268569346199819
2023-10-21,44,Rhode Island,0,0
2023-10-21,37,North Carolina,17,0.153901530541668
2023-10-21,18,Indiana,25,0.361048629639926
2023-10-21,12,Florida,291,1.2450681289728
2023-10-21,US,US,1465,0.430741743633405
2023-10-21,22,Louisiana,31,0.674244302635643
2023-10-21,28,Mississippi,20,0.679568270277892
2023-10-21,40,Oklahoma,22,0.537188982839986
2023-10-21,21,Kentucky,20,0.435884448776167
2023-10-21,35,New Mexico,2,0.093885429732389
2023-10-21,46,South Dakota,2,0.21629361425548
2023-10-14,11,District of Columbia,2,0.284798860804557
2023-10-14,34,New Jersey,13,0.136829848189389
2023-10-14,39,Ohio,21,0.17671852878627
2023-10-14,20,Kansas,3,0.100989495072723
2023-10-14,36,New York,26,0.130868653776306
2023-10-14,48,Texas,167,0.533702668363138
2023-10-14,04,Arizona,21,0.276957748380984
2023-10-14,18,Indiana,23,0.332164739268732
2023-10-14,47,Tennessee,32,0.442738058178548
2023-10-14,06,California,60,0.152163525677582
2023-10-14,28,Mississippi,22,0.747525097305682
2023-10-14,01,Alabama,24,0.465323781011649
2023-10-14,42,Pennsylvania,40,0.305839601961992
2023-10-14,32,Nevada,6,0.183628480410055
2023-10-14,13,Georgia,39,0.34880981618796
2023-10-14,US,US,1214,0.356942304963108
2023-10-14,55,Wisconsin,3,0.0503273373902759
2023-10-14,05,Arkansas,15,0.485695616499922
2023-10-14,12,Florida,213,0.911338527392462
2023-10-14,51,Virginia,54,0.612856712398262
2023-10-14,10,Delaware,0,0
2023-10-14,23,Maine,4,0.284695077337418
2023-10-14,27,Minnesota,6,0.103570578429597
2023-10-14,09,Connecticut,3,0.0816311203952905
2023-10-14,40,Oklahoma,39,0.952289560489067
2023-10-14,26,Michigan,20,0.197229730922437
2023-10-14,35,New Mexico,4,0.187770859464778
2023-10-14,08,Colorado,15,0.251783762062331
2023-10-14,30,Montana,0,0
2023-10-14,29,Missouri,25,0.400290386658097
2023-10-14,72,Puerto Rico,103,3.21543910254909
2023-10-14,21,Kentucky,23,0.501267116092592
2023-10-14,49,Utah,3,0.085625895325768
2023-10-14,25,Massachusetts,16,0.224209873894558
2023-10-14,44,Rhode Island,1,0.0899031563200121
2023-10-14,56,Wyoming,4,0.680714341630107
2023-10-14,15,Hawaii,15,1.03723967013013
2023-10-14,50,Vermont,0,0
2023-10-14,38,North Dakota,1,0.12553856042422
2023-10-14,45,South Carolina,26,0.474553787112616
2023-10-14,41,Oregon,6,0.140437241990454
2023-10-14,33,New Hampshire,0,0
2023-10-14,24,Maryland,3,0.0478986847021181
2023-10-14,53,Washington,13,0.163353932683101
2023-10-14,46,South Dakota,0,0
2023-10-14,54,West Virginia,3,0.169493536363991
2023-10-14,22,Louisiana,28,0.608994853993484
2023-10-14,16,Idaho,2,0.0999191154760222
2023-10-14,31,Nebraska,9,0.448773725794267
2023-10-14,37,North Carolina,20,0.181060624166668
2023-10-14,17,Illinois,18,0.141619010558327
2023-10-14,19,Iowa,1,0.030850029369228
2023-10-14,02,Alaska,14,1.89155192377586
2023-10-07,34,New Jersey,17,0.17893133993997
2023-10-07,22,Louisiana,19,0.413246508067007
2023-10-07,53,Washington,4,0.0502627485178772
2023-10-07,47,Tennessee,28,0.387395800906229
2023-10-07,40,Oklahoma,15,0.366265215572718
2023-10-07,26,Michigan,17,0.167645271284071
2023-10-07,19,Iowa,3,0.0925500881076839
2023-10-07,54,West Virginia,2,0.112995690909327
2023-10-07,25,Massachusetts,12,0.168157405420918
2023-10-07,13,Georgia,34,0.304090608984375
2023-10-07,41,Oregon,6,0.140437241990454
2023-10-07,16,Idaho,4,0.199838230952044
2023-10-07,50,Vermont,0,0
2023-10-07,38,North Dakota,0,0
2023-10-07,09,Connecticut,4,0.108841493860387
2023-10-07,10,Delaware,2,0.190129069118571
2023-10-07,37,North Carolina,36,0.325909123500003
2023-10-07,39,Ohio,18,0.151473024673946
2023-10-07,08,Colorado,9,0.151070257237398
2023-10-07,20,Kansas,10,0.336631650242408
2023-10-07,US,US,1108,0.325776008154138
2023-10-07,32,Nevada,4,0.122418986940036
2023-10-07,23,Maine,5,0.355868846671772
2023-10-07,15,Hawaii,10,0.691493113420083
2023-10-07,11,District of Columbia,2,0.284798860804557
2023-10-07,24,Maryland,3,0.0478986847021181
2023-10-07,35,New Mexico,6,0.281656289197167
2023-10-07,12,Florida,227,0.971238712291496
2023-10-07,27,Minnesota,3,0.0517852892147986
2023-10-07,44,Rhode Island,1,0.0899031563200121
2023-10-07,56,Wyoming,6,1.02107151244516
2023-10-07,05,Arkansas,17,0.550455032033245
2023-10-07,49,Utah,4,0.114167860434357
2023-10-07,21,Kentucky,12,0.2615306692657
2023-10-07,31,Nebraska,5,0.249318736552371
2023-10-07,36,New York,37,0.186236161143204
2023-10-07,04,Arizona,16,0.211015427337893
2023-10-07,33,New Hampshire,2,0.141941417937989
2023-10-07,72,Puerto Rico,109,3.40274623473642
2023-10-07,48,Texas,119,0.380303099013254
2023-10-07,45,South Carolina,22,0.401545512172213
2023-10-07,30,Montana,0,0
2023-10-07,17,Illinois,21,0.165222178984714
2023-10-07,01,Alabama,20,0.387769817509707
2023-10-07,28,Mississippi,29,0.985373991902944
2023-10-07,51,Virginia,49,0.556110720509534
2023-10-07,29,Missouri,24,0.384278771191773
2023-10-07,02,Alaska,10,1.35110851698276
2023-10-07,06,California,45,0.114122644258187
2023-10-07,55,Wisconsin,10,0.16775779130092
2023-10-07,46,South Dakota,0,0
2023-10-07,18,Indiana,8,0.115535561484776
2023-10-07,42,Pennsylvania,41,0.313485592011041
2023-09-30,16,Idaho,2,0.0999191154760222
2023-09-30,01,Alabama,20,0.387769817509707
2023-09-30,20,Kansas,5,0.168315825121204
2023-09-30,02,Alaska,7,0.945775961887931
2023-09-30,50,Vermont,1,0.154203669122103
2023-09-30,42,Pennsylvania,60,0.458759402942987
2023-09-30,28,Mississippi,20,0.679568270277892
2023-09-30,13,Georgia,29,0.25937140178079
2023-09-30,44,Rhode Island,0,0
2023-09-30,27,Minnesota,2,0.0345235261431991
2023-09-30,09,Connecticut,8,0.217682987720775
2023-09-30,10,Delaware,0,0
2023-09-30,25,Massachusetts,8,0.112104936947279
2023-09-30,51,Virginia,54,0.612856712398262
2023-09-30,34,New Jersey,9,0.0947283564388074
2023-09-30,38,North Dakota,3,0.37661568127266
2023-09-30,08,Colorado,8,0.13428467309991
2023-09-30,32,Nevada,3,0.0918142402050273
2023-09-30,37,North Carolina,10,0.0905303120833342
2023-09-30,19,Iowa,4,0.123400117476912
2023-09-30,36,New York,47,0.236570258749476
2023-09-30,US,US,1025,0.301372209709379
2023-09-30,22,Louisiana,16,0.347997059424848
2023-09-30,21,Kentucky,14,0.305119114143317
2023-09-30,30,Montana,4,0.351730911783249
2023-09-30,18,Indiana,12,0.173303342227165
2023-09-30,05,Arkansas,10,0.323797077666615
2023-09-30,46,South Dakota,2,0.21629361425548
2023-09-30,26,Michigan,12,0.118337838553462
2023-09-30,55,Wisconsin,9,0.150982012170828
2023-09-30,04,Arizona,21,0.276957748380984
2023-09-30,72,Puerto Rico,99,3.09056768109088
2023-09-30,31,Nebraska,1,0.0498637473104741
2023-09-30,54,West Virginia,6,0.338987072727982
2023-09-30,11,District of Columbia,0,0
2023-09-30,47,Tennessee,41,0.567258137041265
2023-09-30,33,New Hampshire,1,0.0709707089689943
2023-09-30,49,Utah,4,0.114167860434357
2023-09-30,17,Illinois,18,0.141619010558327
2023-09-30,53,Washington,12,0.150788245553632
2023-09-30,48,Texas,118,0.377107274651798
2023-09-30,15,Hawaii,10,0.691493113420083
2023-09-30,45,South Carolina,28,0.511057924582817
2023-09-30,56,Wyoming,2,0.340357170815053
2023-09-30,24,Maryland,4,0.0638649129361574
2023-09-30,29,Missouri,12,0.192139385595887
2023-09-30,39,Ohio,16,0.134642688599063
2023-09-30,40,Oklahoma,26,0.634859706992711
2023-09-30,41,Oregon,6,0.140437241990454
2023-09-30,06,California,46,0.11665870301948
2023-09-30,23,Maine,0,0
2023-09-30,35,New Mexico,5,0.234713574330972
2023-09-30,12,Florida,168,0.71880221878842
2023-09-23,16,Idaho,3,0.149878673214033
2023-09-23,33,New Hampshire,2,0.141941417937989
2023-09-23,32,Nevada,4,0.122418986940036
2023-09-23,50,Vermont,1,0.154203669122103
2023-09-23,30,Montana,3,0.263798183837437
2023-09-23,28,Mississippi,16,0.543654616222314
2023-09-23,25,Massachusetts,10,0.140131171184099
2023-09-23,42,Pennsylvania,46,0.35171554225629
2023-09-23,05,Arkansas,6,0.194278246599969
2023-09-23,11,District of Columbia,1,0.142399430402278
2023-09-23,27,Minnesota,4,0.0690470522863982
2023-09-23,55,Wisconsin,0,0
2023-09-23,31,Nebraska,6,0.299182483862845
2023-09-23,01,Alabama,8,0.155107927003883
2023-09-23,47,Tennessee,24,0.332053543633911
2023-09-23,04,Arizona,8,0.105507713668946
2023-09-23,36,New York,18,0.0906013756912885
2023-09-23,26,Michigan,17,0.167645271284071
2023-09-23,23,Maine,1,0.0711737693343544
2023-09-23,35,New Mexico,3,0.140828144598583
2023-09-23,45,South Carolina,26,0.474553787112616
2023-09-23,19,Iowa,0,0
2023-09-23,21,Kentucky,13,0.283324891704509
2023-09-23,10,Delaware,0,0
2023-09-23,51,Virginia,40,0.453967935109823
2023-09-23,38,North Dakota,1,0.12553856042422
2023-09-23,US,US,880,0.258739067848052
2023-09-23,09,Connecticut,16,0.43536597544155
2023-09-23,24,Maryland,6,0.0957973694042362
2023-09-23,39,Ohio,9,0.075736512336973
2023-09-23,40,Oklahoma,17,0.41510057764908
2023-09-23,13,Georgia,30,0.268315243221507
2023-09-23,15,Hawaii,5,0.345746556710042
2023-09-23,41,Oregon,6,0.140437241990454
2023-09-23,29,Missouri,16,0.256185847461182
2023-09-23,18,Indiana,9,0.129977506670373
2023-09-23,08,Colorado,8,0.13428467309991
2023-09-23,48,Texas,102,0.325974084868503
2023-09-23,06,California,46,0.11665870301948
2023-09-23,37,North Carolina,13,0.117689405708335
2023-09-23,49,Utah,2,0.0570839302171787
2023-09-23,44,Rhode Island,1,0.0899031563200121
2023-09-23,17,Illinois,20,0.157354456175919
2023-09-23,12,Florida,172,0.735916557331002
2023-09-23,72,Puerto Rico,84,2.62229985062256
2023-09-23,20,Kansas,4,0.134652660096963
2023-09-23,56,Wyoming,0,0
2023-09-23,54,West Virginia,0,0
2023-09-23,46,South Dakota,0,0
2023-09-23,02,Alaska,6,0.810665110189655
2023-09-23,34,New Jersey,19,0.19998208581526
2023-09-23,22,Louisiana,18,0.391496691852954
2023-09-23,53,Washington,6,0.0753941227768158
2023-09-16,21,Kentucky,5,0.108971112194042
2023-09-16,29,Missouri,8,0.128092923730591
2023-09-16,17,Illinois,18,0.141619010558327
2023-09-16,35,New Mexico,11,0.516369863528139
2023-09-16,28,Mississippi,23,0.781503510819576
2023-09-16,54,West Virginia,6,0.338987072727982
2023-09-16,32,Nevada,0,0
2023-09-16,37,North Carolina,11,0.0995833432916677
2023-09-16,53,Washington,15,0.18848530694204
2023-09-16,41,Oregon,6,0.140437241990454
2023-09-16,45,South Carolina,25,0.456301718377515
2023-09-16,51,Virginia,31,0.35182514971011303
2023-09-16,46,South Dakota,0,0
2023-09-16,26,Michigan,9,0.0887533789150965
2023-09-16,30,Montana,1,0.0879327279458123
2023-09-16,47,Tennessee,34,0.470409186814707
2023-09-16,16,Idaho,0,0
2023-09-16,31,Nebraska,0,0
2023-09-16,40,Oklahoma,16,0.390682896610899
2023-09-16,49,Utah,3,0.085625895325768
2023-09-16,33,New Hampshire,0,0
2023-09-16,56,Wyoming,0,0
2023-09-16,24,Maryland,2,0.0319324564680787
2023-09-16,11,District of Columbia,0,0
2023-09-16,44,Rhode Island,2,0.179806312640024
2023-09-16,39,Ohio,9,0.075736512336973
2023-09-16,27,Minnesota,1,0.0172617630715995
2023-09-16,50,Vermont,0,0
2023-09-16,25,Massachusetts,5,0.0700655855920493
2023-09-16,72,Puerto Rico,59,1.8418534665087
2023-09-16,48,Texas,128,0.409065518266357
2023-09-16,05,Arkansas,7,0.22665795436663
2023-09-16,22,Louisiana,13,0.282747610782689
2023-09-16,09,Connecticut,9,0.244893361185872
2023-09-16,20,Kansas,3,0.100989495072723
2023-09-16,08,Colorado,2,0.0335711682749774
2023-09-16,13,Georgia,34,0.304090608984375
2023-09-16,18,Indiana,9,0.129977506670373
2023-09-16,36,New York,12,0.0604009171275257
2023-09-16,02,Alaska,5,0.675554258491379
2023-09-16,04,Arizona,10,0.131884642086183
2023-09-16,10,Delaware,0,0
2023-09-16,01,Alabama,20,0.387769817509707
2023-09-16,19,Iowa,0,0
2023-09-16,US,US,821,0.241391789435512
2023-09-16,34,New Jersey,10,0.105253729376453
2023-09-16,55,Wisconsin,3,0.0503273373902759
2023-09-16,42,Pennsylvania,48,0.36700752235439
2023-09-16,12,Florida,156,0.667459203160676
2023-09-16,06,California,41,0.103978409213015
2023-09-16,23,Maine,0,0
2023-09-16,38,North Dakota,0,0
2023-09-16,15,Hawaii,8,0.553194490736067
2023-09-09,27,Minnesota,0,0
2023-09-09,21,Kentucky,19,0.414090226337359
2023-09-09,37,North Carolina,7,0.063371218458334
2023-09-09,47,Tennessee,46,0.636435958631663
2023-09-09,28,Mississippi,19,0.645589856763998
2023-09-09,18,Indiana,5,0.0722097259279852
2023-09-09,46,South Dakota,3,0.324440421383219
2023-09-09,55,Wisconsin,1,0.016775779130092
2023-09-09,36,New York,21,0.10570160497317
2023-09-09,20,Kansas,6,0.201978990145445
2023-09-09,45,South Carolina,22,0.401545512172213
2023-09-09,39,Ohio,15,0.126227520561622
2023-09-09,50,Vermont,1,0.154203669122103
2023-09-09,08,Colorado,7,0.117499088962421
2023-09-09,40,Oklahoma,16,0.390682896610899
2023-09-09,72,Puerto Rico,54,1.68576418968593
2023-09-09,26,Michigan,2,0.0197229730922437
2023-09-09,42,Pennsylvania,43,0.328777572109141
2023-09-09,35,New Mexico,4,0.187770859464778
2023-09-09,53,Washington,37,0.464930423790364
2023-09-09,15,Hawaii,5,0.345746556710042
2023-09-09,34,New Jersey,13,0.136829848189389
2023-09-09,17,Illinois,15,0.118015842131939
2023-09-09,05,Arkansas,8,0.259037662133292
2023-09-09,16,Idaho,2,0.0999191154760222
2023-09-09,01,Alabama,5,0.0969424543774268
2023-09-09,54,West Virginia,2,0.112995690909327
2023-09-09,11,District of Columbia,1,0.142399430402278
2023-09-09,32,Nevada,4,0.122418986940036
2023-09-09,29,Missouri,12,0.192139385595887
2023-09-09,09,Connecticut,1,0.0272103734650968
2023-09-09,10,Delaware,0,0
2023-09-09,24,Maryland,5,0.0798311411701968
2023-09-09,23,Maine,0,0
2023-09-09,19,Iowa,1,0.030850029369228
2023-09-09,49,Utah,2,0.0570839302171787
2023-09-09,48,Texas,109,0.348344855398695
2023-09-09,41,Oregon,3,0.0702186209952272
2023-09-09,51,Virginia,40,0.453967935109823
2023-09-09,02,Alaska,2,0.270221703396552
2023-09-09,06,California,42,0.106514467974308
2023-09-09,38,North Dakota,0,0
2023-09-09,25,Massachusetts,8,0.112104936947279
2023-09-09,22,Louisiana,11,0.239247978354583
2023-09-09,31,Nebraska,1,0.0498637473104741
2023-09-09,33,New Hampshire,1,0.0709707089689943
2023-09-09,04,Arizona,8,0.105507713668946
2023-09-09,30,Montana,1,0.0879327279458123
2023-09-09,13,Georgia,21,0.187820670255055
2023-09-09,US,US,803,0.236099399411347
2023-09-09,44,Rhode Island,0,0
2023-09-09,56,Wyoming,0,0
2023-09-09,12,Florida,150,0.641787695346804
2023-09-02,22,Louisiana,14,0.304497426996742
2023-09-02,56,Wyoming,0,0
2023-09-02,21,Kentucky,10,0.217942224388084
2023-09-02,37,North Carolina,18,0.162954561750002
2023-09-02,29,Missouri,6,0.0960696927979433
2023-09-02,19,Iowa,4,0.123400117476912
2023-09-02,18,Indiana,6,0.0866516711135823
2023-09-02,39,Ohio,13,0.109397184486739
2023-09-02,32,Nevada,3,0.0918142402050273
2023-09-02,06,California,38,0.0963702329291354
2023-09-02,13,Georgia,34,0.304090608984375
2023-09-02,72,Puerto Rico,59,1.8418534665087
2023-09-02,02,Alaska,2,0.270221703396552
2023-09-02,16,Idaho,0,0
2023-09-02,20,Kansas,3,0.100989495072723
2023-09-02,36,New York,38,0.191269570903831
2023-09-02,49,Utah,1,0.0285419651085893
2023-09-02,45,South Carolina,9,0.164268618615905
2023-09-02,41,Oregon,2,0.0468124139968182
2023-09-02,55,Wisconsin,2,0.0335515582601839
2023-09-02,17,Illinois,9,0.0708095052791633
2023-09-02,30,Montana,0,0
2023-09-02,25,Massachusetts,17,0.238222991012968
2023-09-02,26,Michigan,12,0.118337838553462
2023-09-02,24,Maryland,5,0.0798311411701968
2023-09-02,50,Vermont,0,0
2023-09-02,54,West Virginia,1,0.0564978454546636
2023-09-02,15,Hawaii,7,0.484045179394058
2023-09-02,38,North Dakota,0,0
2023-09-02,28,Mississippi,43,1.46107178109747
2023-09-02,47,Tennessee,27,0.37356023658815
2023-09-02,11,District of Columbia,0,0
2023-09-02,10,Delaware,0,0
2023-09-02,08,Colorado,3,0.0503567524124661
2023-09-02,51,Virginia,30,0.340475951332368
2023-09-02,23,Maine,0,0
2023-09-02,33,New Hampshire,4,0.283882835875977
2023-09-02,42,Pennsylvania,42,0.321131582060091
2023-09-02,US,US,875,0.257268959508006
2023-09-02,34,New Jersey,10,0.105253729376453
2023-09-02,31,Nebraska,2,0.0997274946209483
2023-09-02,48,Texas,126,0.402673869543445
2023-09-02,04,Arizona,13,0.171450034712038
2023-09-02,09,Connecticut,6,0.163262240790581
2023-09-02,53,Washington,42,0.527758859437711
2023-09-02,05,Arkansas,6,0.194278246599969
2023-09-02,40,Oklahoma,16,0.390682896610899
2023-09-02,44,Rhode Island,0,0
2023-09-02,46,South Dakota,1,0.10814680712774
2023-09-02,27,Minnesota,0,0
2023-09-02,35,New Mexico,2,0.093885429732389
2023-09-02,01,Alabama,12,0.232661890505824
2023-09-02,12,Florida,172,0.735916557331002
2023-08-26,41,Oregon,4,0.0936248279936363
2023-08-26,10,Delaware,0,0
2023-08-26,40,Oklahoma,13,0.317429853496356
2023-08-26,36,New York,20,0.100668195212543
2023-08-26,08,Colorado,4,0.0671423365499548
2023-08-26,54,West Virginia,2,0.112995690909327
2023-08-26,09,Connecticut,8,0.217682987720775
2023-08-26,37,North Carolina,8,0.0724242496666674
2023-08-26,23,Maine,0,0
2023-08-26,25,Massachusetts,8,0.112104936947279
2023-08-26,56,Wyoming,0,0
2023-08-26,01,Alabama,12,0.232661890505824
2023-08-26,39,Ohio,16,0.134642688599063
2023-08-26,19,Iowa,2,0.0617000587384559
2023-08-26,02,Alaska,0,0
2023-08-26,28,Mississippi,40,1.35913654055578
2023-08-26,51,Virginia,28,0.317777554576876
2023-08-26,48,Texas,110,0.351540679760151
2023-08-26,22,Louisiana,11,0.239247978354583
2023-08-26,35,New Mexico,1,0.0469427148661945
2023-08-26,15,Hawaii,6,0.41489586805205
2023-08-26,27,Minnesota,3,0.0517852892147986
2023-08-26,17,Illinois,12,0.0944126737055511
2023-08-26,30,Montana,0,0
2023-08-26,18,Indiana,11,0.158861397041568
2023-08-26,US,US,792,0.232865161063247
2023-08-26,33,New Hampshire,0,0
2023-08-26,32,Nevada,4,0.122418986940036
2023-08-26,29,Missouri,7,0.112081308264267
2023-08-26,55,Wisconsin,1,0.016775779130092
2023-08-26,24,Maryland,3,0.0478986847021181
2023-08-26,13,Georgia,28,0.250427560340073
2023-08-26,12,Florida,160,0.684573541703257
2023-08-26,11,District of Columbia,1,0.142399430402278
2023-08-26,06,California,29,0.0735457040774981
2023-08-26,50,Vermont,0,0
2023-08-26,47,Tennessee,23,0.318217979315831
2023-08-26,49,Utah,0,0
2023-08-26,53,Washington,20,0.251313742589386
2023-08-26,46,South Dakota,1,0.10814680712774
2023-08-26,04,Arizona,17,0.224203891546511
2023-08-26,45,South Carolina,20,0.365041374702012
2023-08-26,31,Nebraska,3,0.149591241931422
2023-08-26,44,Rhode Island,0,0
2023-08-26,34,New Jersey,16,0.168405967002324
2023-08-26,26,Michigan,10,0.0986148654612183
2023-08-26,16,Idaho,0,0
2023-08-26,38,North Dakota,1,0.12553856042422
2023-08-26,20,Kansas,2,0.0673263300484817
2023-08-26,42,Pennsylvania,57,0.435821432795838
2023-08-26,72,Puerto Rico,52,1.62332847895682
2023-08-26,21,Kentucky,7,0.152559557071659
2023-08-26,05,Arkansas,9,0.291417369899953
2023-08-19,28,Mississippi,34,1.15526605947242
2023-08-19,25,Massachusetts,6,0.0840787027104592
2023-08-19,27,Minnesota,0,0
2023-08-19,47,Tennessee,26,0.35972467227007
2023-08-19,35,New Mexico,2,0.093885429732389
2023-08-19,53,Washington,25,0.314142178236733
2023-08-19,18,Indiana,3,0.0433258355567911
2023-08-19,08,Colorado,0,0
2023-08-19,01,Alabama,7,0.135719436128398
2023-08-19,05,Arkansas,7,0.22665795436663
2023-08-19,26,Michigan,18,0.177506757830193
2023-08-19,31,Nebraska,1,0.0498637473104741
2023-08-19,19,Iowa,2,0.0617000587384559
2023-08-19,46,South Dakota,3,0.324440421383219
2023-08-19,32,Nevada,3,0.0918142402050273
2023-08-19,36,New York,15,0.0755011464094071
2023-08-19,33,New Hampshire,0,0
2023-08-19,45,South Carolina,15,0.273781031026509
2023-08-19,50,Vermont,0,0
2023-08-19,39,Ohio,8,0.0673213442995315
2023-08-19,13,Georgia,19,0.169932987373621
2023-08-19,41,Oregon,3,0.0702186209952272
2023-08-19,22,Louisiana,11,0.239247978354583
2023-08-19,09,Connecticut,4,0.108841493860387
2023-08-19,04,Arizona,6,0.0791307852517098
2023-08-19,56,Wyoming,0,0
2023-08-19,US,US,738,0.216987990990753
2023-08-19,17,Illinois,9,0.0708095052791633
2023-08-19,54,West Virginia,9,0.508480609091972
2023-08-19,06,California,31,0.0786178216000842
2023-08-19,37,North Carolina,14,0.126742436916668
2023-08-19,12,Florida,152,0.650344864618095
2023-08-19,02,Alaska,2,0.270221703396552
2023-08-19,44,Rhode Island,0,0
2023-08-19,55,Wisconsin,2,0.0335515582601839
2023-08-19,16,Idaho,3,0.149878673214033
2023-08-19,30,Montana,0,0
2023-08-19,40,Oklahoma,21,0.512771301801805
2023-08-19,51,Virginia,35,0.397221943221095
2023-08-19,10,Delaware,0,0
2023-08-19,23,Maine,2,0.142347538668709
2023-08-19,38,North Dakota,0,0
2023-08-19,72,Puerto Rico,30,0.936535660936629
2023-08-19,21,Kentucky,12,0.2615306692657
2023-08-19,29,Missouri,11,0.176127770129563
2023-08-19,34,New Jersey,12,0.126304475251743
2023-08-19,11,District of Columbia,1,0.142399430402278
2023-08-19,24,Maryland,6,0.0957973694042362
2023-08-19,42,Pennsylvania,38,0.290547621863892
2023-08-19,48,Texas,122,0.389890572097622
2023-08-19,49,Utah,0,0
2023-08-19,15,Hawaii,6,0.41489586805205
2023-08-19,20,Kansas,1,0.0336631650242408
2023-08-12,11,District of Columbia,1,0.142399430402278
2023-08-12,44,Rhode Island,0,0
2023-08-12,29,Missouri,9,0.144104539196915
2023-08-12,40,Oklahoma,11,0.268594491419993
2023-08-12,36,New York,19,0.0956347854519156
2023-08-12,21,Kentucky,5,0.108971112194042
2023-08-12,24,Maryland,5,0.0798311411701968
2023-08-12,33,New Hampshire,1,0.0709707089689943
2023-08-12,53,Washington,17,0.213616681200978
2023-08-12,22,Louisiana,7,0.152248713498371
2023-08-12,56,Wyoming,1,0.170178585407527
2023-08-12,48,Texas,118,0.377107274651798
2023-08-12,47,Tennessee,26,0.35972467227007
2023-08-12,38,North Dakota,5,0.6276928021211
2023-08-12,30,Montana,0,0
2023-08-12,19,Iowa,0,0
2023-08-12,02,Alaska,1,0.135110851698276
2023-08-12,10,Delaware,1,0.0950645345592856
2023-08-12,42,Pennsylvania,37,0.282901631814842
2023-08-12,08,Colorado,1,0.0167855841374887
2023-08-12,72,Puerto Rico,39,1.21749635921762
2023-08-12,50,Vermont,0,0
2023-08-12,17,Illinois,13,0.102280396514347
2023-08-12,35,New Mexico,1,0.0469427148661945
2023-08-12,16,Idaho,3,0.149878673214033
2023-08-12,26,Michigan,11,0.10847635200734
2023-08-12,23,Maine,0,0
2023-08-12,49,Utah,1,0.0285419651085893
2023-08-12,54,West Virginia,0,0
2023-08-12,27,Minnesota,0,0
2023-08-12,55,Wisconsin,5,0.0838788956504599
2023-08-12,09,Connecticut,7,0.190472614255678
2023-08-12,37,North Carolina,13,0.117689405708335
2023-08-12,13,Georgia,28,0.250427560340073
2023-08-12,39,Ohio,10,0.0841516803744144
2023-08-12,01,Alabama,9,0.174496417879368
2023-08-12,28,Mississippi,27,0.917417164875155
2023-08-12,20,Kansas,2,0.0673263300484817
2023-08-12,05,Arkansas,10,0.323797077666615
2023-08-12,US,US,703,0.206697232610432
2023-08-12,46,South Dakota,1,0.10814680712774
2023-08-12,34,New Jersey,6,0.0631522376258716
2023-08-12,32,Nevada,6,0.183628480410055
2023-08-12,31,Nebraska,1,0.0498637473104741
2023-08-12,06,California,35,0.0887620566452563
2023-08-12,18,Indiana,9,0.129977506670373
2023-08-12,15,Hawaii,4,0.276597245368033
2023-08-12,25,Massachusetts,10,0.140131171184099
2023-08-12,45,South Carolina,8,0.146016549880805
2023-08-12,04,Arizona,9,0.118696177877565
2023-08-12,41,Oregon,4,0.0936248279936363
2023-08-12,51,Virginia,32,0.363174348087859
2023-08-12,12,Florida,133,0.569051756540833
2023-08-05,41,Oregon,3,0.0702186209952272
2023-08-05,51,Virginia,31,0.35182514971011303
2023-08-05,11,District of Columbia,0,0
2023-08-05,31,Nebraska,1,0.0498637473104741
2023-08-05,24,Maryland,7,0.111763597638276
2023-08-05,01,Alabama,13,0.25205038138131
2023-08-05,19,Iowa,1,0.030850029369228
2023-08-05,35,New Mexico,2,0.093885429732389
2023-08-05,45,South Carolina,18,0.328537237231811
2023-08-05,55,Wisconsin,1,0.016775779130092
2023-08-05,42,Pennsylvania,51,0.389945492501539
2023-08-05,16,Idaho,2,0.0999191154760222
2023-08-05,28,Mississippi,9,0.305805721625052
2023-08-05,54,West Virginia,1,0.0564978454546636
2023-08-05,33,New Hampshire,1,0.0709707089689943
2023-08-05,50,Vermont,0,0
2023-08-05,38,North Dakota,0,0
2023-08-05,05,Arkansas,11,0.356176785433276
2023-08-05,26,Michigan,4,0.0394459461844873
2023-08-05,10,Delaware,0,0
2023-08-05,53,Washington,20,0.251313742589386
2023-08-05,12,Florida,131,0.560494587269542
2023-08-05,44,Rhode Island,0,0
2023-08-05,32,Nevada,6,0.183628480410055
2023-08-05,36,New York,30,0.151002292818814
2023-08-05,15,Hawaii,6,0.41489586805205
2023-08-05,27,Minnesota,2,0.0345235261431991
2023-08-05,17,Illinois,12,0.0944126737055511
2023-08-05,20,Kansas,1,0.0336631650242408
2023-08-05,09,Connecticut,4,0.108841493860387
2023-08-05,56,Wyoming,0,0
2023-08-05,30,Montana,0,0
2023-08-05,13,Georgia,19,0.169932987373621
2023-08-05,34,New Jersey,15,0.157880594064679
2023-08-05,23,Maine,2,0.142347538668709
2023-08-05,18,Indiana,7,0.101093616299179
2023-08-05,47,Tennessee,22,0.304382414997752
2023-08-05,25,Massachusetts,6,0.0840787027104592
2023-08-05,46,South Dakota,2,0.21629361425548
2023-08-05,40,Oklahoma,6,0.146506086229087
2023-08-05,US,US,687,0.201992885922286
2023-08-05,04,Arizona,11,0.145073106294801
2023-08-05,06,California,43,0.109050526735601
2023-08-05,49,Utah,1,0.0285419651085893
2023-08-05,29,Missouri,4,0.0640464618652956
2023-08-05,48,Texas,109,0.348344855398695
2023-08-05,22,Louisiana,11,0.239247978354583
2023-08-05,21,Kentucky,9,0.196148001949275
2023-08-05,02,Alaska,2,0.270221703396552
2023-08-05,08,Colorado,3,0.0503567524124661
2023-08-05,37,North Carolina,8,0.0724242496666674
2023-08-05,39,Ohio,9,0.075736512336973
2023-08-05,72,Puerto Rico,29,0.905317805572075
2023-07-29,22,Louisiana,12,0.260997794568636
2023-07-29,41,Oregon,2,0.0468124139968182
2023-07-29,31,Nebraska,1,0.0498637473104741
2023-07-29,16,Idaho,3,0.149878673214033
2023-07-29,55,Wisconsin,2,0.0335515582601839
2023-07-29,19,Iowa,0,0
2023-07-29,28,Mississippi,17,0.577633029736209
2023-07-29,35,New Mexico,0,0
2023-07-29,72,Puerto Rico,42,1.31114992531128
2023-07-29,21,Kentucky,9,0.196148001949275
2023-07-29,18,Indiana,4,0.0577677807423882
2023-07-29,39,Ohio,117,0.984574660380648
2023-07-29,36,New York,18,0.0906013756912885
2023-07-29,34,New Jersey,8,0.0842029835011622
2023-07-29,02,Alaska,0,0
2023-07-29,13,Georgia,16,0.143101463051471
2023-07-29,15,Hawaii,4,0.276597245368033
2023-07-29,10,Delaware,0,0
2023-07-29,23,Maine,3,0.213521308003063
2023-07-29,42,Pennsylvania,36,0.275255641765792
2023-07-29,08,Colorado,3,0.0503567524124661
2023-07-29,US,US,768,0.225808641031027
2023-07-29,47,Tennessee,16,0.221369029089274
2023-07-29,53,Washington,18,0.226182368330447
2023-07-29,50,Vermont,0,0
2023-07-29,54,West Virginia,3,0.169493536363991
2023-07-29,33,New Hampshire,1,0.0709707089689943
2023-07-29,09,Connecticut,5,0.136051867325484
2023-07-29,32,Nevada,4,0.122418986940036
2023-07-29,30,Montana,0,0
2023-07-29,29,Missouri,10,0.160116154663239
2023-07-29,38,North Dakota,1,0.12553856042422
2023-07-29,46,South Dakota,0,0
2023-07-29,04,Arizona,15,0.197826963129274
2023-07-29,40,Oklahoma,14,0.341847534534537
2023-07-29,05,Arkansas,5,0.161898538833307
2023-07-29,49,Utah,1,0.0285419651085893
2023-07-29,20,Kansas,2,0.0673263300484817
2023-07-29,56,Wyoming,2,0.340357170815053
2023-07-29,12,Florida,132,0.564773171905187
2023-07-29,45,South Carolina,20,0.365041374702012
2023-07-29,26,Michigan,4,0.0394459461844873
2023-07-29,24,Maryland,14,0.223527195276551
2023-07-29,51,Virginia,19,0.215634769177166
2023-07-29,17,Illinois,10,0.0786772280879593
2023-07-29,48,Texas,90,0.287624192531032
2023-07-29,44,Rhode Island,0,0
2023-07-29,25,Massachusetts,4,0.0560524684736394
2023-07-29,06,California,37,0.0938341741678424
2023-07-29,01,Alabama,30,0.581654726264561
2023-07-29,27,Minnesota,3,0.0517852892147986
2023-07-29,11,District of Columbia,1,0.142399430402278
2023-07-29,37,North Carolina,9,0.0814772808750008
2023-07-22,45,South Carolina,16,0.29203309976161
2023-07-22,24,Maryland,4,0.0638649129361574
2023-07-22,28,Mississippi,10,0.339784135138946
2023-07-22,12,Florida,110,0.47064430992099
2023-07-22,42,Pennsylvania,37,0.282901631814842
2023-07-22,46,South Dakota,0,0
2023-07-22,29,Missouri,20,0.320232309326478
2023-07-22,30,Montana,0,0
2023-07-22,50,Vermont,0,0
2023-07-22,39,Ohio,33,0.277700545235567
2023-07-22,01,Alabama,15,0.29082736313228
2023-07-22,35,New Mexico,1,0.0469427148661945
2023-07-22,38,North Dakota,1,0.12553856042422
2023-07-22,05,Arkansas,6,0.194278246599969
2023-07-22,54,West Virginia,0,0
2023-07-22,55,Wisconsin,9,0.150982012170828
2023-07-22,02,Alaska,1,0.135110851698276
2023-07-22,15,Hawaii,4,0.276597245368033
2023-07-22,13,Georgia,17,0.152045304492187
2023-07-22,33,New Hampshire,0,0
2023-07-22,08,Colorado,4,0.0671423365499548
2023-07-22,22,Louisiana,7,0.152248713498371
2023-07-22,48,Texas,86,0.274840895085209
2023-07-22,41,Oregon,3,0.0702186209952272
2023-07-22,44,Rhode Island,0,0
2023-07-22,26,Michigan,3,0.0295844596383655
2023-07-22,06,California,39,0.0989062916904285
2023-07-22,18,Indiana,4,0.0577677807423882
2023-07-22,49,Utah,0,0
2023-07-22,34,New Jersey,16,0.168405967002324
2023-07-22,16,Idaho,1,0.0499595577380111
2023-07-22,19,Iowa,2,0.0617000587384559
2023-07-22,47,Tennessee,23,0.318217979315831
2023-07-22,36,New York,28,0.14093547329756
2023-07-22,04,Arizona,13,0.171450034712038
2023-07-22,27,Minnesota,0,0
2023-07-22,32,Nevada,7,0.214233227145064
2023-07-22,56,Wyoming,0,0
2023-07-22,23,Maine,1,0.0711737693343544
2023-07-22,11,District of Columbia,1,0.142399430402278
2023-07-22,25,Massachusetts,10,0.140131171184099
2023-07-22,40,Oklahoma,13,0.317429853496356
2023-07-22,31,Nebraska,1,0.0498637473104741
2023-07-22,09,Connecticut,3,0.0816311203952905
2023-07-22,10,Delaware,2,0.190129069118571
2023-07-22,37,North Carolina,5,0.0452651560416671
2023-07-22,20,Kansas,0,0
2023-07-22,US,US,645,0.189643975865902
2023-07-22,51,Virginia,22,0.249682364310403
2023-07-22,53,Washington,18,0.226182368330447
2023-07-22,21,Kentucky,3,0.0653826673164251
2023-07-22,17,Illinois,12,0.0944126737055511
2023-07-22,72,Puerto Rico,33,1.03018922703029
2023-07-15,01,Alabama,14,0.271438872256795
2023-07-15,47,Tennessee,23,0.318217979315831
2023-07-15,40,Oklahoma,8,0.19534144830545
2023-07-15,25,Massachusetts,7,0.098091819828869
2023-07-15,54,West Virginia,1,0.0564978454546636
2023-07-15,32,Nevada,10,0.306047467350091
2023-07-15,29,Missouri,13,0.208151001062211
2023-07-15,38,North Dakota,1,0.12553856042422
2023-07-15,45,South Carolina,18,0.328537237231811
2023-07-15,10,Delaware,0,0
2023-07-15,19,Iowa,0,0
2023-07-15,49,Utah,3,0.085625895325768
2023-07-15,15,Hawaii,6,0.41489586805205
2023-07-15,06,California,54,0.136947173109824
2023-07-15,30,Montana,1,0.0879327279458123
2023-07-15,20,Kansas,3,0.100989495072723
2023-07-15,13,Georgia,18,0.160989145932904
2023-07-15,22,Louisiana,6,0.130498897284318
2023-07-15,56,Wyoming,0,0
2023-07-15,31,Nebraska,0,0
2023-07-15,46,South Dakota,0,0
2023-07-15,33,New Hampshire,1,0.0709707089689943
2023-07-15,23,Maine,0,0
2023-07-15,35,New Mexico,0,0
2023-07-15,55,Wisconsin,8,0.134206233040736
2023-07-15,50,Vermont,0,0
2023-07-15,02,Alaska,2,0.270221703396552
2023-07-15,11,District of Columbia,2,0.284798860804557
2023-07-15,34,New Jersey,7,0.0736776105635169
2023-07-15,16,Idaho,3,0.149878673214033
2023-07-15,44,Rhode Island,0,0
2023-07-15,21,Kentucky,6,0.13076533463285
2023-07-15,26,Michigan,3,0.0295844596383655
2023-07-15,24,Maryland,5,0.0798311411701968
2023-07-15,39,Ohio,40,0.336606721497658
2023-07-15,18,Indiana,2,0.0288838903711941
2023-07-15,28,Mississippi,14,0.475697789194525
2023-07-15,72,Puerto Rico,42,1.31114992531128
2023-07-15,41,Oregon,5,0.117031034992045
2023-07-15,09,Connecticut,2,0.0544207469301937
2023-07-15,05,Arkansas,8,0.259037662133292
2023-07-15,04,Arizona,28,0.369276997841312
2023-07-15,27,Minnesota,0,0
2023-07-15,51,Virginia,30,0.340475951332368
2023-07-15,17,Illinois,10,0.0786772280879593
2023-07-15,53,Washington,19,0.238748055459917
2023-07-15,08,Colorado,8,0.13428467309991
2023-07-15,12,Florida,138,0.59044467971906
2023-07-15,42,Pennsylvania,41,0.313485592011041
2023-07-15,US,US,736,0.216399947654734
2023-07-15,37,North Carolina,13,0.117689405708335
2023-07-15,36,New York,17,0.0855679659306614
2023-07-15,48,Texas,96,0.306799138699768
2023-07-08,22,Louisiana,13,0.282747610782689
2023-07-08,34,New Jersey,16,0.168405967002324
2023-07-08,06,California,26,0.065937527793619
2023-07-08,26,Michigan,5,0.0493074327306091
2023-07-08,13,Georgia,23,0.205708353136489
2023-07-08,US,US,699,0.205521145938396
2023-07-08,56,Wyoming,1,0.170178585407527
2023-07-08,24,Maryland,3,0.0478986847021181
2023-07-08,19,Iowa,2,0.0617000587384559
2023-07-08,48,Texas,79,0.252470124555017
2023-07-08,12,Florida,144,0.616116187532932
2023-07-08,72,Puerto Rico,39,1.21749635921762
2023-07-08,25,Massachusetts,3,0.0420393513552296
2023-07-08,40,Oklahoma,12,0.293012172458174
2023-07-08,16,Idaho,3,0.149878673214033
2023-07-08,49,Utah,1,0.0285419651085893
2023-07-08,41,Oregon,2,0.0468124139968182
2023-07-08,09,Connecticut,1,0.0272103734650968
2023-07-08,32,Nevada,6,0.183628480410055
2023-07-08,10,Delaware,0,0
2023-07-08,23,Maine,3,0.213521308003063
2023-07-08,02,Alaska,2,0.270221703396552
2023-07-08,04,Arizona,34,0.448407783093022
2023-07-08,51,Virginia,39,0.442618736732078
2023-07-08,21,Kentucky,8,0.174353779510467
2023-07-08,33,New Hampshire,0,0
2023-07-08,37,North Carolina,10,0.0905303120833342
2023-07-08,53,Washington,18,0.226182368330447
2023-07-08,18,Indiana,2,0.0288838903711941
2023-07-08,28,Mississippi,14,0.475697789194525
2023-07-08,08,Colorado,3,0.0503567524124661
2023-07-08,45,South Carolina,14,0.255528962291409
2023-07-08,29,Missouri,3,0.0480348463989717
2023-07-08,38,North Dakota,2,0.25107712084844
2023-07-08,31,Nebraska,1,0.0498637473104741
2023-07-08,55,Wisconsin,4,0.0671031165203679
2023-07-08,35,New Mexico,1,0.0469427148661945
2023-07-08,46,South Dakota,3,0.324440421383219
2023-07-08,54,West Virginia,0,0
2023-07-08,17,Illinois,11,0.0865449508967552
2023-07-08,30,Montana,0,0
2023-07-08,42,Pennsylvania,46,0.35171554225629
2023-07-08,44,Rhode Island,2,0.179806312640024
2023-07-08,27,Minnesota,1,0.0172617630715995
2023-07-08,01,Alabama,3,0.0581654726264561
2023-07-08,47,Tennessee,21,0.290546850679672
2023-07-08,05,Arkansas,4,0.129518831066646
2023-07-08,11,District of Columbia,2,0.284798860804557
2023-07-08,50,Vermont,0,0
2023-07-08,39,Ohio,37,0.311361217385333
2023-07-08,20,Kansas,1,0.0336631650242408
2023-07-08,15,Hawaii,8,0.553194490736067
2023-07-08,36,New York,23,0.115768424494424
2023-07-01,44,Rhode Island,1,0.0899031563200121
2023-07-01,51,Virginia,39,0.442618736732078
2023-07-01,09,Connecticut,6,0.163262240790581
2023-07-01,33,New Hampshire,1,0.0709707089689943
2023-07-01,30,Montana,1,0.0879327279458123
2023-07-01,39,Ohio,37,0.311361217385333
2023-07-01,US,US,836,0.245802114455649
2023-07-01,55,Wisconsin,5,0.0838788956504599
2023-07-01,10,Delaware,0,0
2023-07-01,29,Missouri,7,0.112081308264267
2023-07-01,13,Georgia,38,0.339865974747243
2023-07-01,46,South Dakota,2,0.21629361425548
2023-07-01,42,Pennsylvania,47,0.35936153230534
2023-07-01,37,North Carolina,17,0.153901530541668
2023-07-01,24,Maryland,0,0
2023-07-01,53,Washington,19,0.238748055459917
2023-07-01,41,Oregon,1,0.0234062069984091
2023-07-01,16,Idaho,7,0.349716904166078
2023-07-01,50,Vermont,1,0.154203669122103
2023-07-01,56,Wyoming,9,1.53160726866774
2023-07-01,28,Mississippi,15,0.509676202708419
2023-07-01,54,West Virginia,3,0.169493536363991
2023-07-01,48,Texas,87,0.278036719446665
2023-07-01,19,Iowa,2,0.0617000587384559
2023-07-01,04,Arizona,29,0.38246546204993
2023-07-01,32,Nevada,7,0.214233227145064
2023-07-01,38,North Dakota,1,0.12553856042422
2023-07-01,45,South Carolina,20,0.365041374702012
2023-07-01,21,Kentucky,5,0.108971112194042
2023-07-01,40,Oklahoma,13,0.317429853496356
2023-07-01,12,Florida,158,0.676016372431967
2023-07-01,34,New Jersey,6,0.0631522376258716
2023-07-01,47,Tennessee,24,0.332053543633911
2023-07-01,06,California,49,0.124266879303359
2023-07-01,01,Alabama,11,0.213273399630339
2023-07-01,18,Indiana,9,0.129977506670373
2023-07-01,05,Arkansas,6,0.194278246599969
2023-07-01,15,Hawaii,10,0.691493113420083
2023-07-01,31,Nebraska,1,0.0498637473104741
2023-07-01,26,Michigan,9,0.0887533789150965
2023-07-01,17,Illinois,8,0.0629417824703674
2023-07-01,25,Massachusetts,7,0.098091819828869
2023-07-01,49,Utah,3,0.085625895325768
2023-07-01,22,Louisiana,16,0.347997059424848
2023-07-01,72,Puerto Rico,52,1.62332847895682
2023-07-01,11,District of Columbia,1,0.142399430402278
2023-07-01,27,Minnesota,0,0
2023-07-01,20,Kansas,3,0.100989495072723
2023-07-01,02,Alaska,4,0.540443406793103
2023-07-01,36,New York,29,0.145968883058187
2023-07-01,23,Maine,2,0.142347538668709
2023-07-01,35,New Mexico,0,0
2023-07-01,08,Colorado,7,0.117499088962421
2023-06-24,09,Connecticut,6,0.163262240790581
2023-06-24,23,Maine,1,0.0711737693343544
2023-06-24,22,Louisiana,8,0.173998529712424
2023-06-24,27,Minnesota,2,0.0345235261431991
2023-06-24,10,Delaware,0,0
2023-06-24,39,Ohio,14,0.11781235252418
2023-06-24,18,Indiana,5,0.0722097259279852
2023-06-24,05,Arkansas,12,0.388556493199938
2023-06-24,11,District of Columbia,2,0.284798860804557
2023-06-24,35,New Mexico,1,0.0469427148661945
2023-06-24,72,Puerto Rico,58,1.81063561114415
2023-06-24,46,South Dakota,0,0
2023-06-24,29,Missouri,12,0.192139385595887
2023-06-24,30,Montana,1,0.0879327279458123
2023-06-24,17,Illinois,13,0.102280396514347
2023-06-24,19,Iowa,1,0.030850029369228
2023-06-24,20,Kansas,2,0.0673263300484817
2023-06-24,40,Oklahoma,9,0.219759129343631
2023-06-24,36,New York,36,0.181202751382577
2023-06-24,48,Texas,109,0.348344855398695
2023-06-24,41,Oregon,5,0.117031034992045
2023-06-24,34,New Jersey,12,0.126304475251743
2023-06-24,26,Michigan,14,0.138060811645706
2023-06-24,37,North Carolina,16,0.144848499333335
2023-06-24,02,Alaska,0,0
2023-06-24,33,New Hampshire,0,0
2023-06-24,45,South Carolina,23,0.419797580907314
2023-06-24,01,Alabama,11,0.213273399630339
2023-06-24,44,Rhode Island,0,0
2023-06-24,50,Vermont,0,0
2023-06-24,47,Tennessee,13,0.179862336135035
2023-06-24,38,North Dakota,1,0.12553856042422
2023-06-24,US,US,813,0.239039616091439
2023-06-24,04,Arizona,48,0.633046282013678
2023-06-24,51,Virginia,22,0.249682364310403
2023-06-24,16,Idaho,1,0.0499595577380111
2023-06-24,25,Massachusetts,4,0.0560524684736394
2023-06-24,54,West Virginia,2,0.112995690909327
2023-06-24,55,Wisconsin,1,0.016775779130092
2023-06-24,06,California,27,0.068473586554912
2023-06-24,31,Nebraska,1,0.0498637473104741
2023-06-24,28,Mississippi,13,0.44171937568063
2023-06-24,13,Georgia,38,0.339865974747243
2023-06-24,08,Colorado,3,0.0503567524124661
2023-06-24,21,Kentucky,6,0.13076533463285
2023-06-24,32,Nevada,8,0.244837973880073
2023-06-24,56,Wyoming,1,0.170178585407527
2023-06-24,24,Maryland,8,0.127729825872315
2023-06-24,53,Washington,17,0.213616681200978
2023-06-24,49,Utah,3,0.085625895325768
2023-06-24,15,Hawaii,9,0.622343802078075
2023-06-24,12,Florida,165,0.705966464881484
2023-06-24,42,Pennsylvania,49,0.37465351240344
2023-06-17,56,Wyoming,1,0.170178585407527
2023-06-17,47,Tennessee,31,0.428902493860468
2023-06-17,49,Utah,4,0.114167860434357
2023-06-17,24,Maryland,2,0.0319324564680787
2023-06-17,15,Hawaii,8,0.553194490736067
2023-06-17,40,Oklahoma,15,0.366265215572718
2023-06-17,55,Wisconsin,4,0.0671031165203679
2023-06-17,27,Minnesota,8,0.138094104572796
2023-06-17,21,Kentucky,8,0.174353779510467
2023-06-17,23,Maine,0,0
2023-06-17,39,Ohio,11,0.0925668484118558
2023-06-17,35,New Mexico,1,0.0469427148661945
2023-06-17,31,Nebraska,1,0.0498637473104741
2023-06-17,05,Arkansas,5,0.161898538833307
2023-06-17,44,Rhode Island,2,0.179806312640024
2023-06-17,26,Michigan,20,0.197229730922437
2023-06-17,50,Vermont,0,0
2023-06-17,01,Alabama,5,0.0969424543774268
2023-06-17,13,Georgia,41,0.366697499069393
2023-06-17,19,Iowa,2,0.0617000587384559
2023-06-17,20,Kansas,2,0.0673263300484817
2023-06-17,12,Florida,148,0.633230526075513
2023-06-17,04,Arizona,50,0.659423210430915
2023-06-17,51,Virginia,27,0.306428356199131
2023-06-17,US,US,873,0.256680916171988
2023-06-17,16,Idaho,6,0.299757346428067
2023-06-17,06,California,36,0.0912981154065494
2023-06-17,72,Puerto Rico,50,1.56089276822772
2023-06-17,34,New Jersey,9,0.0947283564388074
2023-06-17,37,North Carolina,18,0.162954561750002
2023-06-17,28,Mississippi,14,0.475697789194525
2023-06-17,38,North Dakota,2,0.25107712084844
2023-06-17,45,South Carolina,23,0.419797580907314
2023-06-17,10,Delaware,0,0
2023-06-17,42,Pennsylvania,56,0.428175442746788
2023-06-17,46,South Dakota,2,0.21629361425548
2023-06-17,11,District of Columbia,1,0.142399430402278
2023-06-17,41,Oregon,2,0.0468124139968182
2023-06-17,30,Montana,2,0.175865455891625
2023-06-17,36,New York,37,0.186236161143204
2023-06-17,08,Colorado,6,0.100713504824932
2023-06-17,54,West Virginia,6,0.338987072727982
2023-06-17,09,Connecticut,6,0.163262240790581
2023-06-17,29,Missouri,10,0.160116154663239
2023-06-17,17,Illinois,20,0.157354456175919
2023-06-17,18,Indiana,13,0.187745287412762
2023-06-17,25,Massachusetts,12,0.168157405420918
2023-06-17,48,Texas,100,0.319582436145592
2023-06-17,33,New Hampshire,2,0.141941417937989
2023-06-17,32,Nevada,8,0.244837973880073
2023-06-17,53,Washington,19,0.238748055459917
2023-06-17,22,Louisiana,10,0.21749816214053
2023-06-17,02,Alaska,6,0.810665110189655
